sample_id,registered_domain,transformation,clean_risk_score,perturbed_risk_score,clean_verdict,perturbed_verdict,clean_detected,evasion,verdict_changed,risk_score_change
P01001,edmatools.ca,benign_content_padding,99,99,PHISHING,PHISHING,True,False,False,0
P01001,edmatools.ca,visible_text_obfuscation,99,99,PHISHING,PHISHING,True,False,False,0
P01001,edmatools.ca,cosmetic_dom_addition,99,99,PHISHING,PHISHING,True,False,False,0
P01001,edmatools.ca,url_lexical_query_addition,99,99,PHISHING,PHISHING,True,False,False,0
P01011,judicialvengeful.co.za,benign_content_padding,99,99,PHISHING,PHISHING,True,False,False,0
P01011,judicialvengeful.co.za,visible_text_obfuscation,99,99,PHISHING,PHISHING,True,False,False,0
P01011,judicialvengeful.co.za,cosmetic_dom_addition,99,99,PHISHING,PHISHING,True,False,False,0
P01011,judicialvengeful.co.za,url_lexical_query_addition,99,99,PHISHING,PHISHING,True,False,False,0
P01035,cloudaccess.host,benign_content_padding,96,96,PHISHING,PHISHING,True,False,False,0
P01035,cloudaccess.host,visible_text_obfuscation,96,38,PHISHING,SUSPICIOUS,True,True,True,-58
P01035,cloudaccess.host,cosmetic_dom_addition,96,96,PHISHING,PHISHING,True,False,False,0
P01035,cloudaccess.host,url_lexical_query_addition,96,92,PHISHING,PHISHING,True,False,False,-4
P01037,creativewellnessconcepts.co.za,benign_content_padding,98,98,PHISHING,PHISHING,True,False,False,0
P01037,creativewellnessconcepts.co.za,visible_text_obfuscation,98,46,PHISHING,SUSPICIOUS,True,True,True,-52
P01037,creativewellnessconcepts.co.za,cosmetic_dom_addition,98,98,PHISHING,PHISHING,True,False,False,0
P01037,creativewellnessconcepts.co.za,url_lexical_query_addition,98,98,PHISHING,PHISHING,True,False,False,0
P01044,theworkingrealtor.com,benign_content_padding,97,97,PHISHING,PHISHING,True,False,False,0
P01044,theworkingrealtor.com,visible_text_obfuscation,97,97,PHISHING,PHISHING,True,False,False,0
P01044,theworkingrealtor.com,cosmetic_dom_addition,97,97,PHISHING,PHISHING,True,False,False,0
P01044,theworkingrealtor.com,url_lexical_query_addition,97,98,PHISHING,PHISHING,True,False,False,1
P01046,marceloallel.cl,benign_content_padding,82,75,PHISHING,PHISHING,True,False,False,-7
P01046,marceloallel.cl,visible_text_obfuscation,82,50,PHISHING,SUSPICIOUS,True,True,True,-32
P01046,marceloallel.cl,cosmetic_dom_addition,82,82,PHISHING,PHISHING,True,False,False,0
P01046,marceloallel.cl,url_lexical_query_addition,82,84,PHISHING,PHISHING,True,False,False,2
P01050,belortoscana.it,benign_content_padding,92,92,PHISHING,PHISHING,True,False,False,0
P01050,belortoscana.it,visible_text_obfuscation,92,92,PHISHING,PHISHING,True,False,False,0
P01050,belortoscana.it,cosmetic_dom_addition,92,92,PHISHING,PHISHING,True,False,False,0
P01050,belortoscana.it,url_lexical_query_addition,92,77,PHISHING,PHISHING,True,False,False,-15
P01057,statewidelegal.com.au,benign_content_padding,99,99,PHISHING,PHISHING,True,False,False,0
P01057,statewidelegal.com.au,visible_text_obfuscation,99,99,PHISHING,PHISHING,True,False,False,0
P01057,statewidelegal.com.au,cosmetic_dom_addition,99,99,PHISHING,PHISHING,True,False,False,0
P01057,statewidelegal.com.au,url_lexical_query_addition,99,99,PHISHING,PHISHING,True,False,False,0
P01058,mamabearhikes.com.au,benign_content_padding,99,99,PHISHING,PHISHING,True,False,False,0
P01058,mamabearhikes.com.au,visible_text_obfuscation,99,99,PHISHING,PHISHING,True,False,False,0
P01058,mamabearhikes.com.au,cosmetic_dom_addition,99,99,PHISHING,PHISHING,True,False,False,0
P01058,mamabearhikes.com.au,url_lexical_query_addition,99,99,PHISHING,PHISHING,True,False,False,0
P01093,avcde.com,benign_content_padding,85,82,PHISHING,PHISHING,True,False,False,-3
P01093,avcde.com,visible_text_obfuscation,85,15,PHISHING,SUSPICIOUS,True,True,True,-70
P01093,avcde.com,cosmetic_dom_addition,85,85,PHISHING,PHISHING,True,False,False,0
P01093,avcde.com,url_lexical_query_addition,85,94,PHISHING,PHISHING,True,False,False,9
P01099,clienteapp.info,benign_content_padding,99,99,PHISHING,PHISHING,True,False,False,0
P01099,clienteapp.info,visible_text_obfuscation,99,99,PHISHING,PHISHING,True,False,False,0
P01099,clienteapp.info,cosmetic_dom_addition,99,99,PHISHING,PHISHING,True,False,False,0
P01099,clienteapp.info,url_lexical_query_addition,99,99,PHISHING,PHISHING,True,False,False,0
P01100,anaskinclinic.com.br,benign_content_padding,62,51,PHISHING,SUSPICIOUS,True,True,True,-11
P01100,anaskinclinic.com.br,visible_text_obfuscation,62,51,PHISHING,SUSPICIOUS,True,True,True,-11
P01100,anaskinclinic.com.br,cosmetic_dom_addition,62,62,PHISHING,PHISHING,True,False,False,0
P01100,anaskinclinic.com.br,url_lexical_query_addition,62,55,PHISHING,SUSPICIOUS,True,True,True,-7
P01102,contactocenit.com,benign_content_padding,99,99,PHISHING,PHISHING,True,False,False,0
P01102,contactocenit.com,visible_text_obfuscation,99,99,PHISHING,PHISHING,True,False,False,0
P01102,contactocenit.com,cosmetic_dom_addition,99,99,PHISHING,PHISHING,True,False,False,0
P01102,contactocenit.com,url_lexical_query_addition,99,99,PHISHING,PHISHING,True,False,False,0
P01119,http://111.93.57.251/var/profiles/1/stdd.htm,benign_content_padding,99,99,PHISHING,PHISHING,True,False,False,0
P01119,http://111.93.57.251/var/profiles/1/stdd.htm,visible_text_obfuscation,99,99,PHISHING,PHISHING,True,False,False,0
P01119,http://111.93.57.251/var/profiles/1/stdd.htm,cosmetic_dom_addition,99,99,PHISHING,PHISHING,True,False,False,0
P01119,http://111.93.57.251/var/profiles/1/stdd.htm,url_lexical_query_addition,99,99,PHISHING,PHISHING,True,False,False,0
P01120,loterianacionalplus.es,benign_content_padding,99,99,PHISHING,PHISHING,True,False,False,0
P01120,loterianacionalplus.es,visible_text_obfuscation,99,99,PHISHING,PHISHING,True,False,False,0
P01120,loterianacionalplus.es,cosmetic_dom_addition,99,99,PHISHING,PHISHING,True,False,False,0
P01120,loterianacionalplus.es,url_lexical_query_addition,99,99,PHISHING,PHISHING,True,False,False,0
P01126,primelifespace.com,benign_content_padding,4,4,SAFE,SAFE,False,False,False,0
P01126,primelifespace.com,visible_text_obfuscation,4,2,SAFE,SAFE,False,False,False,-2
P01126,primelifespace.com,cosmetic_dom_addition,4,4,SAFE,SAFE,False,False,False,0
P01126,primelifespace.com,url_lexical_query_addition,4,4,SAFE,SAFE,False,False,False,0
P01127,david-p19.ovh,benign_content_padding,99,99,PHISHING,PHISHING,True,False,False,0
P01127,david-p19.ovh,visible_text_obfuscation,99,98,PHISHING,PHISHING,True,False,False,-1
P01127,david-p19.ovh,cosmetic_dom_addition,99,99,PHISHING,PHISHING,True,False,False,0
P01127,david-p19.ovh,url_lexical_query_addition,99,99,PHISHING,PHISHING,True,False,False,0
P01147,farmmerstor.xyz,benign_content_padding,98,98,PHISHING,PHISHING,True,False,False,0
P01147,farmmerstor.xyz,visible_text_obfuscation,98,98,PHISHING,PHISHING,True,False,False,0
P01147,farmmerstor.xyz,cosmetic_dom_addition,98,98,PHISHING,PHISHING,True,False,False,0
P01147,farmmerstor.xyz,url_lexical_query_addition,98,97,PHISHING,PHISHING,True,False,False,-1
P01160,confirmingbancoestado.cl,benign_content_padding,20,14,SUSPICIOUS,SAFE,False,False,True,-6
P01160,confirmingbancoestado.cl,visible_text_obfuscation,20,3,SUSPICIOUS,SAFE,False,False,True,-17
P01160,confirmingbancoestado.cl,cosmetic_dom_addition,20,20,SUSPICIOUS,SUSPICIOUS,False,False,False,0
P01160,confirmingbancoestado.cl,url_lexical_query_addition,20,22,SUSPICIOUS,SUSPICIOUS,False,False,False,2
P01169,partaleplerininz.org,benign_content_padding,71,62,PHISHING,PHISHING,True,False,False,-9
P01169,partaleplerininz.org,visible_text_obfuscation,71,72,PHISHING,PHISHING,True,False,False,1
P01169,partaleplerininz.org,cosmetic_dom_addition,71,71,PHISHING,PHISHING,True,False,False,0
P01169,partaleplerininz.org,url_lexical_query_addition,71,58,PHISHING,PHISHING,True,False,False,-13
P01170,equipo-soporte.ml,benign_content_padding,99,99,PHISHING,PHISHING,True,False,False,0
P01170,equipo-soporte.ml,visible_text_obfuscation,99,99,PHISHING,PHISHING,True,False,False,0
P01170,equipo-soporte.ml,cosmetic_dom_addition,99,99,PHISHING,PHISHING,True,False,False,0
P01170,equipo-soporte.ml,url_lexical_query_addition,99,99,PHISHING,PHISHING,True,False,False,0
P01171,page.link,benign_content_padding,98,98,PHISHING,PHISHING,True,False,False,0
P01171,page.link,visible_text_obfuscation,98,98,PHISHING,PHISHING,True,False,False,0
P01171,page.link,cosmetic_dom_addition,98,98,PHISHING,PHISHING,True,False,False,0
P01171,page.link,url_lexical_query_addition,98,97,PHISHING,PHISHING,True,False,False,-1
P01180,caminatabiblica.com,benign_content_padding,84,84,PHISHING,PHISHING,True,False,False,0
P01180,caminatabiblica.com,visible_text_obfuscation,84,91,PHISHING,PHISHING,True,False,False,7
P01180,caminatabiblica.com,cosmetic_dom_addition,84,84,PHISHING,PHISHING,True,False,False,0
P01180,caminatabiblica.com,url_lexical_query_addition,84,84,PHISHING,PHISHING,True,False,False,0
P01214,pp.ru,benign_content_padding,99,99,PHISHING,PHISHING,True,False,False,0
P01214,pp.ru,visible_text_obfuscation,99,99,PHISHING,PHISHING,True,False,False,0
P01214,pp.ru,cosmetic_dom_addition,99,99,PHISHING,PHISHING,True,False,False,0
P01214,pp.ru,url_lexical_query_addition,99,99,PHISHING,PHISHING,True,False,False,0
P01228,n26-onlinebanking.com,benign_content_padding,98,98,PHISHING,PHISHING,True,False,False,0
P01228,n26-onlinebanking.com,visible_text_obfuscation,98,98,PHISHING,PHISHING,True,False,False,0
P01228,n26-onlinebanking.com,cosmetic_dom_addition,98,98,PHISHING,PHISHING,True,False,False,0
P01228,n26-onlinebanking.com,url_lexical_query_addition,98,97,PHISHING,PHISHING,True,False,False,-1
P01234,yesnews.it,benign_content_padding,98,98,PHISHING,PHISHING,True,False,False,0
P01234,yesnews.it,visible_text_obfuscation,98,98,PHISHING,PHISHING,True,False,False,0
P01234,yesnews.it,cosmetic_dom_addition,98,98,PHISHING,PHISHING,True,False,False,0
P01234,yesnews.it,url_lexical_query_addition,98,98,PHISHING,PHISHING,True,False,False,0
P01246,longi.com.mx,benign_content_padding,98,98,PHISHING,PHISHING,True,False,False,0
P01246,longi.com.mx,visible_text_obfuscation,98,98,PHISHING,PHISHING,True,False,False,0
P01246,longi.com.mx,cosmetic_dom_addition,98,98,PHISHING,PHISHING,True,False,False,0
P01246,longi.com.mx,url_lexical_query_addition,98,98,PHISHING,PHISHING,True,False,False,0
P01252,regruhosting.ru,benign_content_padding,98,98,PHISHING,PHISHING,True,False,False,0
P01252,regruhosting.ru,visible_text_obfuscation,98,97,PHISHING,PHISHING,True,False,False,-1
P01252,regruhosting.ru,cosmetic_dom_addition,98,98,PHISHING,PHISHING,True,False,False,0
P01252,regruhosting.ru,url_lexical_query_addition,98,98,PHISHING,PHISHING,True,False,False,0
P01261,bellmobilie.com,benign_content_padding,99,99,PHISHING,PHISHING,True,False,False,0
P01261,bellmobilie.com,visible_text_obfuscation,99,99,PHISHING,PHISHING,True,False,False,0
P01261,bellmobilie.com,cosmetic_dom_addition,99,99,PHISHING,PHISHING,True,False,False,0
P01261,bellmobilie.com,url_lexical_query_addition,99,99,PHISHING,PHISHING,True,False,False,0
P01268,zekibilardo.com,benign_content_padding,97,97,PHISHING,PHISHING,True,False,False,0
P01268,zekibilardo.com,visible_text_obfuscation,97,92,PHISHING,PHISHING,True,False,False,-5
P01268,zekibilardo.com,cosmetic_dom_addition,97,97,PHISHING,PHISHING,True,False,False,0
P01268,zekibilardo.com,url_lexical_query_addition,97,97,PHISHING,PHISHING,True,False,False,0
P01269,expeditor.cl,benign_content_padding,99,99,PHISHING,PHISHING,True,False,False,0
P01269,expeditor.cl,visible_text_obfuscation,99,99,PHISHING,PHISHING,True,False,False,0
P01269,expeditor.cl,cosmetic_dom_addition,99,99,PHISHING,PHISHING,True,False,False,0
P01269,expeditor.cl,url_lexical_query_addition,99,99,PHISHING,PHISHING,True,False,False,0
P01272,clienteapp.info,benign_content_padding,99,99,PHISHING,PHISHING,True,False,False,0
P01272,clienteapp.info,visible_text_obfuscation,99,99,PHISHING,PHISHING,True,False,False,0
P01272,clienteapp.info,cosmetic_dom_addition,99,99,PHISHING,PHISHING,True,False,False,0
P01272,clienteapp.info,url_lexical_query_addition,99,99,PHISHING,PHISHING,True,False,False,0
P01276,regruhosting.ru,benign_content_padding,43,43,SUSPICIOUS,SUSPICIOUS,False,False,False,0
P01276,regruhosting.ru,visible_text_obfuscation,43,40,SUSPICIOUS,SUSPICIOUS,False,False,False,-3
P01276,regruhosting.ru,cosmetic_dom_addition,43,43,SUSPICIOUS,SUSPICIOUS,False,False,False,0
P01276,regruhosting.ru,url_lexical_query_addition,43,43,SUSPICIOUS,SUSPICIOUS,False,False,False,0
P01285,china-packmachine.com,benign_content_padding,96,96,PHISHING,PHISHING,True,False,False,0
P01285,china-packmachine.com,visible_text_obfuscation,96,96,PHISHING,PHISHING,True,False,False,0
P01285,china-packmachine.com,cosmetic_dom_addition,96,96,PHISHING,PHISHING,True,False,False,0
P01285,china-packmachine.com,url_lexical_query_addition,96,89,PHISHING,PHISHING,True,False,False,-7
P01302,graynhub.com,benign_content_padding,98,98,PHISHING,PHISHING,True,False,False,0
P01302,graynhub.com,visible_text_obfuscation,98,94,PHISHING,PHISHING,True,False,False,-4
P01302,graynhub.com,cosmetic_dom_addition,98,98,PHISHING,PHISHING,True,False,False,0
P01302,graynhub.com,url_lexical_query_addition,98,98,PHISHING,PHISHING,True,False,False,0
P01312,gruposcherman.com.br,benign_content_padding,97,97,PHISHING,PHISHING,True,False,False,0
P01312,gruposcherman.com.br,visible_text_obfuscation,97,97,PHISHING,PHISHING,True,False,False,0
P01312,gruposcherman.com.br,cosmetic_dom_addition,97,97,PHISHING,PHISHING,True,False,False,0
P01312,gruposcherman.com.br,url_lexical_query_addition,97,96,PHISHING,PHISHING,True,False,False,-1
P01319,leclosdeceline.com,benign_content_padding,71,72,PHISHING,PHISHING,True,False,False,1
P01319,leclosdeceline.com,visible_text_obfuscation,71,66,PHISHING,PHISHING,True,False,False,-5
P01319,leclosdeceline.com,cosmetic_dom_addition,71,71,PHISHING,PHISHING,True,False,False,0
P01319,leclosdeceline.com,url_lexical_query_addition,71,71,PHISHING,PHISHING,True,False,False,0
P01333,amazonleaps.net,benign_content_padding,95,98,PHISHING,PHISHING,True,False,False,3
P01333,amazonleaps.net,visible_text_obfuscation,95,99,PHISHING,PHISHING,True,False,False,4
P01333,amazonleaps.net,cosmetic_dom_addition,95,95,PHISHING,PHISHING,True,False,False,0
P01333,amazonleaps.net,url_lexical_query_addition,95,95,PHISHING,PHISHING,True,False,False,0
P01334,updateok.bid,benign_content_padding,98,98,PHISHING,PHISHING,True,False,False,0
P01334,updateok.bid,visible_text_obfuscation,98,97,PHISHING,PHISHING,True,False,False,-1
P01334,updateok.bid,cosmetic_dom_addition,98,98,PHISHING,PHISHING,True,False,False,0
P01334,updateok.bid,url_lexical_query_addition,98,96,PHISHING,PHISHING,True,False,False,-2
P01336,039574501.com,benign_content_padding,99,99,PHISHING,PHISHING,True,False,False,0
P01336,039574501.com,visible_text_obfuscation,99,99,PHISHING,PHISHING,True,False,False,0
P01336,039574501.com,cosmetic_dom_addition,99,99,PHISHING,PHISHING,True,False,False,0
P01336,039574501.com,url_lexical_query_addition,99,97,PHISHING,PHISHING,True,False,False,-2
P01352,institutosummerhill.com.mx,benign_content_padding,99,99,PHISHING,PHISHING,True,False,False,0
P01352,institutosummerhill.com.mx,visible_text_obfuscation,99,98,PHISHING,PHISHING,True,False,False,-1
P01352,institutosummerhill.com.mx,cosmetic_dom_addition,99,99,PHISHING,PHISHING,True,False,False,0
P01352,institutosummerhill.com.mx,url_lexical_query_addition,99,99,PHISHING,PHISHING,True,False,False,0
P01353,app-updaten.top,benign_content_padding,99,99,PHISHING,PHISHING,True,False,False,0
P01353,app-updaten.top,visible_text_obfuscation,99,99,PHISHING,PHISHING,True,False,False,0
P01353,app-updaten.top,cosmetic_dom_addition,99,99,PHISHING,PHISHING,True,False,False,0
P01353,app-updaten.top,url_lexical_query_addition,99,99,PHISHING,PHISHING,True,False,False,0
P01355,medpsych.net,benign_content_padding,99,99,PHISHING,PHISHING,True,False,False,0
P01355,medpsych.net,visible_text_obfuscation,99,99,PHISHING,PHISHING,True,False,False,0
P01355,medpsych.net,cosmetic_dom_addition,99,99,PHISHING,PHISHING,True,False,False,0
P01355,medpsych.net,url_lexical_query_addition,99,99,PHISHING,PHISHING,True,False,False,0
P01361,napau.cf,benign_content_padding,99,99,PHISHING,PHISHING,True,False,False,0
P01361,napau.cf,visible_text_obfuscation,99,98,PHISHING,PHISHING,True,False,False,-1
P01361,napau.cf,cosmetic_dom_addition,99,99,PHISHING,PHISHING,True,False,False,0
P01361,napau.cf,url_lexical_query_addition,99,99,PHISHING,PHISHING,True,False,False,0
P01370,vahapavsar.com,benign_content_padding,99,99,PHISHING,PHISHING,True,False,False,0
P01370,vahapavsar.com,visible_text_obfuscation,99,99,PHISHING,PHISHING,True,False,False,0
P01370,vahapavsar.com,cosmetic_dom_addition,99,99,PHISHING,PHISHING,True,False,False,0
P01370,vahapavsar.com,url_lexical_query_addition,99,99,PHISHING,PHISHING,True,False,False,0
P01395,afakot4you.co.il,benign_content_padding,99,99,PHISHING,PHISHING,True,False,False,0
P01395,afakot4you.co.il,visible_text_obfuscation,99,99,PHISHING,PHISHING,True,False,False,0
P01395,afakot4you.co.il,cosmetic_dom_addition,99,99,PHISHING,PHISHING,True,False,False,0
P01395,afakot4you.co.il,url_lexical_query_addition,99,99,PHISHING,PHISHING,True,False,False,0
P01401,lanubegeek.com,benign_content_padding,98,99,PHISHING,PHISHING,True,False,False,1
P01401,lanubegeek.com,visible_text_obfuscation,98,98,PHISHING,PHISHING,True,False,False,0
P01401,lanubegeek.com,cosmetic_dom_addition,98,98,PHISHING,PHISHING,True,False,False,0
P01401,lanubegeek.com,url_lexical_query_addition,98,98,PHISHING,PHISHING,True,False,False,0
P01402,caminatabiblica.com,benign_content_padding,87,87,PHISHING,PHISHING,True,False,False,0
P01402,caminatabiblica.com,visible_text_obfuscation,87,90,PHISHING,PHISHING,True,False,False,3
P01402,caminatabiblica.com,cosmetic_dom_addition,87,87,PHISHING,PHISHING,True,False,False,0
P01402,caminatabiblica.com,url_lexical_query_addition,87,87,PHISHING,PHISHING,True,False,False,0
P01404,checkpoint7.tk,benign_content_padding,99,99,PHISHING,PHISHING,True,False,False,0
P01404,checkpoint7.tk,visible_text_obfuscation,99,96,PHISHING,PHISHING,True,False,False,-3
P01404,checkpoint7.tk,cosmetic_dom_addition,99,99,PHISHING,PHISHING,True,False,False,0
P01404,checkpoint7.tk,url_lexical_query_addition,99,99,PHISHING,PHISHING,True,False,False,0
P01420,posb-online.com,benign_content_padding,90,90,PHISHING,PHISHING,True,False,False,0
P01420,posb-online.com,visible_text_obfuscation,90,90,PHISHING,PHISHING,True,False,False,0
P01420,posb-online.com,cosmetic_dom_addition,90,90,PHISHING,PHISHING,True,False,False,0
P01420,posb-online.com,url_lexical_query_addition,90,86,PHISHING,PHISHING,True,False,False,-4
P01421,agip.net.pe,benign_content_padding,99,99,PHISHING,PHISHING,True,False,False,0
P01421,agip.net.pe,visible_text_obfuscation,99,99,PHISHING,PHISHING,True,False,False,0
P01421,agip.net.pe,cosmetic_dom_addition,99,99,PHISHING,PHISHING,True,False,False,0
P01421,agip.net.pe,url_lexical_query_addition,99,99,PHISHING,PHISHING,True,False,False,0
P01427,aggiornawebinfoprofilo.net,benign_content_padding,25,25,SUSPICIOUS,SUSPICIOUS,False,False,False,0
P01427,aggiornawebinfoprofilo.net,visible_text_obfuscation,25,22,SUSPICIOUS,SUSPICIOUS,False,False,False,-3
P01427,aggiornawebinfoprofilo.net,cosmetic_dom_addition,25,25,SUSPICIOUS,SUSPICIOUS,False,False,False,0
P01427,aggiornawebinfoprofilo.net,url_lexical_query_addition,25,13,SUSPICIOUS,SAFE,False,False,True,-12
P01433,azurewebsites.net,benign_content_padding,65,72,PHISHING,PHISHING,True,False,False,7
P01433,azurewebsites.net,visible_text_obfuscation,65,49,PHISHING,SUSPICIOUS,True,True,True,-16
P01433,azurewebsites.net,cosmetic_dom_addition,65,65,PHISHING,PHISHING,True,False,False,0
P01433,azurewebsites.net,url_lexical_query_addition,65,63,PHISHING,PHISHING,True,False,False,-2
P01435,duckdns.org,benign_content_padding,99,99,PHISHING,PHISHING,True,False,False,0
P01435,duckdns.org,visible_text_obfuscation,99,99,PHISHING,PHISHING,True,False,False,0
P01435,duckdns.org,cosmetic_dom_addition,99,99,PHISHING,PHISHING,True,False,False,0
P01435,duckdns.org,url_lexical_query_addition,99,98,PHISHING,PHISHING,True,False,False,-1
P01445,travelnetdeals.com,benign_content_padding,88,88,PHISHING,PHISHING,True,False,False,0
P01445,travelnetdeals.com,visible_text_obfuscation,88,87,PHISHING,PHISHING,True,False,False,-1
P01445,travelnetdeals.com,cosmetic_dom_addition,88,88,PHISHING,PHISHING,True,False,False,0
P01445,travelnetdeals.com,url_lexical_query_addition,88,75,PHISHING,PHISHING,True,False,False,-13
P01449,solidnemeble.net,benign_content_padding,97,97,PHISHING,PHISHING,True,False,False,0
P01449,solidnemeble.net,visible_text_obfuscation,97,97,PHISHING,PHISHING,True,False,False,0
P01449,solidnemeble.net,cosmetic_dom_addition,97,97,PHISHING,PHISHING,True,False,False,0
P01449,solidnemeble.net,url_lexical_query_addition,97,92,PHISHING,PHISHING,True,False,False,-5
P01453,urlz.fr,benign_content_padding,96,96,PHISHING,PHISHING,True,False,False,0
P01453,urlz.fr,visible_text_obfuscation,96,96,PHISHING,PHISHING,True,False,False,0
P01453,urlz.fr,cosmetic_dom_addition,96,96,PHISHING,PHISHING,True,False,False,0
P01453,urlz.fr,url_lexical_query_addition,96,94,PHISHING,PHISHING,True,False,False,-2
P01454,missionalcanadian.com,benign_content_padding,99,99,PHISHING,PHISHING,True,False,False,0
P01454,missionalcanadian.com,visible_text_obfuscation,99,99,PHISHING,PHISHING,True,False,False,0
P01454,missionalcanadian.com,cosmetic_dom_addition,99,99,PHISHING,PHISHING,True,False,False,0
P01454,missionalcanadian.com,url_lexical_query_addition,99,99,PHISHING,PHISHING,True,False,False,0
P01455,cepazio.com,benign_content_padding,98,98,PHISHING,PHISHING,True,False,False,0
P01455,cepazio.com,visible_text_obfuscation,98,98,PHISHING,PHISHING,True,False,False,0
P01455,cepazio.com,cosmetic_dom_addition,98,98,PHISHING,PHISHING,True,False,False,0
P01455,cepazio.com,url_lexical_query_addition,98,98,PHISHING,PHISHING,True,False,False,0
P01459,confirmsubscription.com,benign_content_padding,99,99,PHISHING,PHISHING,True,False,False,0
P01459,confirmsubscription.com,visible_text_obfuscation,99,99,PHISHING,PHISHING,True,False,False,0
P01459,confirmsubscription.com,cosmetic_dom_addition,99,99,PHISHING,PHISHING,True,False,False,0
P01459,confirmsubscription.com,url_lexical_query_addition,99,99,PHISHING,PHISHING,True,False,False,0
P01461,burkesobservatory.com,benign_content_padding,97,96,PHISHING,PHISHING,True,False,False,-1
P01461,burkesobservatory.com,visible_text_obfuscation,97,97,PHISHING,PHISHING,True,False,False,0
P01461,burkesobservatory.com,cosmetic_dom_addition,97,97,PHISHING,PHISHING,True,False,False,0
P01461,burkesobservatory.com,url_lexical_query_addition,97,94,PHISHING,PHISHING,True,False,False,-3
P01467,daanyaal.xyz,benign_content_padding,99,99,PHISHING,PHISHING,True,False,False,0
P01467,daanyaal.xyz,visible_text_obfuscation,99,99,PHISHING,PHISHING,True,False,False,0
P01467,daanyaal.xyz,cosmetic_dom_addition,99,99,PHISHING,PHISHING,True,False,False,0
P01467,daanyaal.xyz,url_lexical_query_addition,99,99,PHISHING,PHISHING,True,False,False,0
P01476,kaliachakcollege.edu.in,benign_content_padding,99,99,PHISHING,PHISHING,True,False,False,0
P01476,kaliachakcollege.edu.in,visible_text_obfuscation,99,99,PHISHING,PHISHING,True,False,False,0
P01476,kaliachakcollege.edu.in,cosmetic_dom_addition,99,99,PHISHING,PHISHING,True,False,False,0
P01476,kaliachakcollege.edu.in,url_lexical_query_addition,99,99,PHISHING,PHISHING,True,False,False,0
P01478,themenkreuzfahrten.net,benign_content_padding,81,59,PHISHING,PHISHING,True,False,False,-22
P01478,themenkreuzfahrten.net,visible_text_obfuscation,81,61,PHISHING,PHISHING,True,False,False,-20
P01478,themenkreuzfahrten.net,cosmetic_dom_addition,81,81,PHISHING,PHISHING,True,False,False,0
P01478,themenkreuzfahrten.net,url_lexical_query_addition,81,82,PHISHING,PHISHING,True,False,False,1
P01479,au-validation.co,benign_content_padding,99,99,PHISHING,PHISHING,True,False,False,0
P01479,au-validation.co,visible_text_obfuscation,99,99,PHISHING,PHISHING,True,False,False,0
P01479,au-validation.co,cosmetic_dom_addition,99,99,PHISHING,PHISHING,True,False,False,0
P01479,au-validation.co,url_lexical_query_addition,99,98,PHISHING,PHISHING,True,False,False,-1
P01497,secureserver.net,benign_content_padding,90,88,PHISHING,PHISHING,True,False,False,-2
P01497,secureserver.net,visible_text_obfuscation,90,59,PHISHING,PHISHING,True,False,False,-31
P01497,secureserver.net,cosmetic_dom_addition,90,90,PHISHING,PHISHING,True,False,False,0
P01497,secureserver.net,url_lexical_query_addition,90,90,PHISHING,PHISHING,True,False,False,0
P01512,chirpme.net,benign_content_padding,99,99,PHISHING,PHISHING,True,False,False,0
P01512,chirpme.net,visible_text_obfuscation,99,99,PHISHING,PHISHING,True,False,False,0
P01512,chirpme.net,cosmetic_dom_addition,99,99,PHISHING,PHISHING,True,False,False,0
P01512,chirpme.net,url_lexical_query_addition,99,99,PHISHING,PHISHING,True,False,False,0
P01518,xiaofangzhongkong.com,benign_content_padding,76,80,PHISHING,PHISHING,True,False,False,4
P01518,xiaofangzhongkong.com,visible_text_obfuscation,76,76,PHISHING,PHISHING,True,False,False,0
P01518,xiaofangzhongkong.com,cosmetic_dom_addition,76,76,PHISHING,PHISHING,True,False,False,0
P01518,xiaofangzhongkong.com,url_lexical_query_addition,76,52,PHISHING,SUSPICIOUS,True,True,True,-24
P01520,web-moose.com,benign_content_padding,96,96,PHISHING,PHISHING,True,False,False,0
P01520,web-moose.com,visible_text_obfuscation,96,85,PHISHING,PHISHING,True,False,False,-11
P01520,web-moose.com,cosmetic_dom_addition,96,96,PHISHING,PHISHING,True,False,False,0
P01520,web-moose.com,url_lexical_query_addition,96,98,PHISHING,PHISHING,True,False,False,2
P01525,smsi.ie,benign_content_padding,99,99,PHISHING,PHISHING,True,False,False,0
P01525,smsi.ie,visible_text_obfuscation,99,99,PHISHING,PHISHING,True,False,False,0
P01525,smsi.ie,cosmetic_dom_addition,99,99,PHISHING,PHISHING,True,False,False,0
P01525,smsi.ie,url_lexical_query_addition,99,99,PHISHING,PHISHING,True,False,False,0
P01537,support-management.xyz,benign_content_padding,99,99,PHISHING,PHISHING,True,False,False,0
P01537,support-management.xyz,visible_text_obfuscation,99,99,PHISHING,PHISHING,True,False,False,0
P01537,support-management.xyz,cosmetic_dom_addition,99,99,PHISHING,PHISHING,True,False,False,0
P01537,support-management.xyz,url_lexical_query_addition,99,99,PHISHING,PHISHING,True,False,False,0
P01545,http://178.128.23.48/onlina/desjardins/1a8f149d1242e38d519c28616802233c/questions.php,benign_content_padding,57,57,PHISHING,PHISHING,True,False,False,0
P01545,http://178.128.23.48/onlina/desjardins/1a8f149d1242e38d519c28616802233c/questions.php,visible_text_obfuscation,57,56,PHISHING,SUSPICIOUS,True,True,True,-1
P01545,http://178.128.23.48/onlina/desjardins/1a8f149d1242e38d519c28616802233c/questions.php,cosmetic_dom_addition,57,57,PHISHING,PHISHING,True,False,False,0
P01545,http://178.128.23.48/onlina/desjardins/1a8f149d1242e38d519c28616802233c/questions.php,url_lexical_query_addition,57,57,PHISHING,PHISHING,True,False,False,0
P01547,enquest.co.in,benign_content_padding,99,99,PHISHING,PHISHING,True,False,False,0
P01547,enquest.co.in,visible_text_obfuscation,99,99,PHISHING,PHISHING,True,False,False,0
P01547,enquest.co.in,cosmetic_dom_addition,99,99,PHISHING,PHISHING,True,False,False,0
P01547,enquest.co.in,url_lexical_query_addition,99,99,PHISHING,PHISHING,True,False,False,0
P01569,hola-tlalnepantla.com,benign_content_padding,99,99,PHISHING,PHISHING,True,False,False,0
P01569,hola-tlalnepantla.com,visible_text_obfuscation,99,99,PHISHING,PHISHING,True,False,False,0
P01569,hola-tlalnepantla.com,cosmetic_dom_addition,99,99,PHISHING,PHISHING,True,False,False,0
P01569,hola-tlalnepantla.com,url_lexical_query_addition,99,99,PHISHING,PHISHING,True,False,False,0
P01573,dem1netsolution.biz,benign_content_padding,99,99,PHISHING,PHISHING,True,False,False,0
P01573,dem1netsolution.biz,visible_text_obfuscation,99,99,PHISHING,PHISHING,True,False,False,0
P01573,dem1netsolution.biz,cosmetic_dom_addition,99,99,PHISHING,PHISHING,True,False,False,0
P01573,dem1netsolution.biz,url_lexical_query_addition,99,99,PHISHING,PHISHING,True,False,False,0
P01588,verified-instagram.my.id,benign_content_padding,99,99,PHISHING,PHISHING,True,False,False,0
P01588,verified-instagram.my.id,visible_text_obfuscation,99,99,PHISHING,PHISHING,True,False,False,0
P01588,verified-instagram.my.id,cosmetic_dom_addition,99,99,PHISHING,PHISHING,True,False,False,0
P01588,verified-instagram.my.id,url_lexical_query_addition,99,99,PHISHING,PHISHING,True,False,False,0
P01589,hizmetgirisi-turkeygovtr.com,benign_content_padding,97,97,PHISHING,PHISHING,True,False,False,0
P01589,hizmetgirisi-turkeygovtr.com,visible_text_obfuscation,97,97,PHISHING,PHISHING,True,False,False,0
P01589,hizmetgirisi-turkeygovtr.com,cosmetic_dom_addition,97,97,PHISHING,PHISHING,True,False,False,0
P01589,hizmetgirisi-turkeygovtr.com,url_lexical_query_addition,97,97,PHISHING,PHISHING,True,False,False,0
P01592,naturallylivingketo.com,benign_content_padding,82,81,PHISHING,PHISHING,True,False,False,-1
P01592,naturallylivingketo.com,visible_text_obfuscation,82,67,PHISHING,PHISHING,True,False,False,-15
P01592,naturallylivingketo.com,cosmetic_dom_addition,82,82,PHISHING,PHISHING,True,False,False,0
P01592,naturallylivingketo.com,url_lexical_query_addition,82,82,PHISHING,PHISHING,True,False,False,0
P01606,litografiafabbri.com,benign_content_padding,81,81,PHISHING,PHISHING,True,False,False,0
P01606,litografiafabbri.com,visible_text_obfuscation,81,15,PHISHING,SUSPICIOUS,True,True,True,-66
P01606,litografiafabbri.com,cosmetic_dom_addition,81,81,PHISHING,PHISHING,True,False,False,0
P01606,litografiafabbri.com,url_lexical_query_addition,81,74,PHISHING,PHISHING,True,False,False,-7
P01608,citibanamex-clientes-mx.com,benign_content_padding,73,73,PHISHING,PHISHING,True,False,False,0
P01608,citibanamex-clientes-mx.com,visible_text_obfuscation,73,73,PHISHING,PHISHING,True,False,False,0
P01608,citibanamex-clientes-mx.com,cosmetic_dom_addition,73,73,PHISHING,PHISHING,True,False,False,0
P01608,citibanamex-clientes-mx.com,url_lexical_query_addition,73,70,PHISHING,PHISHING,True,False,False,-3
P01610,cprapid.com,benign_content_padding,99,99,PHISHING,PHISHING,True,False,False,0
P01610,cprapid.com,visible_text_obfuscation,99,99,PHISHING,PHISHING,True,False,False,0
P01610,cprapid.com,cosmetic_dom_addition,99,99,PHISHING,PHISHING,True,False,False,0
P01610,cprapid.com,url_lexical_query_addition,99,97,PHISHING,PHISHING,True,False,False,-2
P01614,connectdakar.com,benign_content_padding,96,96,PHISHING,PHISHING,True,False,False,0
P01614,connectdakar.com,visible_text_obfuscation,96,93,PHISHING,PHISHING,True,False,False,-3
P01614,connectdakar.com,cosmetic_dom_addition,96,96,PHISHING,PHISHING,True,False,False,0
P01614,connectdakar.com,url_lexical_query_addition,96,93,PHISHING,PHISHING,True,False,False,-3
P01620,zekibilardo.com,benign_content_padding,90,89,PHISHING,PHISHING,True,False,False,-1
P01620,zekibilardo.com,visible_text_obfuscation,90,90,PHISHING,PHISHING,True,False,False,0
P01620,zekibilardo.com,cosmetic_dom_addition,90,90,PHISHING,PHISHING,True,False,False,0
P01620,zekibilardo.com,url_lexical_query_addition,90,73,PHISHING,PHISHING,True,False,False,-17
P01624,westnet.com.au,benign_content_padding,98,98,PHISHING,PHISHING,True,False,False,0
P01624,westnet.com.au,visible_text_obfuscation,98,98,PHISHING,PHISHING,True,False,False,0
P01624,westnet.com.au,cosmetic_dom_addition,98,98,PHISHING,PHISHING,True,False,False,0
P01624,westnet.com.au,url_lexical_query_addition,98,97,PHISHING,PHISHING,True,False,False,-1
P01625,profile-mobile.services,benign_content_padding,94,94,PHISHING,PHISHING,True,False,False,0
P01625,profile-mobile.services,visible_text_obfuscation,94,94,PHISHING,PHISHING,True,False,False,0
P01625,profile-mobile.services,cosmetic_dom_addition,94,94,PHISHING,PHISHING,True,False,False,0
P01625,profile-mobile.services,url_lexical_query_addition,94,85,PHISHING,PHISHING,True,False,False,-9
P01635,cprapid.com,benign_content_padding,99,99,PHISHING,PHISHING,True,False,False,0
P01635,cprapid.com,visible_text_obfuscation,99,99,PHISHING,PHISHING,True,False,False,0
P01635,cprapid.com,cosmetic_dom_addition,99,99,PHISHING,PHISHING,True,False,False,0
P01635,cprapid.com,url_lexical_query_addition,99,99,PHISHING,PHISHING,True,False,False,0
P01637,from-la.net,benign_content_padding,61,61,PHISHING,PHISHING,True,False,False,0
P01637,from-la.net,visible_text_obfuscation,61,61,PHISHING,PHISHING,True,False,False,0
P01637,from-la.net,cosmetic_dom_addition,61,61,PHISHING,PHISHING,True,False,False,0
P01637,from-la.net,url_lexical_query_addition,61,60,PHISHING,PHISHING,True,False,False,-1
P01648,doctor-kr.com,benign_content_padding,98,98,PHISHING,PHISHING,True,False,False,0
P01648,doctor-kr.com,visible_text_obfuscation,98,98,PHISHING,PHISHING,True,False,False,0
P01648,doctor-kr.com,cosmetic_dom_addition,98,98,PHISHING,PHISHING,True,False,False,0
P01648,doctor-kr.com,url_lexical_query_addition,98,98,PHISHING,PHISHING,True,False,False,0
P01651,myvirginmedia-account.com,benign_content_padding,98,98,PHISHING,PHISHING,True,False,False,0
P01651,myvirginmedia-account.com,visible_text_obfuscation,98,58,PHISHING,PHISHING,True,False,False,-40
P01651,myvirginmedia-account.com,cosmetic_dom_addition,98,98,PHISHING,PHISHING,True,False,False,0
P01651,myvirginmedia-account.com,url_lexical_query_addition,98,96,PHISHING,PHISHING,True,False,False,-2
P01652,azurewebsites.net,benign_content_padding,99,99,PHISHING,PHISHING,True,False,False,0
P01652,azurewebsites.net,visible_text_obfuscation,99,99,PHISHING,PHISHING,True,False,False,0
P01652,azurewebsites.net,cosmetic_dom_addition,99,99,PHISHING,PHISHING,True,False,False,0
P01652,azurewebsites.net,url_lexical_query_addition,99,99,PHISHING,PHISHING,True,False,False,0
P01663,cookntrip.com,benign_content_padding,99,99,PHISHING,PHISHING,True,False,False,0
P01663,cookntrip.com,visible_text_obfuscation,99,99,PHISHING,PHISHING,True,False,False,0
P01663,cookntrip.com,cosmetic_dom_addition,99,99,PHISHING,PHISHING,True,False,False,0
P01663,cookntrip.com,url_lexical_query_addition,99,99,PHISHING,PHISHING,True,False,False,0
P01669,login-bcoestado.cl,benign_content_padding,14,14,SAFE,SAFE,False,False,False,0
P01669,login-bcoestado.cl,visible_text_obfuscation,14,12,SAFE,SAFE,False,False,False,-2
P01669,login-bcoestado.cl,cosmetic_dom_addition,14,14,SAFE,SAFE,False,False,False,0
P01669,login-bcoestado.cl,url_lexical_query_addition,14,6,SAFE,SAFE,False,False,False,-8
P01679,password.land,benign_content_padding,77,76,PHISHING,PHISHING,True,False,False,-1
P01679,password.land,visible_text_obfuscation,77,76,PHISHING,PHISHING,True,False,False,-1
P01679,password.land,cosmetic_dom_addition,77,77,PHISHING,PHISHING,True,False,False,0
P01679,password.land,url_lexical_query_addition,77,81,PHISHING,PHISHING,True,False,False,4
P01682,vahapavsar.com,benign_content_padding,99,99,PHISHING,PHISHING,True,False,False,0
P01682,vahapavsar.com,visible_text_obfuscation,99,99,PHISHING,PHISHING,True,False,False,0
P01682,vahapavsar.com,cosmetic_dom_addition,99,99,PHISHING,PHISHING,True,False,False,0
P01682,vahapavsar.com,url_lexical_query_addition,99,99,PHISHING,PHISHING,True,False,False,0
P01717,online-banescio.com,benign_content_padding,99,99,PHISHING,PHISHING,True,False,False,0
P01717,online-banescio.com,visible_text_obfuscation,99,99,PHISHING,PHISHING,True,False,False,0
P01717,online-banescio.com,cosmetic_dom_addition,99,99,PHISHING,PHISHING,True,False,False,0
P01717,online-banescio.com,url_lexical_query_addition,99,99,PHISHING,PHISHING,True,False,False,0
P01719,i2chain.com,benign_content_padding,99,99,PHISHING,PHISHING,True,False,False,0
P01719,i2chain.com,visible_text_obfuscation,99,99,PHISHING,PHISHING,True,False,False,0
P01719,i2chain.com,cosmetic_dom_addition,99,99,PHISHING,PHISHING,True,False,False,0
P01719,i2chain.com,url_lexical_query_addition,99,99,PHISHING,PHISHING,True,False,False,0
P01722,authentic-documents.com,benign_content_padding,96,96,PHISHING,PHISHING,True,False,False,0
P01722,authentic-documents.com,visible_text_obfuscation,96,87,PHISHING,PHISHING,True,False,False,-9
P01722,authentic-documents.com,cosmetic_dom_addition,96,96,PHISHING,PHISHING,True,False,False,0
P01722,authentic-documents.com,url_lexical_query_addition,96,96,PHISHING,PHISHING,True,False,False,0
P01725,dezmed.ru,benign_content_padding,99,99,PHISHING,PHISHING,True,False,False,0
P01725,dezmed.ru,visible_text_obfuscation,99,99,PHISHING,PHISHING,True,False,False,0
P01725,dezmed.ru,cosmetic_dom_addition,99,99,PHISHING,PHISHING,True,False,False,0
P01725,dezmed.ru,url_lexical_query_addition,99,99,PHISHING,PHISHING,True,False,False,0
P01729,www-instagram.net,benign_content_padding,81,81,PHISHING,PHISHING,True,False,False,0
P01729,www-instagram.net,visible_text_obfuscation,81,80,PHISHING,PHISHING,True,False,False,-1
P01729,www-instagram.net,cosmetic_dom_addition,81,81,PHISHING,PHISHING,True,False,False,0
P01729,www-instagram.net,url_lexical_query_addition,81,74,PHISHING,PHISHING,True,False,False,-7
P01740,bero-webspace.de,benign_content_padding,97,97,PHISHING,PHISHING,True,False,False,0
P01740,bero-webspace.de,visible_text_obfuscation,97,96,PHISHING,PHISHING,True,False,False,-1
P01740,bero-webspace.de,cosmetic_dom_addition,97,97,PHISHING,PHISHING,True,False,False,0
P01740,bero-webspace.de,url_lexical_query_addition,97,93,PHISHING,PHISHING,True,False,False,-4
P01748,ruta-altiplano.com,benign_content_padding,99,99,PHISHING,PHISHING,True,False,False,0
P01748,ruta-altiplano.com,visible_text_obfuscation,99,94,PHISHING,PHISHING,True,False,False,-5
P01748,ruta-altiplano.com,cosmetic_dom_addition,99,99,PHISHING,PHISHING,True,False,False,0
P01748,ruta-altiplano.com,url_lexical_query_addition,99,99,PHISHING,PHISHING,True,False,False,0
P01762,molinodeltorchio.com,benign_content_padding,97,97,PHISHING,PHISHING,True,False,False,0
P01762,molinodeltorchio.com,visible_text_obfuscation,97,97,PHISHING,PHISHING,True,False,False,0
P01762,molinodeltorchio.com,cosmetic_dom_addition,97,97,PHISHING,PHISHING,True,False,False,0
P01762,molinodeltorchio.com,url_lexical_query_addition,97,97,PHISHING,PHISHING,True,False,False,0
P01766,almlsamd.com,benign_content_padding,99,99,PHISHING,PHISHING,True,False,False,0
P01766,almlsamd.com,visible_text_obfuscation,99,99,PHISHING,PHISHING,True,False,False,0
P01766,almlsamd.com,cosmetic_dom_addition,99,99,PHISHING,PHISHING,True,False,False,0
P01766,almlsamd.com,url_lexical_query_addition,99,99,PHISHING,PHISHING,True,False,False,0
P01768,hexat.com,benign_content_padding,96,96,PHISHING,PHISHING,True,False,False,0
P01768,hexat.com,visible_text_obfuscation,96,89,PHISHING,PHISHING,True,False,False,-7
P01768,hexat.com,cosmetic_dom_addition,96,96,PHISHING,PHISHING,True,False,False,0
P01768,hexat.com,url_lexical_query_addition,96,94,PHISHING,PHISHING,True,False,False,-2
P01779,zekibilardo.com,benign_content_padding,99,99,PHISHING,PHISHING,True,False,False,0
P01779,zekibilardo.com,visible_text_obfuscation,99,99,PHISHING,PHISHING,True,False,False,0
P01779,zekibilardo.com,cosmetic_dom_addition,99,99,PHISHING,PHISHING,True,False,False,0
P01779,zekibilardo.com,url_lexical_query_addition,99,99,PHISHING,PHISHING,True,False,False,0
P01785,http://94.100.18.70/banks/desjardins/4f7bba6f4fd6929d51d5125a2ef03600/step1.html,benign_content_padding,99,99,PHISHING,PHISHING,True,False,False,0
P01785,http://94.100.18.70/banks/desjardins/4f7bba6f4fd6929d51d5125a2ef03600/step1.html,visible_text_obfuscation,99,49,PHISHING,SUSPICIOUS,True,True,True,-50
P01785,http://94.100.18.70/banks/desjardins/4f7bba6f4fd6929d51d5125a2ef03600/step1.html,cosmetic_dom_addition,99,99,PHISHING,PHISHING,True,False,False,0
P01785,http://94.100.18.70/banks/desjardins/4f7bba6f4fd6929d51d5125a2ef03600/step1.html,url_lexical_query_addition,99,99,PHISHING,PHISHING,True,False,False,0
P01790,securewebsession.com,benign_content_padding,96,96,PHISHING,PHISHING,True,False,False,0
P01790,securewebsession.com,visible_text_obfuscation,96,96,PHISHING,PHISHING,True,False,False,0
P01790,securewebsession.com,cosmetic_dom_addition,96,96,PHISHING,PHISHING,True,False,False,0
P01790,securewebsession.com,url_lexical_query_addition,96,95,PHISHING,PHISHING,True,False,False,-1
P01806,volksbqnk-kundenservice-246357548.info,benign_content_padding,99,99,PHISHING,PHISHING,True,False,False,0
P01806,volksbqnk-kundenservice-246357548.info,visible_text_obfuscation,99,99,PHISHING,PHISHING,True,False,False,0
P01806,volksbqnk-kundenservice-246357548.info,cosmetic_dom_addition,99,99,PHISHING,PHISHING,True,False,False,0
P01806,volksbqnk-kundenservice-246357548.info,url_lexical_query_addition,99,99,PHISHING,PHISHING,True,False,False,0
P01818,govdeliveryauth.us,benign_content_padding,98,98,PHISHING,PHISHING,True,False,False,0
P01818,govdeliveryauth.us,visible_text_obfuscation,98,98,PHISHING,PHISHING,True,False,False,0
P01818,govdeliveryauth.us,cosmetic_dom_addition,98,98,PHISHING,PHISHING,True,False,False,0
P01818,govdeliveryauth.us,url_lexical_query_addition,98,97,PHISHING,PHISHING,True,False,False,-1
P01819,jamescorretor.com.br,benign_content_padding,97,97,PHISHING,PHISHING,True,False,False,0
P01819,jamescorretor.com.br,visible_text_obfuscation,97,97,PHISHING,PHISHING,True,False,False,0
P01819,jamescorretor.com.br,cosmetic_dom_addition,97,97,PHISHING,PHISHING,True,False,False,0
P01819,jamescorretor.com.br,url_lexical_query_addition,97,90,PHISHING,PHISHING,True,False,False,-7
P01823,dreamlandflooringandfurniture.com,benign_content_padding,98,97,PHISHING,PHISHING,True,False,False,-1
P01823,dreamlandflooringandfurniture.com,visible_text_obfuscation,98,90,PHISHING,PHISHING,True,False,False,-8
P01823,dreamlandflooringandfurniture.com,cosmetic_dom_addition,98,98,PHISHING,PHISHING,True,False,False,0
P01823,dreamlandflooringandfurniture.com,url_lexical_query_addition,98,98,PHISHING,PHISHING,True,False,False,0
P01837,duckdns.org,benign_content_padding,99,99,PHISHING,PHISHING,True,False,False,0
P01837,duckdns.org,visible_text_obfuscation,99,99,PHISHING,PHISHING,True,False,False,0
P01837,duckdns.org,cosmetic_dom_addition,99,99,PHISHING,PHISHING,True,False,False,0
P01837,duckdns.org,url_lexical_query_addition,99,99,PHISHING,PHISHING,True,False,False,0
P01857,ecopanaderia.com,benign_content_padding,89,89,PHISHING,PHISHING,True,False,False,0
P01857,ecopanaderia.com,visible_text_obfuscation,89,88,PHISHING,PHISHING,True,False,False,-1
P01857,ecopanaderia.com,cosmetic_dom_addition,89,89,PHISHING,PHISHING,True,False,False,0
P01857,ecopanaderia.com,url_lexical_query_addition,89,73,PHISHING,PHISHING,True,False,False,-16
P01859,n4t.co,benign_content_padding,72,73,PHISHING,PHISHING,True,False,False,1
P01859,n4t.co,visible_text_obfuscation,72,45,PHISHING,SUSPICIOUS,True,True,True,-27
P01859,n4t.co,cosmetic_dom_addition,72,72,PHISHING,PHISHING,True,False,False,0
P01859,n4t.co,url_lexical_query_addition,72,77,PHISHING,PHISHING,True,False,False,5
P01861,manuscript.ge,benign_content_padding,91,95,PHISHING,PHISHING,True,False,False,4
P01861,manuscript.ge,visible_text_obfuscation,91,86,PHISHING,PHISHING,True,False,False,-5
P01861,manuscript.ge,cosmetic_dom_addition,91,91,PHISHING,PHISHING,True,False,False,0
P01861,manuscript.ge,url_lexical_query_addition,91,91,PHISHING,PHISHING,True,False,False,0
P01871,azurewebsites.net,benign_content_padding,94,94,PHISHING,PHISHING,True,False,False,0
P01871,azurewebsites.net,visible_text_obfuscation,94,91,PHISHING,PHISHING,True,False,False,-3
P01871,azurewebsites.net,cosmetic_dom_addition,94,94,PHISHING,PHISHING,True,False,False,0
P01871,azurewebsites.net,url_lexical_query_addition,94,88,PHISHING,PHISHING,True,False,False,-6
P01879,royalmail-feepayment.com,benign_content_padding,9,6,SAFE,SAFE,False,False,False,-3
P01879,royalmail-feepayment.com,visible_text_obfuscation,9,4,SAFE,SAFE,False,False,False,-5
P01879,royalmail-feepayment.com,cosmetic_dom_addition,9,9,SAFE,SAFE,False,False,False,0
P01879,royalmail-feepayment.com,url_lexical_query_addition,9,5,SAFE,SAFE,False,False,False,-4
P01884,peaceful-oaks-ranch.com,benign_content_padding,99,99,PHISHING,PHISHING,True,False,False,0
P01884,peaceful-oaks-ranch.com,visible_text_obfuscation,99,99,PHISHING,PHISHING,True,False,False,0
P01884,peaceful-oaks-ranch.com,cosmetic_dom_addition,99,99,PHISHING,PHISHING,True,False,False,0
P01884,peaceful-oaks-ranch.com,url_lexical_query_addition,99,98,PHISHING,PHISHING,True,False,False,-1
P01890,clienteapp.info,benign_content_padding,99,99,PHISHING,PHISHING,True,False,False,0
P01890,clienteapp.info,visible_text_obfuscation,99,99,PHISHING,PHISHING,True,False,False,0
P01890,clienteapp.info,cosmetic_dom_addition,99,99,PHISHING,PHISHING,True,False,False,0
P01890,clienteapp.info,url_lexical_query_addition,99,99,PHISHING,PHISHING,True,False,False,0
P01897,aquasoulpk.com,benign_content_padding,98,98,PHISHING,PHISHING,True,False,False,0
P01897,aquasoulpk.com,visible_text_obfuscation,98,98,PHISHING,PHISHING,True,False,False,0
P01897,aquasoulpk.com,cosmetic_dom_addition,98,98,PHISHING,PHISHING,True,False,False,0
P01897,aquasoulpk.com,url_lexical_query_addition,98,98,PHISHING,PHISHING,True,False,False,0
P01898,secureserver.net,benign_content_padding,99,99,PHISHING,PHISHING,True,False,False,0
P01898,secureserver.net,visible_text_obfuscation,99,98,PHISHING,PHISHING,True,False,False,-1
P01898,secureserver.net,cosmetic_dom_addition,99,99,PHISHING,PHISHING,True,False,False,0
P01898,secureserver.net,url_lexical_query_addition,99,99,PHISHING,PHISHING,True,False,False,0
P01905,http://35.236.122.145/anjak/es_com.kutxabank.android.php,benign_content_padding,99,99,PHISHING,PHISHING,True,False,False,0
P01905,http://35.236.122.145/anjak/es_com.kutxabank.android.php,visible_text_obfuscation,99,99,PHISHING,PHISHING,True,False,False,0
P01905,http://35.236.122.145/anjak/es_com.kutxabank.android.php,cosmetic_dom_addition,99,99,PHISHING,PHISHING,True,False,False,0
P01905,http://35.236.122.145/anjak/es_com.kutxabank.android.php,url_lexical_query_addition,99,99,PHISHING,PHISHING,True,False,False,0
P01912,boursorama-secure.com,benign_content_padding,79,85,PHISHING,PHISHING,True,False,False,6
P01912,boursorama-secure.com,visible_text_obfuscation,79,79,PHISHING,PHISHING,True,False,False,0
P01912,boursorama-secure.com,cosmetic_dom_addition,79,79,PHISHING,PHISHING,True,False,False,0
P01912,boursorama-secure.com,url_lexical_query_addition,79,56,PHISHING,SUSPICIOUS,True,True,True,-23
P01914,binapertiwi.com,benign_content_padding,98,98,PHISHING,PHISHING,True,False,False,0
P01914,binapertiwi.com,visible_text_obfuscation,98,98,PHISHING,PHISHING,True,False,False,0
P01914,binapertiwi.com,cosmetic_dom_addition,98,98,PHISHING,PHISHING,True,False,False,0
P01914,binapertiwi.com,url_lexical_query_addition,98,98,PHISHING,PHISHING,True,False,False,0
P01915,shondorjo.com,benign_content_padding,98,98,PHISHING,PHISHING,True,False,False,0
P01915,shondorjo.com,visible_text_obfuscation,98,98,PHISHING,PHISHING,True,False,False,0
P01915,shondorjo.com,cosmetic_dom_addition,98,98,PHISHING,PHISHING,True,False,False,0
P01915,shondorjo.com,url_lexical_query_addition,98,98,PHISHING,PHISHING,True,False,False,0
P01918,identlty-check.com,benign_content_padding,97,97,PHISHING,PHISHING,True,False,False,0
P01918,identlty-check.com,visible_text_obfuscation,97,89,PHISHING,PHISHING,True,False,False,-8
P01918,identlty-check.com,cosmetic_dom_addition,97,97,PHISHING,PHISHING,True,False,False,0
P01918,identlty-check.com,url_lexical_query_addition,97,84,PHISHING,PHISHING,True,False,False,-13
P01922,qualitycountertops.com,benign_content_padding,57,57,PHISHING,PHISHING,True,False,False,0
P01922,qualitycountertops.com,visible_text_obfuscation,57,54,PHISHING,SUSPICIOUS,True,True,True,-3
P01922,qualitycountertops.com,cosmetic_dom_addition,57,57,PHISHING,PHISHING,True,False,False,0
P01922,qualitycountertops.com,url_lexical_query_addition,57,54,PHISHING,SUSPICIOUS,True,True,True,-3
P01932,gosnellspodiatry.com.au,benign_content_padding,97,97,PHISHING,PHISHING,True,False,False,0
P01932,gosnellspodiatry.com.au,visible_text_obfuscation,97,39,PHISHING,SUSPICIOUS,True,True,True,-58
P01932,gosnellspodiatry.com.au,cosmetic_dom_addition,97,97,PHISHING,PHISHING,True,False,False,0
P01932,gosnellspodiatry.com.au,url_lexical_query_addition,97,96,PHISHING,PHISHING,True,False,False,-1
P01945,strate.ge,benign_content_padding,99,99,PHISHING,PHISHING,True,False,False,0
P01945,strate.ge,visible_text_obfuscation,99,99,PHISHING,PHISHING,True,False,False,0
P01945,strate.ge,cosmetic_dom_addition,99,99,PHISHING,PHISHING,True,False,False,0
P01945,strate.ge,url_lexical_query_addition,99,99,PHISHING,PHISHING,True,False,False,0
P01952,nikolascafebar.gr,benign_content_padding,96,98,PHISHING,PHISHING,True,False,False,2
P01952,nikolascafebar.gr,visible_text_obfuscation,96,98,PHISHING,PHISHING,True,False,False,2
P01952,nikolascafebar.gr,cosmetic_dom_addition,96,96,PHISHING,PHISHING,True,False,False,0
P01952,nikolascafebar.gr,url_lexical_query_addition,96,92,PHISHING,PHISHING,True,False,False,-4
P01966,azurewebsites.net,benign_content_padding,99,99,PHISHING,PHISHING,True,False,False,0
P01966,azurewebsites.net,visible_text_obfuscation,99,99,PHISHING,PHISHING,True,False,False,0
P01966,azurewebsites.net,cosmetic_dom_addition,99,99,PHISHING,PHISHING,True,False,False,0
P01966,azurewebsites.net,url_lexical_query_addition,99,99,PHISHING,PHISHING,True,False,False,0
P01978,prestoerkekgiyim.com,benign_content_padding,50,34,SUSPICIOUS,SUSPICIOUS,False,False,False,-16
P01978,prestoerkekgiyim.com,visible_text_obfuscation,50,17,SUSPICIOUS,SUSPICIOUS,False,False,False,-33
P01978,prestoerkekgiyim.com,cosmetic_dom_addition,50,50,SUSPICIOUS,SUSPICIOUS,False,False,False,0
P01978,prestoerkekgiyim.com,url_lexical_query_addition,50,50,SUSPICIOUS,SUSPICIOUS,False,False,False,0
P01982,pertaminasafeteams.com,benign_content_padding,99,99,PHISHING,PHISHING,True,False,False,0
P01982,pertaminasafeteams.com,visible_text_obfuscation,99,98,PHISHING,PHISHING,True,False,False,-1
P01982,pertaminasafeteams.com,cosmetic_dom_addition,99,99,PHISHING,PHISHING,True,False,False,0
P01982,pertaminasafeteams.com,url_lexical_query_addition,99,98,PHISHING,PHISHING,True,False,False,-1
P01986,bankiacliente.com,benign_content_padding,98,97,PHISHING,PHISHING,True,False,False,-1
P01986,bankiacliente.com,visible_text_obfuscation,98,97,PHISHING,PHISHING,True,False,False,-1
P01986,bankiacliente.com,cosmetic_dom_addition,98,98,PHISHING,PHISHING,True,False,False,0
P01986,bankiacliente.com,url_lexical_query_addition,98,98,PHISHING,PHISHING,True,False,False,0
P01990,com-as.ru,benign_content_padding,99,99,PHISHING,PHISHING,True,False,False,0
P01990,com-as.ru,visible_text_obfuscation,99,99,PHISHING,PHISHING,True,False,False,0
P01990,com-as.ru,cosmetic_dom_addition,99,99,PHISHING,PHISHING,True,False,False,0
P01990,com-as.ru,url_lexical_query_addition,99,99,PHISHING,PHISHING,True,False,False,0
P01992,2waky.com,benign_content_padding,99,99,PHISHING,PHISHING,True,False,False,0
P01992,2waky.com,visible_text_obfuscation,99,99,PHISHING,PHISHING,True,False,False,0
P01992,2waky.com,cosmetic_dom_addition,99,99,PHISHING,PHISHING,True,False,False,0
P01992,2waky.com,url_lexical_query_addition,99,99,PHISHING,PHISHING,True,False,False,0
P01994,doline.ru,benign_content_padding,98,98,PHISHING,PHISHING,True,False,False,0
P01994,doline.ru,visible_text_obfuscation,98,98,PHISHING,PHISHING,True,False,False,0
P01994,doline.ru,cosmetic_dom_addition,98,98,PHISHING,PHISHING,True,False,False,0
P01994,doline.ru,url_lexical_query_addition,98,97,PHISHING,PHISHING,True,False,False,-1
P02007,lasertec-mi.com,benign_content_padding,72,72,PHISHING,PHISHING,True,False,False,0
P02007,lasertec-mi.com,visible_text_obfuscation,72,72,PHISHING,PHISHING,True,False,False,0
P02007,lasertec-mi.com,cosmetic_dom_addition,72,72,PHISHING,PHISHING,True,False,False,0
P02007,lasertec-mi.com,url_lexical_query_addition,72,69,PHISHING,PHISHING,True,False,False,-3
P02009,strategicnews.com,benign_content_padding,99,99,PHISHING,PHISHING,True,False,False,0
P02009,strategicnews.com,visible_text_obfuscation,99,99,PHISHING,PHISHING,True,False,False,0
P02009,strategicnews.com,cosmetic_dom_addition,99,99,PHISHING,PHISHING,True,False,False,0
P02009,strategicnews.com,url_lexical_query_addition,99,99,PHISHING,PHISHING,True,False,False,0
P02015,bget.ru,benign_content_padding,97,97,PHISHING,PHISHING,True,False,False,0
P02015,bget.ru,visible_text_obfuscation,97,97,PHISHING,PHISHING,True,False,False,0
P02015,bget.ru,cosmetic_dom_addition,97,97,PHISHING,PHISHING,True,False,False,0
P02015,bget.ru,url_lexical_query_addition,97,89,PHISHING,PHISHING,True,False,False,-8
P02022,gamingweb.de,benign_content_padding,87,68,PHISHING,PHISHING,True,False,False,-19
P02022,gamingweb.de,visible_text_obfuscation,87,87,PHISHING,PHISHING,True,False,False,0
P02022,gamingweb.de,cosmetic_dom_addition,87,87,PHISHING,PHISHING,True,False,False,0
P02022,gamingweb.de,url_lexical_query_addition,87,71,PHISHING,PHISHING,True,False,False,-16
P02042,paypayaccauntproblems.xyz,benign_content_padding,96,96,PHISHING,PHISHING,True,False,False,0
P02042,paypayaccauntproblems.xyz,visible_text_obfuscation,96,79,PHISHING,PHISHING,True,False,False,-17
P02042,paypayaccauntproblems.xyz,cosmetic_dom_addition,96,96,PHISHING,PHISHING,True,False,False,0
P02042,paypayaccauntproblems.xyz,url_lexical_query_addition,96,96,PHISHING,PHISHING,True,False,False,0
P02056,leogadgets.com,benign_content_padding,97,97,PHISHING,PHISHING,True,False,False,0
P02056,leogadgets.com,visible_text_obfuscation,97,97,PHISHING,PHISHING,True,False,False,0
P02056,leogadgets.com,cosmetic_dom_addition,97,97,PHISHING,PHISHING,True,False,False,0
P02056,leogadgets.com,url_lexical_query_addition,97,93,PHISHING,PHISHING,True,False,False,-4
P02059,softcomweb.com,benign_content_padding,82,77,PHISHING,PHISHING,True,False,False,-5
P02059,softcomweb.com,visible_text_obfuscation,82,77,PHISHING,PHISHING,True,False,False,-5
P02059,softcomweb.com,cosmetic_dom_addition,82,82,PHISHING,PHISHING,True,False,False,0
P02059,softcomweb.com,url_lexical_query_addition,82,82,PHISHING,PHISHING,True,False,False,0
P02068,mp2.io,benign_content_padding,99,99,PHISHING,PHISHING,True,False,False,0
P02068,mp2.io,visible_text_obfuscation,99,99,PHISHING,PHISHING,True,False,False,0
P02068,mp2.io,cosmetic_dom_addition,99,99,PHISHING,PHISHING,True,False,False,0
P02068,mp2.io,url_lexical_query_addition,99,99,PHISHING,PHISHING,True,False,False,0
P02078,pantheonsite.io,benign_content_padding,99,99,PHISHING,PHISHING,True,False,False,0
P02078,pantheonsite.io,visible_text_obfuscation,99,92,PHISHING,PHISHING,True,False,False,-7
P02078,pantheonsite.io,cosmetic_dom_addition,99,99,PHISHING,PHISHING,True,False,False,0
P02078,pantheonsite.io,url_lexical_query_addition,99,99,PHISHING,PHISHING,True,False,False,0
P02079,alternativascontables.com,benign_content_padding,99,99,PHISHING,PHISHING,True,False,False,0
P02079,alternativascontables.com,visible_text_obfuscation,99,99,PHISHING,PHISHING,True,False,False,0
P02079,alternativascontables.com,cosmetic_dom_addition,99,99,PHISHING,PHISHING,True,False,False,0
P02079,alternativascontables.com,url_lexical_query_addition,99,99,PHISHING,PHISHING,True,False,False,0
P02081,autotranspgroup.ru,benign_content_padding,99,99,PHISHING,PHISHING,True,False,False,0
P02081,autotranspgroup.ru,visible_text_obfuscation,99,99,PHISHING,PHISHING,True,False,False,0
P02081,autotranspgroup.ru,cosmetic_dom_addition,99,99,PHISHING,PHISHING,True,False,False,0
P02081,autotranspgroup.ru,url_lexical_query_addition,99,99,PHISHING,PHISHING,True,False,False,0
P02085,lronline.com.br,benign_content_padding,97,97,PHISHING,PHISHING,True,False,False,0
P02085,lronline.com.br,visible_text_obfuscation,97,97,PHISHING,PHISHING,True,False,False,0
P02085,lronline.com.br,cosmetic_dom_addition,97,97,PHISHING,PHISHING,True,False,False,0
P02085,lronline.com.br,url_lexical_query_addition,97,96,PHISHING,PHISHING,True,False,False,-1
P02086,rutori.ru,benign_content_padding,94,94,PHISHING,PHISHING,True,False,False,0
P02086,rutori.ru,visible_text_obfuscation,94,21,PHISHING,SUSPICIOUS,True,True,True,-73
P02086,rutori.ru,cosmetic_dom_addition,94,94,PHISHING,PHISHING,True,False,False,0
P02086,rutori.ru,url_lexical_query_addition,94,75,PHISHING,PHISHING,True,False,False,-19
P02088,firebaseapp.com,benign_content_padding,89,90,PHISHING,PHISHING,True,False,False,1
P02088,firebaseapp.com,visible_text_obfuscation,89,69,PHISHING,PHISHING,True,False,False,-20
P02088,firebaseapp.com,cosmetic_dom_addition,89,89,PHISHING,PHISHING,True,False,False,0
P02088,firebaseapp.com,url_lexical_query_addition,89,88,PHISHING,PHISHING,True,False,False,-1
P02104,legendoffender.com,benign_content_padding,99,99,PHISHING,PHISHING,True,False,False,0
P02104,legendoffender.com,visible_text_obfuscation,99,99,PHISHING,PHISHING,True,False,False,0
P02104,legendoffender.com,cosmetic_dom_addition,99,99,PHISHING,PHISHING,True,False,False,0
P02104,legendoffender.com,url_lexical_query_addition,99,99,PHISHING,PHISHING,True,False,False,0
P02106,devicetradein.co.uk,benign_content_padding,98,98,PHISHING,PHISHING,True,False,False,0
P02106,devicetradein.co.uk,visible_text_obfuscation,98,98,PHISHING,PHISHING,True,False,False,0
P02106,devicetradein.co.uk,cosmetic_dom_addition,98,98,PHISHING,PHISHING,True,False,False,0
P02106,devicetradein.co.uk,url_lexical_query_addition,98,94,PHISHING,PHISHING,True,False,False,-4
P02115,securewebsession.com,benign_content_padding,98,98,PHISHING,PHISHING,True,False,False,0
P02115,securewebsession.com,visible_text_obfuscation,98,60,PHISHING,PHISHING,True,False,False,-38
P02115,securewebsession.com,cosmetic_dom_addition,98,98,PHISHING,PHISHING,True,False,False,0
P02115,securewebsession.com,url_lexical_query_addition,98,98,PHISHING,PHISHING,True,False,False,0
P02119,highhosters.com,benign_content_padding,86,86,PHISHING,PHISHING,True,False,False,0
P02119,highhosters.com,visible_text_obfuscation,86,80,PHISHING,PHISHING,True,False,False,-6
P02119,highhosters.com,cosmetic_dom_addition,86,86,PHISHING,PHISHING,True,False,False,0
P02119,highhosters.com,url_lexical_query_addition,86,86,PHISHING,PHISHING,True,False,False,0
P02125,page.link,benign_content_padding,81,78,PHISHING,PHISHING,True,False,False,-3
P02125,page.link,visible_text_obfuscation,81,63,PHISHING,PHISHING,True,False,False,-18
P02125,page.link,cosmetic_dom_addition,81,81,PHISHING,PHISHING,True,False,False,0
P02125,page.link,url_lexical_query_addition,81,80,PHISHING,PHISHING,True,False,False,-1
P02127,oreoproperties.net,benign_content_padding,45,41,SUSPICIOUS,SUSPICIOUS,False,False,False,-4
P02127,oreoproperties.net,visible_text_obfuscation,45,35,SUSPICIOUS,SUSPICIOUS,False,False,False,-10
P02127,oreoproperties.net,cosmetic_dom_addition,45,45,SUSPICIOUS,SUSPICIOUS,False,False,False,0
P02127,oreoproperties.net,url_lexical_query_addition,45,47,SUSPICIOUS,SUSPICIOUS,False,False,False,2
P02128,iobeya.com,benign_content_padding,38,21,SUSPICIOUS,SUSPICIOUS,False,False,False,-17
P02128,iobeya.com,visible_text_obfuscation,38,20,SUSPICIOUS,SUSPICIOUS,False,False,False,-18
P02128,iobeya.com,cosmetic_dom_addition,38,38,SUSPICIOUS,SUSPICIOUS,False,False,False,0
P02128,iobeya.com,url_lexical_query_addition,38,56,SUSPICIOUS,SUSPICIOUS,False,False,False,18
P02135,afakot4you.co.il,benign_content_padding,99,99,PHISHING,PHISHING,True,False,False,0
P02135,afakot4you.co.il,visible_text_obfuscation,99,98,PHISHING,PHISHING,True,False,False,-1
P02135,afakot4you.co.il,cosmetic_dom_addition,99,99,PHISHING,PHISHING,True,False,False,0
P02135,afakot4you.co.il,url_lexical_query_addition,99,99,PHISHING,PHISHING,True,False,False,0
P02136,coinbase-withdrawal.com,benign_content_padding,99,99,PHISHING,PHISHING,True,False,False,0
P02136,coinbase-withdrawal.com,visible_text_obfuscation,99,99,PHISHING,PHISHING,True,False,False,0
P02136,coinbase-withdrawal.com,cosmetic_dom_addition,99,99,PHISHING,PHISHING,True,False,False,0
P02136,coinbase-withdrawal.com,url_lexical_query_addition,99,99,PHISHING,PHISHING,True,False,False,0
P02140,ncsgcb.com,benign_content_padding,70,70,PHISHING,PHISHING,True,False,False,0
P02140,ncsgcb.com,visible_text_obfuscation,70,70,PHISHING,PHISHING,True,False,False,0
P02140,ncsgcb.com,cosmetic_dom_addition,70,70,PHISHING,PHISHING,True,False,False,0
P02140,ncsgcb.com,url_lexical_query_addition,70,70,PHISHING,PHISHING,True,False,False,0
P02148,eventmanagementkerala.com,benign_content_padding,99,99,PHISHING,PHISHING,True,False,False,0
P02148,eventmanagementkerala.com,visible_text_obfuscation,99,99,PHISHING,PHISHING,True,False,False,0
P02148,eventmanagementkerala.com,cosmetic_dom_addition,99,99,PHISHING,PHISHING,True,False,False,0
P02148,eventmanagementkerala.com,url_lexical_query_addition,99,99,PHISHING,PHISHING,True,False,False,0
P02158,yesnews.it,benign_content_padding,98,98,PHISHING,PHISHING,True,False,False,0
P02158,yesnews.it,visible_text_obfuscation,98,98,PHISHING,PHISHING,True,False,False,0
P02158,yesnews.it,cosmetic_dom_addition,98,98,PHISHING,PHISHING,True,False,False,0
P02158,yesnews.it,url_lexical_query_addition,98,98,PHISHING,PHISHING,True,False,False,0
P02159,riepilogo2021nexi.net,benign_content_padding,60,56,PHISHING,SUSPICIOUS,True,True,True,-4
P02159,riepilogo2021nexi.net,visible_text_obfuscation,60,14,PHISHING,SAFE,True,True,True,-46
P02159,riepilogo2021nexi.net,cosmetic_dom_addition,60,60,PHISHING,PHISHING,True,False,False,0
P02159,riepilogo2021nexi.net,url_lexical_query_addition,60,76,PHISHING,PHISHING,True,False,False,16
P02174,vahapavsar.com,benign_content_padding,99,99,PHISHING,PHISHING,True,False,False,0
P02174,vahapavsar.com,visible_text_obfuscation,99,99,PHISHING,PHISHING,True,False,False,0
P02174,vahapavsar.com,cosmetic_dom_addition,99,99,PHISHING,PHISHING,True,False,False,0
P02174,vahapavsar.com,url_lexical_query_addition,99,99,PHISHING,PHISHING,True,False,False,0
P02175,thedignitything.org,benign_content_padding,96,96,PHISHING,PHISHING,True,False,False,0
P02175,thedignitything.org,visible_text_obfuscation,96,95,PHISHING,PHISHING,True,False,False,-1
P02175,thedignitything.org,cosmetic_dom_addition,96,96,PHISHING,PHISHING,True,False,False,0
P02175,thedignitything.org,url_lexical_query_addition,96,92,PHISHING,PHISHING,True,False,False,-4
P02178,tradefactsltd.co.uk,benign_content_padding,99,99,PHISHING,PHISHING,True,False,False,0
P02178,tradefactsltd.co.uk,visible_text_obfuscation,99,99,PHISHING,PHISHING,True,False,False,0
P02178,tradefactsltd.co.uk,cosmetic_dom_addition,99,99,PHISHING,PHISHING,True,False,False,0
P02178,tradefactsltd.co.uk,url_lexical_query_addition,99,99,PHISHING,PHISHING,True,False,False,0
P02202,bitarconstruction.co,benign_content_padding,99,99,PHISHING,PHISHING,True,False,False,0
P02202,bitarconstruction.co,visible_text_obfuscation,99,98,PHISHING,PHISHING,True,False,False,-1
P02202,bitarconstruction.co,cosmetic_dom_addition,99,99,PHISHING,PHISHING,True,False,False,0
P02202,bitarconstruction.co,url_lexical_query_addition,99,99,PHISHING,PHISHING,True,False,False,0
P02206,bankofscotland-uk.com,benign_content_padding,95,95,PHISHING,PHISHING,True,False,False,0
P02206,bankofscotland-uk.com,visible_text_obfuscation,95,80,PHISHING,PHISHING,True,False,False,-15
P02206,bankofscotland-uk.com,cosmetic_dom_addition,95,95,PHISHING,PHISHING,True,False,False,0
P02206,bankofscotland-uk.com,url_lexical_query_addition,95,95,PHISHING,PHISHING,True,False,False,0
P02229,bankbank.ml,benign_content_padding,97,96,PHISHING,PHISHING,True,False,False,-1
P02229,bankbank.ml,visible_text_obfuscation,97,97,PHISHING,PHISHING,True,False,False,0
P02229,bankbank.ml,cosmetic_dom_addition,97,97,PHISHING,PHISHING,True,False,False,0
P02229,bankbank.ml,url_lexical_query_addition,97,91,PHISHING,PHISHING,True,False,False,-6
P02243,libreriorv.com.br,benign_content_padding,97,96,PHISHING,PHISHING,True,False,False,-1
P02243,libreriorv.com.br,visible_text_obfuscation,97,90,PHISHING,PHISHING,True,False,False,-7
P02243,libreriorv.com.br,cosmetic_dom_addition,97,97,PHISHING,PHISHING,True,False,False,0
P02243,libreriorv.com.br,url_lexical_query_addition,97,94,PHISHING,PHISHING,True,False,False,-3
P02259,lnfo-login.in,benign_content_padding,99,99,PHISHING,PHISHING,True,False,False,0
P02259,lnfo-login.in,visible_text_obfuscation,99,99,PHISHING,PHISHING,True,False,False,0
P02259,lnfo-login.in,cosmetic_dom_addition,99,99,PHISHING,PHISHING,True,False,False,0
P02259,lnfo-login.in,url_lexical_query_addition,99,99,PHISHING,PHISHING,True,False,False,0
P02260,azurewebsites.net,benign_content_padding,74,76,PHISHING,PHISHING,True,False,False,2
P02260,azurewebsites.net,visible_text_obfuscation,74,77,PHISHING,PHISHING,True,False,False,3
P02260,azurewebsites.net,cosmetic_dom_addition,74,74,PHISHING,PHISHING,True,False,False,0
P02260,azurewebsites.net,url_lexical_query_addition,74,71,PHISHING,PHISHING,True,False,False,-3
P02264,manateetreeservice.com,benign_content_padding,87,87,PHISHING,PHISHING,True,False,False,0
P02264,manateetreeservice.com,visible_text_obfuscation,87,73,PHISHING,PHISHING,True,False,False,-14
P02264,manateetreeservice.com,cosmetic_dom_addition,87,87,PHISHING,PHISHING,True,False,False,0
P02264,manateetreeservice.com,url_lexical_query_addition,87,87,PHISHING,PHISHING,True,False,False,0
P02270,libreriorv.com.br,benign_content_padding,95,95,PHISHING,PHISHING,True,False,False,0
P02270,libreriorv.com.br,visible_text_obfuscation,95,52,PHISHING,SUSPICIOUS,True,True,True,-43
P02270,libreriorv.com.br,cosmetic_dom_addition,95,95,PHISHING,PHISHING,True,False,False,0
P02270,libreriorv.com.br,url_lexical_query_addition,95,83,PHISHING,PHISHING,True,False,False,-12
P02274,chat-grupwhatsapps.com,benign_content_padding,99,99,PHISHING,PHISHING,True,False,False,0
P02274,chat-grupwhatsapps.com,visible_text_obfuscation,99,99,PHISHING,PHISHING,True,False,False,0
P02274,chat-grupwhatsapps.com,cosmetic_dom_addition,99,99,PHISHING,PHISHING,True,False,False,0
P02274,chat-grupwhatsapps.com,url_lexical_query_addition,99,99,PHISHING,PHISHING,True,False,False,0
P02292,secaw.org,benign_content_padding,98,98,PHISHING,PHISHING,True,False,False,0
P02292,secaw.org,visible_text_obfuscation,98,98,PHISHING,PHISHING,True,False,False,0
P02292,secaw.org,cosmetic_dom_addition,98,98,PHISHING,PHISHING,True,False,False,0
P02292,secaw.org,url_lexical_query_addition,98,97,PHISHING,PHISHING,True,False,False,-1
P02294,java.gg,benign_content_padding,99,99,PHISHING,PHISHING,True,False,False,0
P02294,java.gg,visible_text_obfuscation,99,99,PHISHING,PHISHING,True,False,False,0
P02294,java.gg,cosmetic_dom_addition,99,99,PHISHING,PHISHING,True,False,False,0
P02294,java.gg,url_lexical_query_addition,99,99,PHISHING,PHISHING,True,False,False,0
P02299,mtgsvc.com,benign_content_padding,99,99,PHISHING,PHISHING,True,False,False,0
P02299,mtgsvc.com,visible_text_obfuscation,99,99,PHISHING,PHISHING,True,False,False,0
P02299,mtgsvc.com,cosmetic_dom_addition,99,99,PHISHING,PHISHING,True,False,False,0
P02299,mtgsvc.com,url_lexical_query_addition,99,99,PHISHING,PHISHING,True,False,False,0
P02301,brasilcooperativa.org.br,benign_content_padding,95,92,PHISHING,PHISHING,True,False,False,-3
P02301,brasilcooperativa.org.br,visible_text_obfuscation,95,91,PHISHING,PHISHING,True,False,False,-4
P02301,brasilcooperativa.org.br,cosmetic_dom_addition,95,95,PHISHING,PHISHING,True,False,False,0
P02301,brasilcooperativa.org.br,url_lexical_query_addition,95,95,PHISHING,PHISHING,True,False,False,0
P02303,alaclassejr.fr,benign_content_padding,88,88,PHISHING,PHISHING,True,False,False,0
P02303,alaclassejr.fr,visible_text_obfuscation,88,88,PHISHING,PHISHING,True,False,False,0
P02303,alaclassejr.fr,cosmetic_dom_addition,88,88,PHISHING,PHISHING,True,False,False,0
P02303,alaclassejr.fr,url_lexical_query_addition,88,96,PHISHING,PHISHING,True,False,False,8
P02305,mediasoftcorp.com,benign_content_padding,85,85,PHISHING,PHISHING,True,False,False,0
P02305,mediasoftcorp.com,visible_text_obfuscation,85,85,PHISHING,PHISHING,True,False,False,0
P02305,mediasoftcorp.com,cosmetic_dom_addition,85,85,PHISHING,PHISHING,True,False,False,0
P02305,mediasoftcorp.com,url_lexical_query_addition,85,74,PHISHING,PHISHING,True,False,False,-11
P02350,chauffagebois-hiver.com,benign_content_padding,31,31,SUSPICIOUS,SUSPICIOUS,False,False,False,0
P02350,chauffagebois-hiver.com,visible_text_obfuscation,31,34,SUSPICIOUS,SUSPICIOUS,False,False,False,3
P02350,chauffagebois-hiver.com,cosmetic_dom_addition,31,31,SUSPICIOUS,SUSPICIOUS,False,False,False,0
P02350,chauffagebois-hiver.com,url_lexical_query_addition,31,25,SUSPICIOUS,SUSPICIOUS,False,False,False,-6
P02362,flashauto53.com,benign_content_padding,96,96,PHISHING,PHISHING,True,False,False,0
P02362,flashauto53.com,visible_text_obfuscation,96,96,PHISHING,PHISHING,True,False,False,0
P02362,flashauto53.com,cosmetic_dom_addition,96,96,PHISHING,PHISHING,True,False,False,0
P02362,flashauto53.com,url_lexical_query_addition,96,98,PHISHING,PHISHING,True,False,False,2
P02377,firebaseapp.com,benign_content_padding,99,99,PHISHING,PHISHING,True,False,False,0
P02377,firebaseapp.com,visible_text_obfuscation,99,99,PHISHING,PHISHING,True,False,False,0
P02377,firebaseapp.com,cosmetic_dom_addition,99,99,PHISHING,PHISHING,True,False,False,0
P02377,firebaseapp.com,url_lexical_query_addition,99,99,PHISHING,PHISHING,True,False,False,0
P02394,http://192.95.13.195/bndes/,benign_content_padding,99,99,PHISHING,PHISHING,True,False,False,0
P02394,http://192.95.13.195/bndes/,visible_text_obfuscation,99,77,PHISHING,PHISHING,True,False,False,-22
P02394,http://192.95.13.195/bndes/,cosmetic_dom_addition,99,99,PHISHING,PHISHING,True,False,False,0
P02394,http://192.95.13.195/bndes/,url_lexical_query_addition,99,99,PHISHING,PHISHING,True,False,False,0
P02397,lnstagram-bussines-help-services.tk,benign_content_padding,99,99,PHISHING,PHISHING,True,False,False,0
P02397,lnstagram-bussines-help-services.tk,visible_text_obfuscation,99,99,PHISHING,PHISHING,True,False,False,0
P02397,lnstagram-bussines-help-services.tk,cosmetic_dom_addition,99,99,PHISHING,PHISHING,True,False,False,0
P02397,lnstagram-bussines-help-services.tk,url_lexical_query_addition,99,99,PHISHING,PHISHING,True,False,False,0
P02404,secured05q-chase.com,benign_content_padding,98,98,PHISHING,PHISHING,True,False,False,0
P02404,secured05q-chase.com,visible_text_obfuscation,98,98,PHISHING,PHISHING,True,False,False,0
P02404,secured05q-chase.com,cosmetic_dom_addition,98,98,PHISHING,PHISHING,True,False,False,0
P02404,secured05q-chase.com,url_lexical_query_addition,98,98,PHISHING,PHISHING,True,False,False,0
P02423,host04.com,benign_content_padding,97,97,PHISHING,PHISHING,True,False,False,0
P02423,host04.com,visible_text_obfuscation,97,97,PHISHING,PHISHING,True,False,False,0
P02423,host04.com,cosmetic_dom_addition,97,97,PHISHING,PHISHING,True,False,False,0
P02423,host04.com,url_lexical_query_addition,97,89,PHISHING,PHISHING,True,False,False,-8
P02426,nycellist.com,benign_content_padding,99,99,PHISHING,PHISHING,True,False,False,0
P02426,nycellist.com,visible_text_obfuscation,99,98,PHISHING,PHISHING,True,False,False,-1
P02426,nycellist.com,cosmetic_dom_addition,99,99,PHISHING,PHISHING,True,False,False,0
P02426,nycellist.com,url_lexical_query_addition,99,99,PHISHING,PHISHING,True,False,False,0
P02435,secureserver.net,benign_content_padding,99,99,PHISHING,PHISHING,True,False,False,0
P02435,secureserver.net,visible_text_obfuscation,99,98,PHISHING,PHISHING,True,False,False,-1
P02435,secureserver.net,cosmetic_dom_addition,99,99,PHISHING,PHISHING,True,False,False,0
P02435,secureserver.net,url_lexical_query_addition,99,99,PHISHING,PHISHING,True,False,False,0
P02437,tspca.org,benign_content_padding,98,98,PHISHING,PHISHING,True,False,False,0
P02437,tspca.org,visible_text_obfuscation,98,95,PHISHING,PHISHING,True,False,False,-3
P02437,tspca.org,cosmetic_dom_addition,98,98,PHISHING,PHISHING,True,False,False,0
P02437,tspca.org,url_lexical_query_addition,98,98,PHISHING,PHISHING,True,False,False,0
P02448,bestbuydemps.tk,benign_content_padding,99,99,PHISHING,PHISHING,True,False,False,0
P02448,bestbuydemps.tk,visible_text_obfuscation,99,98,PHISHING,PHISHING,True,False,False,-1
P02448,bestbuydemps.tk,cosmetic_dom_addition,99,99,PHISHING,PHISHING,True,False,False,0
P02448,bestbuydemps.tk,url_lexical_query_addition,99,99,PHISHING,PHISHING,True,False,False,0
P02460,jessicaleiserproperties.com,benign_content_padding,95,95,PHISHING,PHISHING,True,False,False,0
P02460,jessicaleiserproperties.com,visible_text_obfuscation,95,95,PHISHING,PHISHING,True,False,False,0
P02460,jessicaleiserproperties.com,cosmetic_dom_addition,95,95,PHISHING,PHISHING,True,False,False,0
P02460,jessicaleiserproperties.com,url_lexical_query_addition,95,95,PHISHING,PHISHING,True,False,False,0
P02461,connect-wallet.org,benign_content_padding,99,99,PHISHING,PHISHING,True,False,False,0
P02461,connect-wallet.org,visible_text_obfuscation,99,94,PHISHING,PHISHING,True,False,False,-5
P02461,connect-wallet.org,cosmetic_dom_addition,99,99,PHISHING,PHISHING,True,False,False,0
P02461,connect-wallet.org,url_lexical_query_addition,99,99,PHISHING,PHISHING,True,False,False,0
P02493,modelswithguns.com,benign_content_padding,98,98,PHISHING,PHISHING,True,False,False,0
P02493,modelswithguns.com,visible_text_obfuscation,98,98,PHISHING,PHISHING,True,False,False,0
P02493,modelswithguns.com,cosmetic_dom_addition,98,98,PHISHING,PHISHING,True,False,False,0
P02493,modelswithguns.com,url_lexical_query_addition,98,96,PHISHING,PHISHING,True,False,False,-2
P02494,ripristino.info,benign_content_padding,98,98,PHISHING,PHISHING,True,False,False,0
P02494,ripristino.info,visible_text_obfuscation,98,98,PHISHING,PHISHING,True,False,False,0
P02494,ripristino.info,cosmetic_dom_addition,98,98,PHISHING,PHISHING,True,False,False,0
P02494,ripristino.info,url_lexical_query_addition,98,93,PHISHING,PHISHING,True,False,False,-5
P02505,support-management.xyz,benign_content_padding,99,99,PHISHING,PHISHING,True,False,False,0
P02505,support-management.xyz,visible_text_obfuscation,99,99,PHISHING,PHISHING,True,False,False,0
P02505,support-management.xyz,cosmetic_dom_addition,99,99,PHISHING,PHISHING,True,False,False,0
P02505,support-management.xyz,url_lexical_query_addition,99,99,PHISHING,PHISHING,True,False,False,0
P02512,paidguard.com,benign_content_padding,65,65,PHISHING,PHISHING,True,False,False,0
P02512,paidguard.com,visible_text_obfuscation,65,65,PHISHING,PHISHING,True,False,False,0
P02512,paidguard.com,cosmetic_dom_addition,65,65,PHISHING,PHISHING,True,False,False,0
P02512,paidguard.com,url_lexical_query_addition,65,65,PHISHING,PHISHING,True,False,False,0
P02533,arbredenoe.com,benign_content_padding,99,99,PHISHING,PHISHING,True,False,False,0
P02533,arbredenoe.com,visible_text_obfuscation,99,99,PHISHING,PHISHING,True,False,False,0
P02533,arbredenoe.com,cosmetic_dom_addition,99,99,PHISHING,PHISHING,True,False,False,0
P02533,arbredenoe.com,url_lexical_query_addition,99,99,PHISHING,PHISHING,True,False,False,0
P10027,khayyamadeel.com,benign_content_padding,99,99,PHISHING,PHISHING,True,False,False,0
P10027,khayyamadeel.com,visible_text_obfuscation,99,99,PHISHING,PHISHING,True,False,False,0
P10027,khayyamadeel.com,cosmetic_dom_addition,99,99,PHISHING,PHISHING,True,False,False,0
P10027,khayyamadeel.com,url_lexical_query_addition,99,99,PHISHING,PHISHING,True,False,False,0
P10054,rongbachkim.tv,benign_content_padding,95,95,PHISHING,PHISHING,True,False,False,0
P10054,rongbachkim.tv,visible_text_obfuscation,95,89,PHISHING,PHISHING,True,False,False,-6
P10054,rongbachkim.tv,cosmetic_dom_addition,95,95,PHISHING,PHISHING,True,False,False,0
P10054,rongbachkim.tv,url_lexical_query_addition,95,96,PHISHING,PHISHING,True,False,False,1
P10081,cprapid.com,benign_content_padding,99,99,PHISHING,PHISHING,True,False,False,0
P10081,cprapid.com,visible_text_obfuscation,99,99,PHISHING,PHISHING,True,False,False,0
P10081,cprapid.com,cosmetic_dom_addition,99,99,PHISHING,PHISHING,True,False,False,0
P10081,cprapid.com,url_lexical_query_addition,99,99,PHISHING,PHISHING,True,False,False,0
P10090,pay-koppel-beveiliging.nl,benign_content_padding,63,63,PHISHING,PHISHING,True,False,False,0
P10090,pay-koppel-beveiliging.nl,visible_text_obfuscation,63,15,PHISHING,SUSPICIOUS,True,True,True,-48
P10090,pay-koppel-beveiliging.nl,cosmetic_dom_addition,63,63,PHISHING,PHISHING,True,False,False,0
P10090,pay-koppel-beveiliging.nl,url_lexical_query_addition,63,63,PHISHING,PHISHING,True,False,False,0
P10092,erboristeriavarvara.it,benign_content_padding,99,99,PHISHING,PHISHING,True,False,False,0
P10092,erboristeriavarvara.it,visible_text_obfuscation,99,99,PHISHING,PHISHING,True,False,False,0
P10092,erboristeriavarvara.it,cosmetic_dom_addition,99,99,PHISHING,PHISHING,True,False,False,0
P10092,erboristeriavarvara.it,url_lexical_query_addition,99,98,PHISHING,PHISHING,True,False,False,-1
P10151,wafaicloud.com,benign_content_padding,43,43,SUSPICIOUS,SUSPICIOUS,False,False,False,0
P10151,wafaicloud.com,visible_text_obfuscation,43,43,SUSPICIOUS,SUSPICIOUS,False,False,False,0
P10151,wafaicloud.com,cosmetic_dom_addition,43,43,SUSPICIOUS,SUSPICIOUS,False,False,False,0
P10151,wafaicloud.com,url_lexical_query_addition,43,42,SUSPICIOUS,SUSPICIOUS,False,False,False,-1
P10162,wix.com,benign_content_padding,63,66,PHISHING,PHISHING,True,False,False,3
P10162,wix.com,visible_text_obfuscation,63,26,PHISHING,SUSPICIOUS,True,True,True,-37
P10162,wix.com,cosmetic_dom_addition,63,63,PHISHING,PHISHING,True,False,False,0
P10162,wix.com,url_lexical_query_addition,63,62,PHISHING,PHISHING,True,False,False,-1
P10178,tracking4you.com,benign_content_padding,97,97,PHISHING,PHISHING,True,False,False,0
P10178,tracking4you.com,visible_text_obfuscation,97,96,PHISHING,PHISHING,True,False,False,-1
P10178,tracking4you.com,cosmetic_dom_addition,97,97,PHISHING,PHISHING,True,False,False,0
P10178,tracking4you.com,url_lexical_query_addition,97,97,PHISHING,PHISHING,True,False,False,0
P10202,azurewebsites.net,benign_content_padding,99,99,PHISHING,PHISHING,True,False,False,0
P10202,azurewebsites.net,visible_text_obfuscation,99,99,PHISHING,PHISHING,True,False,False,0
P10202,azurewebsites.net,cosmetic_dom_addition,99,99,PHISHING,PHISHING,True,False,False,0
P10202,azurewebsites.net,url_lexical_query_addition,99,98,PHISHING,PHISHING,True,False,False,-1
P10214,duckdns.org,benign_content_padding,76,76,PHISHING,PHISHING,True,False,False,0
P10214,duckdns.org,visible_text_obfuscation,76,76,PHISHING,PHISHING,True,False,False,0
P10214,duckdns.org,cosmetic_dom_addition,76,76,PHISHING,PHISHING,True,False,False,0
P10214,duckdns.org,url_lexical_query_addition,76,74,PHISHING,PHISHING,True,False,False,-2
P10222,sibforms.com,benign_content_padding,77,77,PHISHING,PHISHING,True,False,False,0
P10222,sibforms.com,visible_text_obfuscation,77,76,PHISHING,PHISHING,True,False,False,-1
P10222,sibforms.com,cosmetic_dom_addition,77,77,PHISHING,PHISHING,True,False,False,0
P10222,sibforms.com,url_lexical_query_addition,77,70,PHISHING,PHISHING,True,False,False,-7
P10224,hotelprincepalacedx.com,benign_content_padding,99,99,PHISHING,PHISHING,True,False,False,0
P10224,hotelprincepalacedx.com,visible_text_obfuscation,99,99,PHISHING,PHISHING,True,False,False,0
P10224,hotelprincepalacedx.com,cosmetic_dom_addition,99,99,PHISHING,PHISHING,True,False,False,0
P10224,hotelprincepalacedx.com,url_lexical_query_addition,99,98,PHISHING,PHISHING,True,False,False,-1
P10241,cybersecurityorbit.com,benign_content_padding,81,81,PHISHING,PHISHING,True,False,False,0
P10241,cybersecurityorbit.com,visible_text_obfuscation,81,81,PHISHING,PHISHING,True,False,False,0
P10241,cybersecurityorbit.com,cosmetic_dom_addition,81,81,PHISHING,PHISHING,True,False,False,0
P10241,cybersecurityorbit.com,url_lexical_query_addition,81,77,PHISHING,PHISHING,True,False,False,-4
P10267,humbleandhungry.com.au,benign_content_padding,98,98,PHISHING,PHISHING,True,False,False,0
P10267,humbleandhungry.com.au,visible_text_obfuscation,98,98,PHISHING,PHISHING,True,False,False,0
P10267,humbleandhungry.com.au,cosmetic_dom_addition,98,98,PHISHING,PHISHING,True,False,False,0
P10267,humbleandhungry.com.au,url_lexical_query_addition,98,95,PHISHING,PHISHING,True,False,False,-3
P10271,humbleandhungry.com.au,benign_content_padding,98,98,PHISHING,PHISHING,True,False,False,0
P10271,humbleandhungry.com.au,visible_text_obfuscation,98,98,PHISHING,PHISHING,True,False,False,0
P10271,humbleandhungry.com.au,cosmetic_dom_addition,98,98,PHISHING,PHISHING,True,False,False,0
P10271,humbleandhungry.com.au,url_lexical_query_addition,98,95,PHISHING,PHISHING,True,False,False,-3
P10294,secureserver.net,benign_content_padding,99,99,PHISHING,PHISHING,True,False,False,0
P10294,secureserver.net,visible_text_obfuscation,99,99,PHISHING,PHISHING,True,False,False,0
P10294,secureserver.net,cosmetic_dom_addition,99,99,PHISHING,PHISHING,True,False,False,0
P10294,secureserver.net,url_lexical_query_addition,99,99,PHISHING,PHISHING,True,False,False,0
P10310,aya1.go.th,benign_content_padding,99,99,PHISHING,PHISHING,True,False,False,0
P10310,aya1.go.th,visible_text_obfuscation,99,99,PHISHING,PHISHING,True,False,False,0
P10310,aya1.go.th,cosmetic_dom_addition,99,99,PHISHING,PHISHING,True,False,False,0
P10310,aya1.go.th,url_lexical_query_addition,99,99,PHISHING,PHISHING,True,False,False,0
P10312,bosni.org,benign_content_padding,96,96,PHISHING,PHISHING,True,False,False,0
P10312,bosni.org,visible_text_obfuscation,96,96,PHISHING,PHISHING,True,False,False,0
P10312,bosni.org,cosmetic_dom_addition,96,96,PHISHING,PHISHING,True,False,False,0
P10312,bosni.org,url_lexical_query_addition,96,94,PHISHING,PHISHING,True,False,False,-2
P10322,informacaixabanco.info,benign_content_padding,99,99,PHISHING,PHISHING,True,False,False,0
P10322,informacaixabanco.info,visible_text_obfuscation,99,99,PHISHING,PHISHING,True,False,False,0
P10322,informacaixabanco.info,cosmetic_dom_addition,99,99,PHISHING,PHISHING,True,False,False,0
P10322,informacaixabanco.info,url_lexical_query_addition,99,99,PHISHING,PHISHING,True,False,False,0
P11014,gamingweb.de,benign_content_padding,94,95,PHISHING,PHISHING,True,False,False,1
P11014,gamingweb.de,visible_text_obfuscation,94,52,PHISHING,SUSPICIOUS,True,True,True,-42
P11014,gamingweb.de,cosmetic_dom_addition,94,94,PHISHING,PHISHING,True,False,False,0
P11014,gamingweb.de,url_lexical_query_addition,94,94,PHISHING,PHISHING,True,False,False,0
P11027,wf.com,benign_content_padding,21,21,SUSPICIOUS,SUSPICIOUS,False,False,False,0
P11027,wf.com,visible_text_obfuscation,21,6,SUSPICIOUS,SAFE,False,False,True,-15
P11027,wf.com,cosmetic_dom_addition,21,21,SUSPICIOUS,SUSPICIOUS,False,False,False,0
P11027,wf.com,url_lexical_query_addition,21,21,SUSPICIOUS,SUSPICIOUS,False,False,False,0
P11050,asyateknik.org,benign_content_padding,99,99,PHISHING,PHISHING,True,False,False,0
P11050,asyateknik.org,visible_text_obfuscation,99,99,PHISHING,PHISHING,True,False,False,0
P11050,asyateknik.org,cosmetic_dom_addition,99,99,PHISHING,PHISHING,True,False,False,0
P11050,asyateknik.org,url_lexical_query_addition,99,98,PHISHING,PHISHING,True,False,False,-1
P11054,coloradopoolcovers.com,benign_content_padding,99,99,PHISHING,PHISHING,True,False,False,0
P11054,coloradopoolcovers.com,visible_text_obfuscation,99,99,PHISHING,PHISHING,True,False,False,0
P11054,coloradopoolcovers.com,cosmetic_dom_addition,99,99,PHISHING,PHISHING,True,False,False,0
P11054,coloradopoolcovers.com,url_lexical_query_addition,99,99,PHISHING,PHISHING,True,False,False,0
P11075,deletepayee.com,benign_content_padding,29,30,SUSPICIOUS,SUSPICIOUS,False,False,False,1
P11075,deletepayee.com,visible_text_obfuscation,29,7,SUSPICIOUS,SAFE,False,False,True,-22
P11075,deletepayee.com,cosmetic_dom_addition,29,29,SUSPICIOUS,SUSPICIOUS,False,False,False,0
P11075,deletepayee.com,url_lexical_query_addition,29,27,SUSPICIOUS,SUSPICIOUS,False,False,False,-2
P11080,microsoftcenter.co,benign_content_padding,99,99,PHISHING,PHISHING,True,False,False,0
P11080,microsoftcenter.co,visible_text_obfuscation,99,99,PHISHING,PHISHING,True,False,False,0
P11080,microsoftcenter.co,cosmetic_dom_addition,99,99,PHISHING,PHISHING,True,False,False,0
P11080,microsoftcenter.co,url_lexical_query_addition,99,99,PHISHING,PHISHING,True,False,False,0
P11113,wf.com,benign_content_padding,70,62,PHISHING,PHISHING,True,False,False,-8
P11113,wf.com,visible_text_obfuscation,70,65,PHISHING,PHISHING,True,False,False,-5
P11113,wf.com,cosmetic_dom_addition,70,70,PHISHING,PHISHING,True,False,False,0
P11113,wf.com,url_lexical_query_addition,70,65,PHISHING,PHISHING,True,False,False,-5
P11120,pantheonsite.io,benign_content_padding,99,99,PHISHING,PHISHING,True,False,False,0
P11120,pantheonsite.io,visible_text_obfuscation,99,99,PHISHING,PHISHING,True,False,False,0
P11120,pantheonsite.io,cosmetic_dom_addition,99,99,PHISHING,PHISHING,True,False,False,0
P11120,pantheonsite.io,url_lexical_query_addition,99,99,PHISHING,PHISHING,True,False,False,0
P11126,fixitestore.com,benign_content_padding,99,99,PHISHING,PHISHING,True,False,False,0
P11126,fixitestore.com,visible_text_obfuscation,99,99,PHISHING,PHISHING,True,False,False,0
P11126,fixitestore.com,cosmetic_dom_addition,99,99,PHISHING,PHISHING,True,False,False,0
P11126,fixitestore.com,url_lexical_query_addition,99,98,PHISHING,PHISHING,True,False,False,-1
P11133,dadinternationalbd.com,benign_content_padding,98,98,PHISHING,PHISHING,True,False,False,0
P11133,dadinternationalbd.com,visible_text_obfuscation,98,96,PHISHING,PHISHING,True,False,False,-2
P11133,dadinternationalbd.com,cosmetic_dom_addition,98,98,PHISHING,PHISHING,True,False,False,0
P11133,dadinternationalbd.com,url_lexical_query_addition,98,98,PHISHING,PHISHING,True,False,False,0
P11139,amazonprimevideogratis.com,benign_content_padding,3,3,SAFE,SAFE,False,False,False,0
P11139,amazonprimevideogratis.com,visible_text_obfuscation,3,3,SAFE,SAFE,False,False,False,0
P11139,amazonprimevideogratis.com,cosmetic_dom_addition,3,3,SAFE,SAFE,False,False,False,0
P11139,amazonprimevideogratis.com,url_lexical_query_addition,3,2,SAFE,SAFE,False,False,False,-1
P11150,dayservicesusa.com,benign_content_padding,99,99,PHISHING,PHISHING,True,False,False,0
P11150,dayservicesusa.com,visible_text_obfuscation,99,99,PHISHING,PHISHING,True,False,False,0
P11150,dayservicesusa.com,cosmetic_dom_addition,99,99,PHISHING,PHISHING,True,False,False,0
P11150,dayservicesusa.com,url_lexical_query_addition,99,99,PHISHING,PHISHING,True,False,False,0
P11155,creativegigs.net,benign_content_padding,94,94,PHISHING,PHISHING,True,False,False,0
P11155,creativegigs.net,visible_text_obfuscation,94,94,PHISHING,PHISHING,True,False,False,0
P11155,creativegigs.net,cosmetic_dom_addition,94,94,PHISHING,PHISHING,True,False,False,0
P11155,creativegigs.net,url_lexical_query_addition,94,89,PHISHING,PHISHING,True,False,False,-5
P11168,qureshimedia.com,benign_content_padding,74,73,PHISHING,PHISHING,True,False,False,-1
P11168,qureshimedia.com,visible_text_obfuscation,74,71,PHISHING,PHISHING,True,False,False,-3
P11168,qureshimedia.com,cosmetic_dom_addition,74,74,PHISHING,PHISHING,True,False,False,0
P11168,qureshimedia.com,url_lexical_query_addition,74,71,PHISHING,PHISHING,True,False,False,-3
P11185,redirectme.net,benign_content_padding,99,99,PHISHING,PHISHING,True,False,False,0
P11185,redirectme.net,visible_text_obfuscation,99,99,PHISHING,PHISHING,True,False,False,0
P11185,redirectme.net,cosmetic_dom_addition,99,99,PHISHING,PHISHING,True,False,False,0
P11185,redirectme.net,url_lexical_query_addition,99,99,PHISHING,PHISHING,True,False,False,0
P11188,perfectlicious.com,benign_content_padding,99,99,PHISHING,PHISHING,True,False,False,0
P11188,perfectlicious.com,visible_text_obfuscation,99,98,PHISHING,PHISHING,True,False,False,-1
P11188,perfectlicious.com,cosmetic_dom_addition,99,99,PHISHING,PHISHING,True,False,False,0
P11188,perfectlicious.com,url_lexical_query_addition,99,99,PHISHING,PHISHING,True,False,False,0
P11215,digitalmpg.com,benign_content_padding,98,98,PHISHING,PHISHING,True,False,False,0
P11215,digitalmpg.com,visible_text_obfuscation,98,98,PHISHING,PHISHING,True,False,False,0
P11215,digitalmpg.com,cosmetic_dom_addition,98,98,PHISHING,PHISHING,True,False,False,0
P11215,digitalmpg.com,url_lexical_query_addition,98,98,PHISHING,PHISHING,True,False,False,0
P11221,memdrops.com,benign_content_padding,93,93,PHISHING,PHISHING,True,False,False,0
P11221,memdrops.com,visible_text_obfuscation,93,92,PHISHING,PHISHING,True,False,False,-1
P11221,memdrops.com,cosmetic_dom_addition,93,93,PHISHING,PHISHING,True,False,False,0
P11221,memdrops.com,url_lexical_query_addition,93,93,PHISHING,PHISHING,True,False,False,0
P11245,rev100now.com,benign_content_padding,57,59,PHISHING,PHISHING,True,False,False,2
P11245,rev100now.com,visible_text_obfuscation,57,57,PHISHING,PHISHING,True,False,False,0
P11245,rev100now.com,cosmetic_dom_addition,57,57,PHISHING,PHISHING,True,False,False,0
P11245,rev100now.com,url_lexical_query_addition,57,63,PHISHING,PHISHING,True,False,False,6
P11273,skaps.com,benign_content_padding,97,97,PHISHING,PHISHING,True,False,False,0
P11273,skaps.com,visible_text_obfuscation,97,94,PHISHING,PHISHING,True,False,False,-3
P11273,skaps.com,cosmetic_dom_addition,97,97,PHISHING,PHISHING,True,False,False,0
P11273,skaps.com,url_lexical_query_addition,97,94,PHISHING,PHISHING,True,False,False,-3
P11315,printandprovisions.com,benign_content_padding,99,99,PHISHING,PHISHING,True,False,False,0
P11315,printandprovisions.com,visible_text_obfuscation,99,99,PHISHING,PHISHING,True,False,False,0
P11315,printandprovisions.com,cosmetic_dom_addition,99,99,PHISHING,PHISHING,True,False,False,0
P11315,printandprovisions.com,url_lexical_query_addition,99,99,PHISHING,PHISHING,True,False,False,0
P11321,loajjad.xyz,benign_content_padding,96,95,PHISHING,PHISHING,True,False,False,-1
P11321,loajjad.xyz,visible_text_obfuscation,96,96,PHISHING,PHISHING,True,False,False,0
P11321,loajjad.xyz,cosmetic_dom_addition,96,96,PHISHING,PHISHING,True,False,False,0
P11321,loajjad.xyz,url_lexical_query_addition,96,96,PHISHING,PHISHING,True,False,False,0
P11333,myflagstaffpainter.com,benign_content_padding,92,85,PHISHING,PHISHING,True,False,False,-7
P11333,myflagstaffpainter.com,visible_text_obfuscation,92,72,PHISHING,PHISHING,True,False,False,-20
P11333,myflagstaffpainter.com,cosmetic_dom_addition,92,92,PHISHING,PHISHING,True,False,False,0
P11333,myflagstaffpainter.com,url_lexical_query_addition,92,92,PHISHING,PHISHING,True,False,False,0
P11342,twrareskinfuel.com,benign_content_padding,99,99,PHISHING,PHISHING,True,False,False,0
P11342,twrareskinfuel.com,visible_text_obfuscation,99,99,PHISHING,PHISHING,True,False,False,0
P11342,twrareskinfuel.com,cosmetic_dom_addition,99,99,PHISHING,PHISHING,True,False,False,0
P11342,twrareskinfuel.com,url_lexical_query_addition,99,99,PHISHING,PHISHING,True,False,False,0
P11349,hanthinh.com.vn,benign_content_padding,66,66,PHISHING,PHISHING,True,False,False,0
P11349,hanthinh.com.vn,visible_text_obfuscation,66,66,PHISHING,PHISHING,True,False,False,0
P11349,hanthinh.com.vn,cosmetic_dom_addition,66,66,PHISHING,PHISHING,True,False,False,0
P11349,hanthinh.com.vn,url_lexical_query_addition,66,66,PHISHING,PHISHING,True,False,False,0
P11366,impotspublicservice.com,benign_content_padding,39,39,SUSPICIOUS,SUSPICIOUS,False,False,False,0
P11366,impotspublicservice.com,visible_text_obfuscation,39,39,SUSPICIOUS,SUSPICIOUS,False,False,False,0
P11366,impotspublicservice.com,cosmetic_dom_addition,39,39,SUSPICIOUS,SUSPICIOUS,False,False,False,0
P11366,impotspublicservice.com,url_lexical_query_addition,39,31,SUSPICIOUS,SUSPICIOUS,False,False,False,-8
P11368,facebookline.com,benign_content_padding,97,97,PHISHING,PHISHING,True,False,False,0
P11368,facebookline.com,visible_text_obfuscation,97,97,PHISHING,PHISHING,True,False,False,0
P11368,facebookline.com,cosmetic_dom_addition,97,97,PHISHING,PHISHING,True,False,False,0
P11368,facebookline.com,url_lexical_query_addition,97,91,PHISHING,PHISHING,True,False,False,-6
P11381,impotspublicservice.com,benign_content_padding,38,38,SUSPICIOUS,SUSPICIOUS,False,False,False,0
P11381,impotspublicservice.com,visible_text_obfuscation,38,38,SUSPICIOUS,SUSPICIOUS,False,False,False,0
P11381,impotspublicservice.com,cosmetic_dom_addition,38,38,SUSPICIOUS,SUSPICIOUS,False,False,False,0
P11381,impotspublicservice.com,url_lexical_query_addition,38,36,SUSPICIOUS,SUSPICIOUS,False,False,False,-2
P11389,eliseeverett.com,benign_content_padding,95,95,PHISHING,PHISHING,True,False,False,0
P11389,eliseeverett.com,visible_text_obfuscation,95,95,PHISHING,PHISHING,True,False,False,0
P11389,eliseeverett.com,cosmetic_dom_addition,95,95,PHISHING,PHISHING,True,False,False,0
P11389,eliseeverett.com,url_lexical_query_addition,95,93,PHISHING,PHISHING,True,False,False,-2
P11398,uhd-wallpapers.eu,benign_content_padding,99,99,PHISHING,PHISHING,True,False,False,0
P11398,uhd-wallpapers.eu,visible_text_obfuscation,99,99,PHISHING,PHISHING,True,False,False,0
P11398,uhd-wallpapers.eu,cosmetic_dom_addition,99,99,PHISHING,PHISHING,True,False,False,0
P11398,uhd-wallpapers.eu,url_lexical_query_addition,99,99,PHISHING,PHISHING,True,False,False,0
P11412,segu.cl,benign_content_padding,99,99,PHISHING,PHISHING,True,False,False,0
P11412,segu.cl,visible_text_obfuscation,99,99,PHISHING,PHISHING,True,False,False,0
P11412,segu.cl,cosmetic_dom_addition,99,99,PHISHING,PHISHING,True,False,False,0
P11412,segu.cl,url_lexical_query_addition,99,99,PHISHING,PHISHING,True,False,False,0
P11414,myjino.ru,benign_content_padding,98,98,PHISHING,PHISHING,True,False,False,0
P11414,myjino.ru,visible_text_obfuscation,98,95,PHISHING,PHISHING,True,False,False,-3
P11414,myjino.ru,cosmetic_dom_addition,98,98,PHISHING,PHISHING,True,False,False,0
P11414,myjino.ru,url_lexical_query_addition,98,98,PHISHING,PHISHING,True,False,False,0
P11421,lmy.de,benign_content_padding,39,38,SUSPICIOUS,SUSPICIOUS,False,False,False,-1
P11421,lmy.de,visible_text_obfuscation,39,37,SUSPICIOUS,SUSPICIOUS,False,False,False,-2
P11421,lmy.de,cosmetic_dom_addition,39,39,SUSPICIOUS,SUSPICIOUS,False,False,False,0
P11421,lmy.de,url_lexical_query_addition,39,29,SUSPICIOUS,SUSPICIOUS,False,False,False,-10
P11441,hrs.ngo,benign_content_padding,98,98,PHISHING,PHISHING,True,False,False,0
P11441,hrs.ngo,visible_text_obfuscation,98,96,PHISHING,PHISHING,True,False,False,-2
P11441,hrs.ngo,cosmetic_dom_addition,98,98,PHISHING,PHISHING,True,False,False,0
P11441,hrs.ngo,url_lexical_query_addition,98,98,PHISHING,PHISHING,True,False,False,0
P11458,amazon-lc.com,benign_content_padding,6,6,SAFE,SAFE,False,False,False,0
P11458,amazon-lc.com,visible_text_obfuscation,6,6,SAFE,SAFE,False,False,False,0
P11458,amazon-lc.com,cosmetic_dom_addition,6,6,SAFE,SAFE,False,False,False,0
P11458,amazon-lc.com,url_lexical_query_addition,6,4,SAFE,SAFE,False,False,False,-2
P11515,cadeaux-free-fire.xyz,benign_content_padding,99,99,PHISHING,PHISHING,True,False,False,0
P11515,cadeaux-free-fire.xyz,visible_text_obfuscation,99,99,PHISHING,PHISHING,True,False,False,0
P11515,cadeaux-free-fire.xyz,cosmetic_dom_addition,99,99,PHISHING,PHISHING,True,False,False,0
P11515,cadeaux-free-fire.xyz,url_lexical_query_addition,99,98,PHISHING,PHISHING,True,False,False,-1
P11519,http://40.66.48.99/banks/bmo/information.html,benign_content_padding,99,99,PHISHING,PHISHING,True,False,False,0
P11519,http://40.66.48.99/banks/bmo/information.html,visible_text_obfuscation,99,99,PHISHING,PHISHING,True,False,False,0
P11519,http://40.66.48.99/banks/bmo/information.html,cosmetic_dom_addition,99,99,PHISHING,PHISHING,True,False,False,0
P11519,http://40.66.48.99/banks/bmo/information.html,url_lexical_query_addition,99,99,PHISHING,PHISHING,True,False,False,0
P11522,duckdns.org,benign_content_padding,99,99,PHISHING,PHISHING,True,False,False,0
P11522,duckdns.org,visible_text_obfuscation,99,99,PHISHING,PHISHING,True,False,False,0
P11522,duckdns.org,cosmetic_dom_addition,99,99,PHISHING,PHISHING,True,False,False,0
P11522,duckdns.org,url_lexical_query_addition,99,99,PHISHING,PHISHING,True,False,False,0
P11527,duckdns.org,benign_content_padding,99,99,PHISHING,PHISHING,True,False,False,0
P11527,duckdns.org,visible_text_obfuscation,99,99,PHISHING,PHISHING,True,False,False,0
P11527,duckdns.org,cosmetic_dom_addition,99,99,PHISHING,PHISHING,True,False,False,0
P11527,duckdns.org,url_lexical_query_addition,99,99,PHISHING,PHISHING,True,False,False,0
P11532,duckdns.org,benign_content_padding,99,99,PHISHING,PHISHING,True,False,False,0
P11532,duckdns.org,visible_text_obfuscation,99,99,PHISHING,PHISHING,True,False,False,0
P11532,duckdns.org,cosmetic_dom_addition,99,99,PHISHING,PHISHING,True,False,False,0
P11532,duckdns.org,url_lexical_query_addition,99,99,PHISHING,PHISHING,True,False,False,0
P11547,duckdns.org,benign_content_padding,99,99,PHISHING,PHISHING,True,False,False,0
P11547,duckdns.org,visible_text_obfuscation,99,99,PHISHING,PHISHING,True,False,False,0
P11547,duckdns.org,cosmetic_dom_addition,99,99,PHISHING,PHISHING,True,False,False,0
P11547,duckdns.org,url_lexical_query_addition,99,99,PHISHING,PHISHING,True,False,False,0
P11557,pantheonsite.io,benign_content_padding,99,99,PHISHING,PHISHING,True,False,False,0
P11557,pantheonsite.io,visible_text_obfuscation,99,99,PHISHING,PHISHING,True,False,False,0
P11557,pantheonsite.io,cosmetic_dom_addition,99,99,PHISHING,PHISHING,True,False,False,0
P11557,pantheonsite.io,url_lexical_query_addition,99,99,PHISHING,PHISHING,True,False,False,0
P11596,lesliehill.ca,benign_content_padding,99,99,PHISHING,PHISHING,True,False,False,0
P11596,lesliehill.ca,visible_text_obfuscation,99,99,PHISHING,PHISHING,True,False,False,0
P11596,lesliehill.ca,cosmetic_dom_addition,99,99,PHISHING,PHISHING,True,False,False,0
P11596,lesliehill.ca,url_lexical_query_addition,99,99,PHISHING,PHISHING,True,False,False,0
P11633,bratatekhomes.com,benign_content_padding,99,99,PHISHING,PHISHING,True,False,False,0
P11633,bratatekhomes.com,visible_text_obfuscation,99,99,PHISHING,PHISHING,True,False,False,0
P11633,bratatekhomes.com,cosmetic_dom_addition,99,99,PHISHING,PHISHING,True,False,False,0
P11633,bratatekhomes.com,url_lexical_query_addition,99,99,PHISHING,PHISHING,True,False,False,0
P11674,canadajournal.com.br,benign_content_padding,79,73,PHISHING,PHISHING,True,False,False,-6
P11674,canadajournal.com.br,visible_text_obfuscation,79,62,PHISHING,PHISHING,True,False,False,-17
P11674,canadajournal.com.br,cosmetic_dom_addition,79,79,PHISHING,PHISHING,True,False,False,0
P11674,canadajournal.com.br,url_lexical_query_addition,79,78,PHISHING,PHISHING,True,False,False,-1
P11731,milener.fr,benign_content_padding,94,94,PHISHING,PHISHING,True,False,False,0
P11731,milener.fr,visible_text_obfuscation,94,95,PHISHING,PHISHING,True,False,False,1
P11731,milener.fr,cosmetic_dom_addition,94,94,PHISHING,PHISHING,True,False,False,0
P11731,milener.fr,url_lexical_query_addition,94,94,PHISHING,PHISHING,True,False,False,0
P11741,dlh-express.xyz,benign_content_padding,98,98,PHISHING,PHISHING,True,False,False,0
P11741,dlh-express.xyz,visible_text_obfuscation,98,98,PHISHING,PHISHING,True,False,False,0
P11741,dlh-express.xyz,cosmetic_dom_addition,98,98,PHISHING,PHISHING,True,False,False,0
P11741,dlh-express.xyz,url_lexical_query_addition,98,98,PHISHING,PHISHING,True,False,False,0
P11791,azurewebsites.net,benign_content_padding,99,99,PHISHING,PHISHING,True,False,False,0
P11791,azurewebsites.net,visible_text_obfuscation,99,99,PHISHING,PHISHING,True,False,False,0
P11791,azurewebsites.net,cosmetic_dom_addition,99,99,PHISHING,PHISHING,True,False,False,0
P11791,azurewebsites.net,url_lexical_query_addition,99,99,PHISHING,PHISHING,True,False,False,0
P11832,restdb.io,benign_content_padding,99,99,PHISHING,PHISHING,True,False,False,0
P11832,restdb.io,visible_text_obfuscation,99,99,PHISHING,PHISHING,True,False,False,0
P11832,restdb.io,cosmetic_dom_addition,99,99,PHISHING,PHISHING,True,False,False,0
P11832,restdb.io,url_lexical_query_addition,99,99,PHISHING,PHISHING,True,False,False,0
P11839,willcoelectric.com,benign_content_padding,99,99,PHISHING,PHISHING,True,False,False,0
P11839,willcoelectric.com,visible_text_obfuscation,99,99,PHISHING,PHISHING,True,False,False,0
P11839,willcoelectric.com,cosmetic_dom_addition,99,99,PHISHING,PHISHING,True,False,False,0
P11839,willcoelectric.com,url_lexical_query_addition,99,99,PHISHING,PHISHING,True,False,False,0
P11853,karacacomunicacao.com.br,benign_content_padding,99,99,PHISHING,PHISHING,True,False,False,0
P11853,karacacomunicacao.com.br,visible_text_obfuscation,99,99,PHISHING,PHISHING,True,False,False,0
P11853,karacacomunicacao.com.br,cosmetic_dom_addition,99,99,PHISHING,PHISHING,True,False,False,0
P11853,karacacomunicacao.com.br,url_lexical_query_addition,99,99,PHISHING,PHISHING,True,False,False,0
P11854,12xlwin5.net,benign_content_padding,77,77,PHISHING,PHISHING,True,False,False,0
P11854,12xlwin5.net,visible_text_obfuscation,77,77,PHISHING,PHISHING,True,False,False,0
P11854,12xlwin5.net,cosmetic_dom_addition,77,77,PHISHING,PHISHING,True,False,False,0
P11854,12xlwin5.net,url_lexical_query_addition,77,76,PHISHING,PHISHING,True,False,False,-1
P11861,review-page-violation5283.info,benign_content_padding,96,97,PHISHING,PHISHING,True,False,False,1
P11861,review-page-violation5283.info,visible_text_obfuscation,96,97,PHISHING,PHISHING,True,False,False,1
P11861,review-page-violation5283.info,cosmetic_dom_addition,96,96,PHISHING,PHISHING,True,False,False,0
P11861,review-page-violation5283.info,url_lexical_query_addition,96,96,PHISHING,PHISHING,True,False,False,0
P11891,duckdns.org,benign_content_padding,72,72,PHISHING,PHISHING,True,False,False,0
P11891,duckdns.org,visible_text_obfuscation,72,72,PHISHING,PHISHING,True,False,False,0
P11891,duckdns.org,cosmetic_dom_addition,72,72,PHISHING,PHISHING,True,False,False,0
P11891,duckdns.org,url_lexical_query_addition,72,67,PHISHING,PHISHING,True,False,False,-5
P11901,pantheonsite.io,benign_content_padding,99,97,PHISHING,PHISHING,True,False,False,-2
P11901,pantheonsite.io,visible_text_obfuscation,99,96,PHISHING,PHISHING,True,False,False,-3
P11901,pantheonsite.io,cosmetic_dom_addition,99,99,PHISHING,PHISHING,True,False,False,0
P11901,pantheonsite.io,url_lexical_query_addition,99,99,PHISHING,PHISHING,True,False,False,0
P11907,rmpackage-bill.com,benign_content_padding,98,98,PHISHING,PHISHING,True,False,False,0
P11907,rmpackage-bill.com,visible_text_obfuscation,98,98,PHISHING,PHISHING,True,False,False,0
P11907,rmpackage-bill.com,cosmetic_dom_addition,98,98,PHISHING,PHISHING,True,False,False,0
P11907,rmpackage-bill.com,url_lexical_query_addition,98,97,PHISHING,PHISHING,True,False,False,-1
P11940,alaceyperspective.com,benign_content_padding,50,50,SUSPICIOUS,SUSPICIOUS,False,False,False,0
P11940,alaceyperspective.com,visible_text_obfuscation,50,45,SUSPICIOUS,SUSPICIOUS,False,False,False,-5
P11940,alaceyperspective.com,cosmetic_dom_addition,50,50,SUSPICIOUS,SUSPICIOUS,False,False,False,0
P11940,alaceyperspective.com,url_lexical_query_addition,50,50,SUSPICIOUS,SUSPICIOUS,False,False,False,0
P11951,fulljhuri.com,benign_content_padding,99,99,PHISHING,PHISHING,True,False,False,0
P11951,fulljhuri.com,visible_text_obfuscation,99,99,PHISHING,PHISHING,True,False,False,0
P11951,fulljhuri.com,cosmetic_dom_addition,99,99,PHISHING,PHISHING,True,False,False,0
P11951,fulljhuri.com,url_lexical_query_addition,99,99,PHISHING,PHISHING,True,False,False,0
P11960,secureserver.net,benign_content_padding,99,99,PHISHING,PHISHING,True,False,False,0
P11960,secureserver.net,visible_text_obfuscation,99,99,PHISHING,PHISHING,True,False,False,0
P11960,secureserver.net,cosmetic_dom_addition,99,99,PHISHING,PHISHING,True,False,False,0
P11960,secureserver.net,url_lexical_query_addition,99,99,PHISHING,PHISHING,True,False,False,0
P11962,secureserver.net,benign_content_padding,99,99,PHISHING,PHISHING,True,False,False,0
P11962,secureserver.net,visible_text_obfuscation,99,99,PHISHING,PHISHING,True,False,False,0
P11962,secureserver.net,cosmetic_dom_addition,99,99,PHISHING,PHISHING,True,False,False,0
P11962,secureserver.net,url_lexical_query_addition,99,99,PHISHING,PHISHING,True,False,False,0
P11967,dayservicesusa.com,benign_content_padding,99,99,PHISHING,PHISHING,True,False,False,0
P11967,dayservicesusa.com,visible_text_obfuscation,99,99,PHISHING,PHISHING,True,False,False,0
P11967,dayservicesusa.com,cosmetic_dom_addition,99,99,PHISHING,PHISHING,True,False,False,0
P11967,dayservicesusa.com,url_lexical_query_addition,99,99,PHISHING,PHISHING,True,False,False,0
P11985,telltalestudios.co,benign_content_padding,99,99,PHISHING,PHISHING,True,False,False,0
P11985,telltalestudios.co,visible_text_obfuscation,99,99,PHISHING,PHISHING,True,False,False,0
P11985,telltalestudios.co,cosmetic_dom_addition,99,99,PHISHING,PHISHING,True,False,False,0
P11985,telltalestudios.co,url_lexical_query_addition,99,99,PHISHING,PHISHING,True,False,False,0
P12000,ttlworldbaseballclassic.com,benign_content_padding,97,97,PHISHING,PHISHING,True,False,False,0
P12000,ttlworldbaseballclassic.com,visible_text_obfuscation,97,97,PHISHING,PHISHING,True,False,False,0
P12000,ttlworldbaseballclassic.com,cosmetic_dom_addition,97,97,PHISHING,PHISHING,True,False,False,0
P12000,ttlworldbaseballclassic.com,url_lexical_query_addition,97,97,PHISHING,PHISHING,True,False,False,0
P12029,trzebnica.com,benign_content_padding,99,99,PHISHING,PHISHING,True,False,False,0
P12029,trzebnica.com,visible_text_obfuscation,99,99,PHISHING,PHISHING,True,False,False,0
P12029,trzebnica.com,cosmetic_dom_addition,99,99,PHISHING,PHISHING,True,False,False,0
P12029,trzebnica.com,url_lexical_query_addition,99,99,PHISHING,PHISHING,True,False,False,0
P12040,surveygizmo.com,benign_content_padding,98,98,PHISHING,PHISHING,True,False,False,0
P12040,surveygizmo.com,visible_text_obfuscation,98,98,PHISHING,PHISHING,True,False,False,0
P12040,surveygizmo.com,cosmetic_dom_addition,98,98,PHISHING,PHISHING,True,False,False,0
P12040,surveygizmo.com,url_lexical_query_addition,98,95,PHISHING,PHISHING,True,False,False,-3
P12052,strategicnews.com,benign_content_padding,95,96,PHISHING,PHISHING,True,False,False,1
P12052,strategicnews.com,visible_text_obfuscation,95,96,PHISHING,PHISHING,True,False,False,1
P12052,strategicnews.com,cosmetic_dom_addition,95,95,PHISHING,PHISHING,True,False,False,0
P12052,strategicnews.com,url_lexical_query_addition,95,95,PHISHING,PHISHING,True,False,False,0
P12071,saarstore.com,benign_content_padding,97,97,PHISHING,PHISHING,True,False,False,0
P12071,saarstore.com,visible_text_obfuscation,97,98,PHISHING,PHISHING,True,False,False,1
P12071,saarstore.com,cosmetic_dom_addition,97,97,PHISHING,PHISHING,True,False,False,0
P12071,saarstore.com,url_lexical_query_addition,97,95,PHISHING,PHISHING,True,False,False,-2
P12076,tedhuntington.org,benign_content_padding,71,70,PHISHING,PHISHING,True,False,False,-1
P12076,tedhuntington.org,visible_text_obfuscation,71,20,PHISHING,SUSPICIOUS,True,True,True,-51
P12076,tedhuntington.org,cosmetic_dom_addition,71,71,PHISHING,PHISHING,True,False,False,0
P12076,tedhuntington.org,url_lexical_query_addition,71,71,PHISHING,PHISHING,True,False,False,0
P12086,stjagoalumni.com,benign_content_padding,99,99,PHISHING,PHISHING,True,False,False,0
P12086,stjagoalumni.com,visible_text_obfuscation,99,99,PHISHING,PHISHING,True,False,False,0
P12086,stjagoalumni.com,cosmetic_dom_addition,99,99,PHISHING,PHISHING,True,False,False,0
P12086,stjagoalumni.com,url_lexical_query_addition,99,99,PHISHING,PHISHING,True,False,False,0
P12108,apctt.org,benign_content_padding,96,96,PHISHING,PHISHING,True,False,False,0
P12108,apctt.org,visible_text_obfuscation,96,96,PHISHING,PHISHING,True,False,False,0
P12108,apctt.org,cosmetic_dom_addition,96,96,PHISHING,PHISHING,True,False,False,0
P12108,apctt.org,url_lexical_query_addition,96,96,PHISHING,PHISHING,True,False,False,0
P12112,apctt.org,benign_content_padding,98,98,PHISHING,PHISHING,True,False,False,0
P12112,apctt.org,visible_text_obfuscation,98,98,PHISHING,PHISHING,True,False,False,0
P12112,apctt.org,cosmetic_dom_addition,98,98,PHISHING,PHISHING,True,False,False,0
P12112,apctt.org,url_lexical_query_addition,98,99,PHISHING,PHISHING,True,False,False,1
P12116,spaceelogistics.com,benign_content_padding,99,98,PHISHING,PHISHING,True,False,False,-1
P12116,spaceelogistics.com,visible_text_obfuscation,99,98,PHISHING,PHISHING,True,False,False,-1
P12116,spaceelogistics.com,cosmetic_dom_addition,99,99,PHISHING,PHISHING,True,False,False,0
P12116,spaceelogistics.com,url_lexical_query_addition,99,99,PHISHING,PHISHING,True,False,False,0
P12126,ocoins.es,benign_content_padding,98,98,PHISHING,PHISHING,True,False,False,0
P12126,ocoins.es,visible_text_obfuscation,98,98,PHISHING,PHISHING,True,False,False,0
P12126,ocoins.es,cosmetic_dom_addition,98,98,PHISHING,PHISHING,True,False,False,0
P12126,ocoins.es,url_lexical_query_addition,98,96,PHISHING,PHISHING,True,False,False,-2
P12135,tmtreinamento.com.br,benign_content_padding,99,99,PHISHING,PHISHING,True,False,False,0
P12135,tmtreinamento.com.br,visible_text_obfuscation,99,99,PHISHING,PHISHING,True,False,False,0
P12135,tmtreinamento.com.br,cosmetic_dom_addition,99,99,PHISHING,PHISHING,True,False,False,0
P12135,tmtreinamento.com.br,url_lexical_query_addition,99,99,PHISHING,PHISHING,True,False,False,0
P12145,dior-ukraine.com.ua,benign_content_padding,99,98,PHISHING,PHISHING,True,False,False,-1
P12145,dior-ukraine.com.ua,visible_text_obfuscation,99,98,PHISHING,PHISHING,True,False,False,-1
P12145,dior-ukraine.com.ua,cosmetic_dom_addition,99,99,PHISHING,PHISHING,True,False,False,0
P12145,dior-ukraine.com.ua,url_lexical_query_addition,99,99,PHISHING,PHISHING,True,False,False,0
P12158,romeogor.com,benign_content_padding,65,65,PHISHING,PHISHING,True,False,False,0
P12158,romeogor.com,visible_text_obfuscation,65,65,PHISHING,PHISHING,True,False,False,0
P12158,romeogor.com,cosmetic_dom_addition,65,65,PHISHING,PHISHING,True,False,False,0
P12158,romeogor.com,url_lexical_query_addition,65,71,PHISHING,PHISHING,True,False,False,6
P12194,surveygizmo.com,benign_content_padding,97,97,PHISHING,PHISHING,True,False,False,0
P12194,surveygizmo.com,visible_text_obfuscation,97,95,PHISHING,PHISHING,True,False,False,-2
P12194,surveygizmo.com,cosmetic_dom_addition,97,97,PHISHING,PHISHING,True,False,False,0
P12194,surveygizmo.com,url_lexical_query_addition,97,85,PHISHING,PHISHING,True,False,False,-12
P12203,loopytime.im,benign_content_padding,99,99,PHISHING,PHISHING,True,False,False,0
P12203,loopytime.im,visible_text_obfuscation,99,99,PHISHING,PHISHING,True,False,False,0
P12203,loopytime.im,cosmetic_dom_addition,99,99,PHISHING,PHISHING,True,False,False,0
P12203,loopytime.im,url_lexical_query_addition,99,98,PHISHING,PHISHING,True,False,False,-1
P12245,duckdns.org,benign_content_padding,99,99,PHISHING,PHISHING,True,False,False,0
P12245,duckdns.org,visible_text_obfuscation,99,98,PHISHING,PHISHING,True,False,False,-1
P12245,duckdns.org,cosmetic_dom_addition,99,99,PHISHING,PHISHING,True,False,False,0
P12245,duckdns.org,url_lexical_query_addition,99,99,PHISHING,PHISHING,True,False,False,0
P12290,megabanz.tk,benign_content_padding,99,99,PHISHING,PHISHING,True,False,False,0
P12290,megabanz.tk,visible_text_obfuscation,99,99,PHISHING,PHISHING,True,False,False,0
P12290,megabanz.tk,cosmetic_dom_addition,99,99,PHISHING,PHISHING,True,False,False,0
P12290,megabanz.tk,url_lexical_query_addition,99,99,PHISHING,PHISHING,True,False,False,0
P12293,lolmckarim.cf,benign_content_padding,99,99,PHISHING,PHISHING,True,False,False,0
P12293,lolmckarim.cf,visible_text_obfuscation,99,99,PHISHING,PHISHING,True,False,False,0
P12293,lolmckarim.cf,cosmetic_dom_addition,99,99,PHISHING,PHISHING,True,False,False,0
P12293,lolmckarim.cf,url_lexical_query_addition,99,99,PHISHING,PHISHING,True,False,False,0
P12305,m-alcantara.es,benign_content_padding,99,99,PHISHING,PHISHING,True,False,False,0
P12305,m-alcantara.es,visible_text_obfuscation,99,99,PHISHING,PHISHING,True,False,False,0
P12305,m-alcantara.es,cosmetic_dom_addition,99,99,PHISHING,PHISHING,True,False,False,0
P12305,m-alcantara.es,url_lexical_query_addition,99,99,PHISHING,PHISHING,True,False,False,0
P12322,iamkevinfay.com,benign_content_padding,58,57,PHISHING,PHISHING,True,False,False,-1
P12322,iamkevinfay.com,visible_text_obfuscation,58,51,PHISHING,SUSPICIOUS,True,True,True,-7
P12322,iamkevinfay.com,cosmetic_dom_addition,58,58,PHISHING,PHISHING,True,False,False,0
P12322,iamkevinfay.com,url_lexical_query_addition,58,58,PHISHING,PHISHING,True,False,False,0
P12332,strangmanfamily.com,benign_content_padding,99,99,PHISHING,PHISHING,True,False,False,0
P12332,strangmanfamily.com,visible_text_obfuscation,99,99,PHISHING,PHISHING,True,False,False,0
P12332,strangmanfamily.com,cosmetic_dom_addition,99,99,PHISHING,PHISHING,True,False,False,0
P12332,strangmanfamily.com,url_lexical_query_addition,99,99,PHISHING,PHISHING,True,False,False,0
P12337,redballoonsinc.com,benign_content_padding,99,99,PHISHING,PHISHING,True,False,False,0
P12337,redballoonsinc.com,visible_text_obfuscation,99,98,PHISHING,PHISHING,True,False,False,-1
P12337,redballoonsinc.com,cosmetic_dom_addition,99,99,PHISHING,PHISHING,True,False,False,0
P12337,redballoonsinc.com,url_lexical_query_addition,99,99,PHISHING,PHISHING,True,False,False,0
P12357,comcastbiz.net,benign_content_padding,98,98,PHISHING,PHISHING,True,False,False,0
P12357,comcastbiz.net,visible_text_obfuscation,98,98,PHISHING,PHISHING,True,False,False,0
P12357,comcastbiz.net,cosmetic_dom_addition,98,98,PHISHING,PHISHING,True,False,False,0
P12357,comcastbiz.net,url_lexical_query_addition,98,97,PHISHING,PHISHING,True,False,False,-1
P12359,studioadig.com,benign_content_padding,96,96,PHISHING,PHISHING,True,False,False,0
P12359,studioadig.com,visible_text_obfuscation,96,96,PHISHING,PHISHING,True,False,False,0
P12359,studioadig.com,cosmetic_dom_addition,96,96,PHISHING,PHISHING,True,False,False,0
P12359,studioadig.com,url_lexical_query_addition,96,95,PHISHING,PHISHING,True,False,False,-1
P12370,reliableenergyltd.com,benign_content_padding,99,99,PHISHING,PHISHING,True,False,False,0
P12370,reliableenergyltd.com,visible_text_obfuscation,99,99,PHISHING,PHISHING,True,False,False,0
P12370,reliableenergyltd.com,cosmetic_dom_addition,99,99,PHISHING,PHISHING,True,False,False,0
P12370,reliableenergyltd.com,url_lexical_query_addition,99,99,PHISHING,PHISHING,True,False,False,0
P12390,myftpupload.com,benign_content_padding,99,99,PHISHING,PHISHING,True,False,False,0
P12390,myftpupload.com,visible_text_obfuscation,99,99,PHISHING,PHISHING,True,False,False,0
P12390,myftpupload.com,cosmetic_dom_addition,99,99,PHISHING,PHISHING,True,False,False,0
P12390,myftpupload.com,url_lexical_query_addition,99,99,PHISHING,PHISHING,True,False,False,0
P12396,myftpupload.com,benign_content_padding,99,99,PHISHING,PHISHING,True,False,False,0
P12396,myftpupload.com,visible_text_obfuscation,99,99,PHISHING,PHISHING,True,False,False,0
P12396,myftpupload.com,cosmetic_dom_addition,99,99,PHISHING,PHISHING,True,False,False,0
P12396,myftpupload.com,url_lexical_query_addition,99,99,PHISHING,PHISHING,True,False,False,0
P12426,publicinformationcollection.com,benign_content_padding,99,99,PHISHING,PHISHING,True,False,False,0
P12426,publicinformationcollection.com,visible_text_obfuscation,99,99,PHISHING,PHISHING,True,False,False,0
P12426,publicinformationcollection.com,cosmetic_dom_addition,99,99,PHISHING,PHISHING,True,False,False,0
P12426,publicinformationcollection.com,url_lexical_query_addition,99,99,PHISHING,PHISHING,True,False,False,0
P12446,carbonero.gr,benign_content_padding,98,98,PHISHING,PHISHING,True,False,False,0
P12446,carbonero.gr,visible_text_obfuscation,98,98,PHISHING,PHISHING,True,False,False,0
P12446,carbonero.gr,cosmetic_dom_addition,98,98,PHISHING,PHISHING,True,False,False,0
P12446,carbonero.gr,url_lexical_query_addition,98,93,PHISHING,PHISHING,True,False,False,-5
P12472,http://35.188.36.185/chase/27-03-2020/locator.chase.com/website/,benign_content_padding,92,91,PHISHING,PHISHING,True,False,False,-1
P12472,http://35.188.36.185/chase/27-03-2020/locator.chase.com/website/,visible_text_obfuscation,92,90,PHISHING,PHISHING,True,False,False,-2
P12472,http://35.188.36.185/chase/27-03-2020/locator.chase.com/website/,cosmetic_dom_addition,92,92,PHISHING,PHISHING,True,False,False,0
P12472,http://35.188.36.185/chase/27-03-2020/locator.chase.com/website/,url_lexical_query_addition,92,92,PHISHING,PHISHING,True,False,False,0
P12509,vrfd902.com,benign_content_padding,99,99,PHISHING,PHISHING,True,False,False,0
P12509,vrfd902.com,visible_text_obfuscation,99,99,PHISHING,PHISHING,True,False,False,0
P12509,vrfd902.com,cosmetic_dom_addition,99,99,PHISHING,PHISHING,True,False,False,0
P12509,vrfd902.com,url_lexical_query_addition,99,98,PHISHING,PHISHING,True,False,False,-1
P12514,zizzersmauzy.cf,benign_content_padding,99,99,PHISHING,PHISHING,True,False,False,0
P12514,zizzersmauzy.cf,visible_text_obfuscation,99,99,PHISHING,PHISHING,True,False,False,0
P12514,zizzersmauzy.cf,cosmetic_dom_addition,99,99,PHISHING,PHISHING,True,False,False,0
P12514,zizzersmauzy.cf,url_lexical_query_addition,99,99,PHISHING,PHISHING,True,False,False,0
P12554,sibforms.com,benign_content_padding,88,88,PHISHING,PHISHING,True,False,False,0
P12554,sibforms.com,visible_text_obfuscation,88,88,PHISHING,PHISHING,True,False,False,0
P12554,sibforms.com,cosmetic_dom_addition,88,88,PHISHING,PHISHING,True,False,False,0
P12554,sibforms.com,url_lexical_query_addition,88,91,PHISHING,PHISHING,True,False,False,3
P12561,ns01.info,benign_content_padding,99,99,PHISHING,PHISHING,True,False,False,0
P12561,ns01.info,visible_text_obfuscation,99,99,PHISHING,PHISHING,True,False,False,0
P12561,ns01.info,cosmetic_dom_addition,99,99,PHISHING,PHISHING,True,False,False,0
P12561,ns01.info,url_lexical_query_addition,99,99,PHISHING,PHISHING,True,False,False,0
P12571,myshn.net,benign_content_padding,66,67,PHISHING,PHISHING,True,False,False,1
P12571,myshn.net,visible_text_obfuscation,66,60,PHISHING,PHISHING,True,False,False,-6
P12571,myshn.net,cosmetic_dom_addition,66,66,PHISHING,PHISHING,True,False,False,0
P12571,myshn.net,url_lexical_query_addition,66,59,PHISHING,PHISHING,True,False,False,-7
P12588,usinternalrevenueservice.com,benign_content_padding,10,9,SAFE,SAFE,False,False,False,-1
P12588,usinternalrevenueservice.com,visible_text_obfuscation,10,5,SAFE,SAFE,False,False,False,-5
P12588,usinternalrevenueservice.com,cosmetic_dom_addition,10,10,SAFE,SAFE,False,False,False,0
P12588,usinternalrevenueservice.com,url_lexical_query_addition,10,9,SAFE,SAFE,False,False,False,-1
P12600,updates-securitys.com,benign_content_padding,99,99,PHISHING,PHISHING,True,False,False,0
P12600,updates-securitys.com,visible_text_obfuscation,99,99,PHISHING,PHISHING,True,False,False,0
P12600,updates-securitys.com,cosmetic_dom_addition,99,99,PHISHING,PHISHING,True,False,False,0
P12600,updates-securitys.com,url_lexical_query_addition,99,99,PHISHING,PHISHING,True,False,False,0
P12603,http://63.250.33.127/smsinsert.php,benign_content_padding,99,99,PHISHING,PHISHING,True,False,False,0
P12603,http://63.250.33.127/smsinsert.php,visible_text_obfuscation,99,99,PHISHING,PHISHING,True,False,False,0
P12603,http://63.250.33.127/smsinsert.php,cosmetic_dom_addition,99,99,PHISHING,PHISHING,True,False,False,0
P12603,http://63.250.33.127/smsinsert.php,url_lexical_query_addition,99,99,PHISHING,PHISHING,True,False,False,0
P12607,secureserver.net,benign_content_padding,99,99,PHISHING,PHISHING,True,False,False,0
P12607,secureserver.net,visible_text_obfuscation,99,99,PHISHING,PHISHING,True,False,False,0
P12607,secureserver.net,cosmetic_dom_addition,99,99,PHISHING,PHISHING,True,False,False,0
P12607,secureserver.net,url_lexical_query_addition,99,99,PHISHING,PHISHING,True,False,False,0
P12611,fndsdaytings.com,benign_content_padding,93,92,PHISHING,PHISHING,True,False,False,-1
P12611,fndsdaytings.com,visible_text_obfuscation,93,93,PHISHING,PHISHING,True,False,False,0
P12611,fndsdaytings.com,cosmetic_dom_addition,93,93,PHISHING,PHISHING,True,False,False,0
P12611,fndsdaytings.com,url_lexical_query_addition,93,93,PHISHING,PHISHING,True,False,False,0
P12635,systemedonline.com,benign_content_padding,99,99,PHISHING,PHISHING,True,False,False,0
P12635,systemedonline.com,visible_text_obfuscation,99,98,PHISHING,PHISHING,True,False,False,-1
P12635,systemedonline.com,cosmetic_dom_addition,99,99,PHISHING,PHISHING,True,False,False,0
P12635,systemedonline.com,url_lexical_query_addition,99,99,PHISHING,PHISHING,True,False,False,0
P12643,secureserver.net,benign_content_padding,99,99,PHISHING,PHISHING,True,False,False,0
P12643,secureserver.net,visible_text_obfuscation,99,99,PHISHING,PHISHING,True,False,False,0
P12643,secureserver.net,cosmetic_dom_addition,99,99,PHISHING,PHISHING,True,False,False,0
P12643,secureserver.net,url_lexical_query_addition,99,99,PHISHING,PHISHING,True,False,False,0
P12652,secureserver.net,benign_content_padding,99,99,PHISHING,PHISHING,True,False,False,0
P12652,secureserver.net,visible_text_obfuscation,99,99,PHISHING,PHISHING,True,False,False,0
P12652,secureserver.net,cosmetic_dom_addition,99,99,PHISHING,PHISHING,True,False,False,0
P12652,secureserver.net,url_lexical_query_addition,99,99,PHISHING,PHISHING,True,False,False,0
P12662,app-agencia.com,benign_content_padding,98,97,PHISHING,PHISHING,True,False,False,-1
P12662,app-agencia.com,visible_text_obfuscation,98,98,PHISHING,PHISHING,True,False,False,0
P12662,app-agencia.com,cosmetic_dom_addition,98,98,PHISHING,PHISHING,True,False,False,0
P12662,app-agencia.com,url_lexical_query_addition,98,93,PHISHING,PHISHING,True,False,False,-5
P12697,titan-valves.com,benign_content_padding,99,99,PHISHING,PHISHING,True,False,False,0
P12697,titan-valves.com,visible_text_obfuscation,99,99,PHISHING,PHISHING,True,False,False,0
P12697,titan-valves.com,cosmetic_dom_addition,99,99,PHISHING,PHISHING,True,False,False,0
P12697,titan-valves.com,url_lexical_query_addition,99,99,PHISHING,PHISHING,True,False,False,0
P12704,sunejacards.com,benign_content_padding,99,99,PHISHING,PHISHING,True,False,False,0
P12704,sunejacards.com,visible_text_obfuscation,99,99,PHISHING,PHISHING,True,False,False,0
P12704,sunejacards.com,cosmetic_dom_addition,99,99,PHISHING,PHISHING,True,False,False,0
P12704,sunejacards.com,url_lexical_query_addition,99,99,PHISHING,PHISHING,True,False,False,0
P12710,amazoen-account.com,benign_content_padding,99,99,PHISHING,PHISHING,True,False,False,0
P12710,amazoen-account.com,visible_text_obfuscation,99,99,PHISHING,PHISHING,True,False,False,0
P12710,amazoen-account.com,cosmetic_dom_addition,99,99,PHISHING,PHISHING,True,False,False,0
P12710,amazoen-account.com,url_lexical_query_addition,99,99,PHISHING,PHISHING,True,False,False,0
P12717,dhyanmitra.com,benign_content_padding,96,94,PHISHING,PHISHING,True,False,False,-2
P12717,dhyanmitra.com,visible_text_obfuscation,96,93,PHISHING,PHISHING,True,False,False,-3
P12717,dhyanmitra.com,cosmetic_dom_addition,96,96,PHISHING,PHISHING,True,False,False,0
P12717,dhyanmitra.com,url_lexical_query_addition,96,92,PHISHING,PHISHING,True,False,False,-4
P12729,telecine-online.com,benign_content_padding,99,99,PHISHING,PHISHING,True,False,False,0
P12729,telecine-online.com,visible_text_obfuscation,99,99,PHISHING,PHISHING,True,False,False,0
P12729,telecine-online.com,cosmetic_dom_addition,99,99,PHISHING,PHISHING,True,False,False,0
P12729,telecine-online.com,url_lexical_query_addition,99,99,PHISHING,PHISHING,True,False,False,0
P12748,isosneham.com,benign_content_padding,88,88,PHISHING,PHISHING,True,False,False,0
P12748,isosneham.com,visible_text_obfuscation,88,88,PHISHING,PHISHING,True,False,False,0
P12748,isosneham.com,cosmetic_dom_addition,88,88,PHISHING,PHISHING,True,False,False,0
P12748,isosneham.com,url_lexical_query_addition,88,88,PHISHING,PHISHING,True,False,False,0
P12759,secure-onlinenatwest.com,benign_content_padding,98,98,PHISHING,PHISHING,True,False,False,0
P12759,secure-onlinenatwest.com,visible_text_obfuscation,98,98,PHISHING,PHISHING,True,False,False,0
P12759,secure-onlinenatwest.com,cosmetic_dom_addition,98,98,PHISHING,PHISHING,True,False,False,0
P12759,secure-onlinenatwest.com,url_lexical_query_addition,98,98,PHISHING,PHISHING,True,False,False,0
P12814,wlvx.org,benign_content_padding,82,82,PHISHING,PHISHING,True,False,False,0
P12814,wlvx.org,visible_text_obfuscation,82,82,PHISHING,PHISHING,True,False,False,0
P12814,wlvx.org,cosmetic_dom_addition,82,82,PHISHING,PHISHING,True,False,False,0
P12814,wlvx.org,url_lexical_query_addition,82,94,PHISHING,PHISHING,True,False,False,12
P12843,casualtyomar.com,benign_content_padding,99,99,PHISHING,PHISHING,True,False,False,0
P12843,casualtyomar.com,visible_text_obfuscation,99,99,PHISHING,PHISHING,True,False,False,0
P12843,casualtyomar.com,cosmetic_dom_addition,99,99,PHISHING,PHISHING,True,False,False,0
P12843,casualtyomar.com,url_lexical_query_addition,99,99,PHISHING,PHISHING,True,False,False,0
P12848,linehosting.top,benign_content_padding,99,99,PHISHING,PHISHING,True,False,False,0
P12848,linehosting.top,visible_text_obfuscation,99,99,PHISHING,PHISHING,True,False,False,0
P12848,linehosting.top,cosmetic_dom_addition,99,99,PHISHING,PHISHING,True,False,False,0
P12848,linehosting.top,url_lexical_query_addition,99,99,PHISHING,PHISHING,True,False,False,0
P12867,fndsdaytings.com,benign_content_padding,97,97,PHISHING,PHISHING,True,False,False,0
P12867,fndsdaytings.com,visible_text_obfuscation,97,97,PHISHING,PHISHING,True,False,False,0
P12867,fndsdaytings.com,cosmetic_dom_addition,97,97,PHISHING,PHISHING,True,False,False,0
P12867,fndsdaytings.com,url_lexical_query_addition,97,97,PHISHING,PHISHING,True,False,False,0
P12921,duckdns.org,benign_content_padding,99,99,PHISHING,PHISHING,True,False,False,0
P12921,duckdns.org,visible_text_obfuscation,99,99,PHISHING,PHISHING,True,False,False,0
P12921,duckdns.org,cosmetic_dom_addition,99,99,PHISHING,PHISHING,True,False,False,0
P12921,duckdns.org,url_lexical_query_addition,99,99,PHISHING,PHISHING,True,False,False,0
P12929,wy120wcn.ru,benign_content_padding,98,98,PHISHING,PHISHING,True,False,False,0
P12929,wy120wcn.ru,visible_text_obfuscation,98,98,PHISHING,PHISHING,True,False,False,0
P12929,wy120wcn.ru,cosmetic_dom_addition,98,98,PHISHING,PHISHING,True,False,False,0
P12929,wy120wcn.ru,url_lexical_query_addition,98,97,PHISHING,PHISHING,True,False,False,-1
P12940,withstartup.com,benign_content_padding,68,65,PHISHING,PHISHING,True,False,False,-3
P12940,withstartup.com,visible_text_obfuscation,68,68,PHISHING,PHISHING,True,False,False,0
P12940,withstartup.com,cosmetic_dom_addition,68,68,PHISHING,PHISHING,True,False,False,0
P12940,withstartup.com,url_lexical_query_addition,68,64,PHISHING,PHISHING,True,False,False,-4
P12993,sanfranciscoloop.com,benign_content_padding,98,98,PHISHING,PHISHING,True,False,False,0
P12993,sanfranciscoloop.com,visible_text_obfuscation,98,98,PHISHING,PHISHING,True,False,False,0
P12993,sanfranciscoloop.com,cosmetic_dom_addition,98,98,PHISHING,PHISHING,True,False,False,0
P12993,sanfranciscoloop.com,url_lexical_query_addition,98,98,PHISHING,PHISHING,True,False,False,0
P12998,novuskin.com,benign_content_padding,99,98,PHISHING,PHISHING,True,False,False,-1
P12998,novuskin.com,visible_text_obfuscation,99,98,PHISHING,PHISHING,True,False,False,-1
P12998,novuskin.com,cosmetic_dom_addition,99,99,PHISHING,PHISHING,True,False,False,0
P12998,novuskin.com,url_lexical_query_addition,99,99,PHISHING,PHISHING,True,False,False,0
P13037,razeconsulting.com,benign_content_padding,98,98,PHISHING,PHISHING,True,False,False,0
P13037,razeconsulting.com,visible_text_obfuscation,98,98,PHISHING,PHISHING,True,False,False,0
P13037,razeconsulting.com,cosmetic_dom_addition,98,98,PHISHING,PHISHING,True,False,False,0
P13037,razeconsulting.com,url_lexical_query_addition,98,98,PHISHING,PHISHING,True,False,False,0
P13065,deborahisaacs.com,benign_content_padding,99,99,PHISHING,PHISHING,True,False,False,0
P13065,deborahisaacs.com,visible_text_obfuscation,99,97,PHISHING,PHISHING,True,False,False,-2
P13065,deborahisaacs.com,cosmetic_dom_addition,99,99,PHISHING,PHISHING,True,False,False,0
P13065,deborahisaacs.com,url_lexical_query_addition,99,99,PHISHING,PHISHING,True,False,False,0
P13150,yogacharitabletrust.org,benign_content_padding,98,98,PHISHING,PHISHING,True,False,False,0
P13150,yogacharitabletrust.org,visible_text_obfuscation,98,97,PHISHING,PHISHING,True,False,False,-1
P13150,yogacharitabletrust.org,cosmetic_dom_addition,98,98,PHISHING,PHISHING,True,False,False,0
P13150,yogacharitabletrust.org,url_lexical_query_addition,98,97,PHISHING,PHISHING,True,False,False,-1
P13157,http://77.70.107.196/wordpress/custom/apple.com-uk/verify-login.htm,benign_content_padding,99,99,PHISHING,PHISHING,True,False,False,0
P13157,http://77.70.107.196/wordpress/custom/apple.com-uk/verify-login.htm,visible_text_obfuscation,99,99,PHISHING,PHISHING,True,False,False,0
P13157,http://77.70.107.196/wordpress/custom/apple.com-uk/verify-login.htm,cosmetic_dom_addition,99,99,PHISHING,PHISHING,True,False,False,0
P13157,http://77.70.107.196/wordpress/custom/apple.com-uk/verify-login.htm,url_lexical_query_addition,99,99,PHISHING,PHISHING,True,False,False,0
P13182,socumtrans.ro,benign_content_padding,99,99,PHISHING,PHISHING,True,False,False,0
P13182,socumtrans.ro,visible_text_obfuscation,99,99,PHISHING,PHISHING,True,False,False,0
P13182,socumtrans.ro,cosmetic_dom_addition,99,99,PHISHING,PHISHING,True,False,False,0
P13182,socumtrans.ro,url_lexical_query_addition,99,99,PHISHING,PHISHING,True,False,False,0
P13199,sanpedroandjankowitz.com,benign_content_padding,52,52,SUSPICIOUS,SUSPICIOUS,False,False,False,0
P13199,sanpedroandjankowitz.com,visible_text_obfuscation,52,56,SUSPICIOUS,SUSPICIOUS,False,False,False,4
P13199,sanpedroandjankowitz.com,cosmetic_dom_addition,52,52,SUSPICIOUS,SUSPICIOUS,False,False,False,0
P13199,sanpedroandjankowitz.com,url_lexical_query_addition,52,49,SUSPICIOUS,SUSPICIOUS,False,False,False,-3
P13238,lalal.info,benign_content_padding,42,35,SUSPICIOUS,SUSPICIOUS,False,False,False,-7
P13238,lalal.info,visible_text_obfuscation,42,19,SUSPICIOUS,SUSPICIOUS,False,False,False,-23
P13238,lalal.info,cosmetic_dom_addition,42,42,SUSPICIOUS,SUSPICIOUS,False,False,False,0
P13238,lalal.info,url_lexical_query_addition,42,46,SUSPICIOUS,SUSPICIOUS,False,False,False,4
P13277,hitbasic.com.br,benign_content_padding,83,82,PHISHING,PHISHING,True,False,False,-1
P13277,hitbasic.com.br,visible_text_obfuscation,83,81,PHISHING,PHISHING,True,False,False,-2
P13277,hitbasic.com.br,cosmetic_dom_addition,83,83,PHISHING,PHISHING,True,False,False,0
P13277,hitbasic.com.br,url_lexical_query_addition,83,64,PHISHING,PHISHING,True,False,False,-19
P13284,atempurl.com,benign_content_padding,99,99,PHISHING,PHISHING,True,False,False,0
P13284,atempurl.com,visible_text_obfuscation,99,99,PHISHING,PHISHING,True,False,False,0
P13284,atempurl.com,cosmetic_dom_addition,99,99,PHISHING,PHISHING,True,False,False,0
P13284,atempurl.com,url_lexical_query_addition,99,99,PHISHING,PHISHING,True,False,False,0
P13311,servicosonlinevangoghselect.net,benign_content_padding,82,81,PHISHING,PHISHING,True,False,False,-1
P13311,servicosonlinevangoghselect.net,visible_text_obfuscation,82,10,PHISHING,SAFE,True,True,True,-72
P13311,servicosonlinevangoghselect.net,cosmetic_dom_addition,82,82,PHISHING,PHISHING,True,False,False,0
P13311,servicosonlinevangoghselect.net,url_lexical_query_addition,82,84,PHISHING,PHISHING,True,False,False,2
P13319,palaparthy.com,benign_content_padding,6,6,SAFE,SAFE,False,False,False,0
P13319,palaparthy.com,visible_text_obfuscation,6,5,SAFE,SAFE,False,False,False,-1
P13319,palaparthy.com,cosmetic_dom_addition,6,6,SAFE,SAFE,False,False,False,0
P13319,palaparthy.com,url_lexical_query_addition,6,5,SAFE,SAFE,False,False,False,-1
P13327,cooking-recepies.com,benign_content_padding,99,99,PHISHING,PHISHING,True,False,False,0
P13327,cooking-recepies.com,visible_text_obfuscation,99,99,PHISHING,PHISHING,True,False,False,0
P13327,cooking-recepies.com,cosmetic_dom_addition,99,99,PHISHING,PHISHING,True,False,False,0
P13327,cooking-recepies.com,url_lexical_query_addition,99,99,PHISHING,PHISHING,True,False,False,0
P13361,scoalamameipitesti.ro,benign_content_padding,99,99,PHISHING,PHISHING,True,False,False,0
P13361,scoalamameipitesti.ro,visible_text_obfuscation,99,98,PHISHING,PHISHING,True,False,False,-1
P13361,scoalamameipitesti.ro,cosmetic_dom_addition,99,99,PHISHING,PHISHING,True,False,False,0
P13361,scoalamameipitesti.ro,url_lexical_query_addition,99,99,PHISHING,PHISHING,True,False,False,0
P13365,paiapark.com,benign_content_padding,66,66,PHISHING,PHISHING,True,False,False,0
P13365,paiapark.com,visible_text_obfuscation,66,2,PHISHING,SAFE,True,True,True,-64
P13365,paiapark.com,cosmetic_dom_addition,66,66,PHISHING,PHISHING,True,False,False,0
P13365,paiapark.com,url_lexical_query_addition,66,65,PHISHING,PHISHING,True,False,False,-1
P13369,audacity2lead.com,benign_content_padding,99,99,PHISHING,PHISHING,True,False,False,0
P13369,audacity2lead.com,visible_text_obfuscation,99,98,PHISHING,PHISHING,True,False,False,-1
P13369,audacity2lead.com,cosmetic_dom_addition,99,99,PHISHING,PHISHING,True,False,False,0
P13369,audacity2lead.com,url_lexical_query_addition,99,99,PHISHING,PHISHING,True,False,False,0
P13385,ogorodik-sad.ru,benign_content_padding,99,99,PHISHING,PHISHING,True,False,False,0
P13385,ogorodik-sad.ru,visible_text_obfuscation,99,99,PHISHING,PHISHING,True,False,False,0
P13385,ogorodik-sad.ru,cosmetic_dom_addition,99,99,PHISHING,PHISHING,True,False,False,0
P13385,ogorodik-sad.ru,url_lexical_query_addition,99,99,PHISHING,PHISHING,True,False,False,0
P13398,badairquality.com,benign_content_padding,48,46,SUSPICIOUS,SUSPICIOUS,False,False,False,-2
P13398,badairquality.com,visible_text_obfuscation,48,30,SUSPICIOUS,SUSPICIOUS,False,False,False,-18
P13398,badairquality.com,cosmetic_dom_addition,48,48,SUSPICIOUS,SUSPICIOUS,False,False,False,0
P13398,badairquality.com,url_lexical_query_addition,48,42,SUSPICIOUS,SUSPICIOUS,False,False,False,-6
P13442,polinos.com,benign_content_padding,96,96,PHISHING,PHISHING,True,False,False,0
P13442,polinos.com,visible_text_obfuscation,96,96,PHISHING,PHISHING,True,False,False,0
P13442,polinos.com,cosmetic_dom_addition,96,96,PHISHING,PHISHING,True,False,False,0
P13442,polinos.com,url_lexical_query_addition,96,93,PHISHING,PHISHING,True,False,False,-3
P13454,hobblecreekkettlecorn.com,benign_content_padding,99,99,PHISHING,PHISHING,True,False,False,0
P13454,hobblecreekkettlecorn.com,visible_text_obfuscation,99,99,PHISHING,PHISHING,True,False,False,0
P13454,hobblecreekkettlecorn.com,cosmetic_dom_addition,99,99,PHISHING,PHISHING,True,False,False,0
P13454,hobblecreekkettlecorn.com,url_lexical_query_addition,99,99,PHISHING,PHISHING,True,False,False,0
P13461,beloinox.pl,benign_content_padding,89,89,PHISHING,PHISHING,True,False,False,0
P13461,beloinox.pl,visible_text_obfuscation,89,87,PHISHING,PHISHING,True,False,False,-2
P13461,beloinox.pl,cosmetic_dom_addition,89,89,PHISHING,PHISHING,True,False,False,0
P13461,beloinox.pl,url_lexical_query_addition,89,75,PHISHING,PHISHING,True,False,False,-14
P13472,powaywelding.com,benign_content_padding,98,98,PHISHING,PHISHING,True,False,False,0
P13472,powaywelding.com,visible_text_obfuscation,98,98,PHISHING,PHISHING,True,False,False,0
P13472,powaywelding.com,cosmetic_dom_addition,98,98,PHISHING,PHISHING,True,False,False,0
P13472,powaywelding.com,url_lexical_query_addition,98,97,PHISHING,PHISHING,True,False,False,-1
P13474,proxima-net.com,benign_content_padding,99,99,PHISHING,PHISHING,True,False,False,0
P13474,proxima-net.com,visible_text_obfuscation,99,99,PHISHING,PHISHING,True,False,False,0
P13474,proxima-net.com,cosmetic_dom_addition,99,99,PHISHING,PHISHING,True,False,False,0
P13474,proxima-net.com,url_lexical_query_addition,99,99,PHISHING,PHISHING,True,False,False,0
P13500,yahoosites.com,benign_content_padding,99,99,PHISHING,PHISHING,True,False,False,0
P13500,yahoosites.com,visible_text_obfuscation,99,99,PHISHING,PHISHING,True,False,False,0
P13500,yahoosites.com,cosmetic_dom_addition,99,99,PHISHING,PHISHING,True,False,False,0
P13500,yahoosites.com,url_lexical_query_addition,99,99,PHISHING,PHISHING,True,False,False,0
P13562,br-acessolimiteaprovado.club,benign_content_padding,99,99,PHISHING,PHISHING,True,False,False,0
P13562,br-acessolimiteaprovado.club,visible_text_obfuscation,99,99,PHISHING,PHISHING,True,False,False,0
P13562,br-acessolimiteaprovado.club,cosmetic_dom_addition,99,99,PHISHING,PHISHING,True,False,False,0
P13562,br-acessolimiteaprovado.club,url_lexical_query_addition,99,99,PHISHING,PHISHING,True,False,False,0
P13587,americanexpress-form.com,benign_content_padding,44,44,SUSPICIOUS,SUSPICIOUS,False,False,False,0
P13587,americanexpress-form.com,visible_text_obfuscation,44,44,SUSPICIOUS,SUSPICIOUS,False,False,False,0
P13587,americanexpress-form.com,cosmetic_dom_addition,44,44,SUSPICIOUS,SUSPICIOUS,False,False,False,0
P13587,americanexpress-form.com,url_lexical_query_addition,44,44,SUSPICIOUS,SUSPICIOUS,False,False,False,0
P13592,vergaralandscaping.com,benign_content_padding,43,43,SUSPICIOUS,SUSPICIOUS,False,False,False,0
P13592,vergaralandscaping.com,visible_text_obfuscation,43,43,SUSPICIOUS,SUSPICIOUS,False,False,False,0
P13592,vergaralandscaping.com,cosmetic_dom_addition,43,43,SUSPICIOUS,SUSPICIOUS,False,False,False,0
P13592,vergaralandscaping.com,url_lexical_query_addition,43,43,SUSPICIOUS,SUSPICIOUS,False,False,False,0
P13634,eterrain.ci,benign_content_padding,99,99,PHISHING,PHISHING,True,False,False,0
P13634,eterrain.ci,visible_text_obfuscation,99,99,PHISHING,PHISHING,True,False,False,0
P13634,eterrain.ci,cosmetic_dom_addition,99,99,PHISHING,PHISHING,True,False,False,0
P13634,eterrain.ci,url_lexical_query_addition,99,99,PHISHING,PHISHING,True,False,False,0
P13640,azurewebsites.net,benign_content_padding,88,88,PHISHING,PHISHING,True,False,False,0
P13640,azurewebsites.net,visible_text_obfuscation,88,86,PHISHING,PHISHING,True,False,False,-2
P13640,azurewebsites.net,cosmetic_dom_addition,88,88,PHISHING,PHISHING,True,False,False,0
P13640,azurewebsites.net,url_lexical_query_addition,88,69,PHISHING,PHISHING,True,False,False,-19
P13643,lamegoz.top,benign_content_padding,99,99,PHISHING,PHISHING,True,False,False,0
P13643,lamegoz.top,visible_text_obfuscation,99,99,PHISHING,PHISHING,True,False,False,0
P13643,lamegoz.top,cosmetic_dom_addition,99,99,PHISHING,PHISHING,True,False,False,0
P13643,lamegoz.top,url_lexical_query_addition,99,99,PHISHING,PHISHING,True,False,False,0
P13701,securewebsession.com,benign_content_padding,97,97,PHISHING,PHISHING,True,False,False,0
P13701,securewebsession.com,visible_text_obfuscation,97,44,PHISHING,SUSPICIOUS,True,True,True,-53
P13701,securewebsession.com,cosmetic_dom_addition,97,97,PHISHING,PHISHING,True,False,False,0
P13701,securewebsession.com,url_lexical_query_addition,97,97,PHISHING,PHISHING,True,False,False,0
P13715,vktulsyan.com,benign_content_padding,99,99,PHISHING,PHISHING,True,False,False,0
P13715,vktulsyan.com,visible_text_obfuscation,99,99,PHISHING,PHISHING,True,False,False,0
P13715,vktulsyan.com,cosmetic_dom_addition,99,99,PHISHING,PHISHING,True,False,False,0
P13715,vktulsyan.com,url_lexical_query_addition,99,99,PHISHING,PHISHING,True,False,False,0
P13733,azurewebsites.net,benign_content_padding,98,98,PHISHING,PHISHING,True,False,False,0
P13733,azurewebsites.net,visible_text_obfuscation,98,98,PHISHING,PHISHING,True,False,False,0
P13733,azurewebsites.net,cosmetic_dom_addition,98,98,PHISHING,PHISHING,True,False,False,0
P13733,azurewebsites.net,url_lexical_query_addition,98,97,PHISHING,PHISHING,True,False,False,-1
P13760,laminabarata.com.mx,benign_content_padding,73,73,PHISHING,PHISHING,True,False,False,0
P13760,laminabarata.com.mx,visible_text_obfuscation,73,73,PHISHING,PHISHING,True,False,False,0
P13760,laminabarata.com.mx,cosmetic_dom_addition,73,73,PHISHING,PHISHING,True,False,False,0
P13760,laminabarata.com.mx,url_lexical_query_addition,73,73,PHISHING,PHISHING,True,False,False,0
P13770,lbqwomenconference.org,benign_content_padding,99,99,PHISHING,PHISHING,True,False,False,0
P13770,lbqwomenconference.org,visible_text_obfuscation,99,99,PHISHING,PHISHING,True,False,False,0
P13770,lbqwomenconference.org,cosmetic_dom_addition,99,99,PHISHING,PHISHING,True,False,False,0
P13770,lbqwomenconference.org,url_lexical_query_addition,99,99,PHISHING,PHISHING,True,False,False,0
P13793,ablenew.biz,benign_content_padding,70,70,PHISHING,PHISHING,True,False,False,0
P13793,ablenew.biz,visible_text_obfuscation,70,70,PHISHING,PHISHING,True,False,False,0
P13793,ablenew.biz,cosmetic_dom_addition,70,70,PHISHING,PHISHING,True,False,False,0
P13793,ablenew.biz,url_lexical_query_addition,70,67,PHISHING,PHISHING,True,False,False,-3
P13804,duckdns.org,benign_content_padding,99,99,PHISHING,PHISHING,True,False,False,0
P13804,duckdns.org,visible_text_obfuscation,99,99,PHISHING,PHISHING,True,False,False,0
P13804,duckdns.org,cosmetic_dom_addition,99,99,PHISHING,PHISHING,True,False,False,0
P13804,duckdns.org,url_lexical_query_addition,99,99,PHISHING,PHISHING,True,False,False,0
P13811,dev-security.services,benign_content_padding,40,40,SUSPICIOUS,SUSPICIOUS,False,False,False,0
P13811,dev-security.services,visible_text_obfuscation,40,40,SUSPICIOUS,SUSPICIOUS,False,False,False,0
P13811,dev-security.services,cosmetic_dom_addition,40,40,SUSPICIOUS,SUSPICIOUS,False,False,False,0
P13811,dev-security.services,url_lexical_query_addition,40,39,SUSPICIOUS,SUSPICIOUS,False,False,False,-1
P13828,livrychess.com,benign_content_padding,99,99,PHISHING,PHISHING,True,False,False,0
P13828,livrychess.com,visible_text_obfuscation,99,99,PHISHING,PHISHING,True,False,False,0
P13828,livrychess.com,cosmetic_dom_addition,99,99,PHISHING,PHISHING,True,False,False,0
P13828,livrychess.com,url_lexical_query_addition,99,99,PHISHING,PHISHING,True,False,False,0
P13850,deafnewsline.com,benign_content_padding,99,99,PHISHING,PHISHING,True,False,False,0
P13850,deafnewsline.com,visible_text_obfuscation,99,99,PHISHING,PHISHING,True,False,False,0
P13850,deafnewsline.com,cosmetic_dom_addition,99,99,PHISHING,PHISHING,True,False,False,0
P13850,deafnewsline.com,url_lexical_query_addition,99,99,PHISHING,PHISHING,True,False,False,0
P13942,madrugadaolanches.com.br,benign_content_padding,99,99,PHISHING,PHISHING,True,False,False,0
P13942,madrugadaolanches.com.br,visible_text_obfuscation,99,99,PHISHING,PHISHING,True,False,False,0
P13942,madrugadaolanches.com.br,cosmetic_dom_addition,99,99,PHISHING,PHISHING,True,False,False,0
P13942,madrugadaolanches.com.br,url_lexical_query_addition,99,99,PHISHING,PHISHING,True,False,False,0
P13981,fensur.cl,benign_content_padding,98,98,PHISHING,PHISHING,True,False,False,0
P13981,fensur.cl,visible_text_obfuscation,98,98,PHISHING,PHISHING,True,False,False,0
P13981,fensur.cl,cosmetic_dom_addition,98,98,PHISHING,PHISHING,True,False,False,0
P13981,fensur.cl,url_lexical_query_addition,98,94,PHISHING,PHISHING,True,False,False,-4
P13996,secure-thekarisgroup.com,benign_content_padding,99,99,PHISHING,PHISHING,True,False,False,0
P13996,secure-thekarisgroup.com,visible_text_obfuscation,99,99,PHISHING,PHISHING,True,False,False,0
P13996,secure-thekarisgroup.com,cosmetic_dom_addition,99,99,PHISHING,PHISHING,True,False,False,0
P13996,secure-thekarisgroup.com,url_lexical_query_addition,99,99,PHISHING,PHISHING,True,False,False,0
P14036,spareportingtool.com,benign_content_padding,99,99,PHISHING,PHISHING,True,False,False,0
P14036,spareportingtool.com,visible_text_obfuscation,99,99,PHISHING,PHISHING,True,False,False,0
P14036,spareportingtool.com,cosmetic_dom_addition,99,99,PHISHING,PHISHING,True,False,False,0
P14036,spareportingtool.com,url_lexical_query_addition,99,99,PHISHING,PHISHING,True,False,False,0
P14037,groupinsurance.net.in,benign_content_padding,93,93,PHISHING,PHISHING,True,False,False,0
P14037,groupinsurance.net.in,visible_text_obfuscation,93,52,PHISHING,SUSPICIOUS,True,True,True,-41
P14037,groupinsurance.net.in,cosmetic_dom_addition,93,93,PHISHING,PHISHING,True,False,False,0
P14037,groupinsurance.net.in,url_lexical_query_addition,93,93,PHISHING,PHISHING,True,False,False,0
P14043,ghsinfotech.com,benign_content_padding,99,99,PHISHING,PHISHING,True,False,False,0
P14043,ghsinfotech.com,visible_text_obfuscation,99,99,PHISHING,PHISHING,True,False,False,0
P14043,ghsinfotech.com,cosmetic_dom_addition,99,99,PHISHING,PHISHING,True,False,False,0
P14043,ghsinfotech.com,url_lexical_query_addition,99,99,PHISHING,PHISHING,True,False,False,0
P14055,ghsinfotech.com,benign_content_padding,99,99,PHISHING,PHISHING,True,False,False,0
P14055,ghsinfotech.com,visible_text_obfuscation,99,99,PHISHING,PHISHING,True,False,False,0
P14055,ghsinfotech.com,cosmetic_dom_addition,99,99,PHISHING,PHISHING,True,False,False,0
P14055,ghsinfotech.com,url_lexical_query_addition,99,99,PHISHING,PHISHING,True,False,False,0
P14078,czechian.net,benign_content_padding,68,68,PHISHING,PHISHING,True,False,False,0
P14078,czechian.net,visible_text_obfuscation,68,68,PHISHING,PHISHING,True,False,False,0
P14078,czechian.net,cosmetic_dom_addition,68,68,PHISHING,PHISHING,True,False,False,0
P14078,czechian.net,url_lexical_query_addition,68,66,PHISHING,PHISHING,True,False,False,-2
P14097,derynwarren.com,benign_content_padding,90,90,PHISHING,PHISHING,True,False,False,0
P14097,derynwarren.com,visible_text_obfuscation,90,90,PHISHING,PHISHING,True,False,False,0
P14097,derynwarren.com,cosmetic_dom_addition,90,90,PHISHING,PHISHING,True,False,False,0
P14097,derynwarren.com,url_lexical_query_addition,90,88,PHISHING,PHISHING,True,False,False,-2
P14107,linode.com,benign_content_padding,99,99,PHISHING,PHISHING,True,False,False,0
P14107,linode.com,visible_text_obfuscation,99,99,PHISHING,PHISHING,True,False,False,0
P14107,linode.com,cosmetic_dom_addition,99,99,PHISHING,PHISHING,True,False,False,0
P14107,linode.com,url_lexical_query_addition,99,99,PHISHING,PHISHING,True,False,False,0
P14126,dop4u.dk,benign_content_padding,67,67,PHISHING,PHISHING,True,False,False,0
P14126,dop4u.dk,visible_text_obfuscation,67,67,PHISHING,PHISHING,True,False,False,0
P14126,dop4u.dk,cosmetic_dom_addition,67,67,PHISHING,PHISHING,True,False,False,0
P14126,dop4u.dk,url_lexical_query_addition,67,65,PHISHING,PHISHING,True,False,False,-2
P14131,derynwarren.com,benign_content_padding,91,91,PHISHING,PHISHING,True,False,False,0
P14131,derynwarren.com,visible_text_obfuscation,91,91,PHISHING,PHISHING,True,False,False,0
P14131,derynwarren.com,cosmetic_dom_addition,91,91,PHISHING,PHISHING,True,False,False,0
P14131,derynwarren.com,url_lexical_query_addition,91,89,PHISHING,PHISHING,True,False,False,-2
P14137,pailpal0.eu,benign_content_padding,99,99,PHISHING,PHISHING,True,False,False,0
P14137,pailpal0.eu,visible_text_obfuscation,99,99,PHISHING,PHISHING,True,False,False,0
P14137,pailpal0.eu,cosmetic_dom_addition,99,99,PHISHING,PHISHING,True,False,False,0
P14137,pailpal0.eu,url_lexical_query_addition,99,99,PHISHING,PHISHING,True,False,False,0
P14148,registrationguru.in,benign_content_padding,96,96,PHISHING,PHISHING,True,False,False,0
P14148,registrationguru.in,visible_text_obfuscation,96,96,PHISHING,PHISHING,True,False,False,0
P14148,registrationguru.in,cosmetic_dom_addition,96,96,PHISHING,PHISHING,True,False,False,0
P14148,registrationguru.in,url_lexical_query_addition,96,94,PHISHING,PHISHING,True,False,False,-2
P14160,pngsgold.com,benign_content_padding,2,2,SAFE,SAFE,False,False,False,0
P14160,pngsgold.com,visible_text_obfuscation,2,2,SAFE,SAFE,False,False,False,0
P14160,pngsgold.com,cosmetic_dom_addition,2,2,SAFE,SAFE,False,False,False,0
P14160,pngsgold.com,url_lexical_query_addition,2,2,SAFE,SAFE,False,False,False,0
P14194,riverroad.com.au,benign_content_padding,99,99,PHISHING,PHISHING,True,False,False,0
P14194,riverroad.com.au,visible_text_obfuscation,99,99,PHISHING,PHISHING,True,False,False,0
P14194,riverroad.com.au,cosmetic_dom_addition,99,99,PHISHING,PHISHING,True,False,False,0
P14194,riverroad.com.au,url_lexical_query_addition,99,99,PHISHING,PHISHING,True,False,False,0
P14195,magrimdiet.com,benign_content_padding,92,92,PHISHING,PHISHING,True,False,False,0
P14195,magrimdiet.com,visible_text_obfuscation,92,91,PHISHING,PHISHING,True,False,False,-1
P14195,magrimdiet.com,cosmetic_dom_addition,92,92,PHISHING,PHISHING,True,False,False,0
P14195,magrimdiet.com,url_lexical_query_addition,92,95,PHISHING,PHISHING,True,False,False,3
P14196,riverroad.com.au,benign_content_padding,99,99,PHISHING,PHISHING,True,False,False,0
P14196,riverroad.com.au,visible_text_obfuscation,99,99,PHISHING,PHISHING,True,False,False,0
P14196,riverroad.com.au,cosmetic_dom_addition,99,99,PHISHING,PHISHING,True,False,False,0
P14196,riverroad.com.au,url_lexical_query_addition,99,99,PHISHING,PHISHING,True,False,False,0
P14199,secure1-chase.com,benign_content_padding,98,98,PHISHING,PHISHING,True,False,False,0
P14199,secure1-chase.com,visible_text_obfuscation,98,98,PHISHING,PHISHING,True,False,False,0
P14199,secure1-chase.com,cosmetic_dom_addition,98,98,PHISHING,PHISHING,True,False,False,0
P14199,secure1-chase.com,url_lexical_query_addition,98,91,PHISHING,PHISHING,True,False,False,-7
P14212,personal-supportuk.com,benign_content_padding,97,97,PHISHING,PHISHING,True,False,False,0
P14212,personal-supportuk.com,visible_text_obfuscation,97,97,PHISHING,PHISHING,True,False,False,0
P14212,personal-supportuk.com,cosmetic_dom_addition,97,97,PHISHING,PHISHING,True,False,False,0
P14212,personal-supportuk.com,url_lexical_query_addition,97,95,PHISHING,PHISHING,True,False,False,-2
P14228,firebaseapp.com,benign_content_padding,14,14,SAFE,SAFE,False,False,False,0
P14228,firebaseapp.com,visible_text_obfuscation,14,14,SAFE,SAFE,False,False,False,0
P14228,firebaseapp.com,cosmetic_dom_addition,14,14,SAFE,SAFE,False,False,False,0
P14228,firebaseapp.com,url_lexical_query_addition,14,7,SAFE,SAFE,False,False,False,-7
P14230,firebaseapp.com,benign_content_padding,37,36,SUSPICIOUS,SUSPICIOUS,False,False,False,-1
P14230,firebaseapp.com,visible_text_obfuscation,37,37,SUSPICIOUS,SUSPICIOUS,False,False,False,0
P14230,firebaseapp.com,cosmetic_dom_addition,37,37,SUSPICIOUS,SUSPICIOUS,False,False,False,0
P14230,firebaseapp.com,url_lexical_query_addition,37,12,SUSPICIOUS,SAFE,False,False,True,-25
P14236,from-md.com,benign_content_padding,98,98,PHISHING,PHISHING,True,False,False,0
P14236,from-md.com,visible_text_obfuscation,98,98,PHISHING,PHISHING,True,False,False,0
P14236,from-md.com,cosmetic_dom_addition,98,98,PHISHING,PHISHING,True,False,False,0
P14236,from-md.com,url_lexical_query_addition,98,98,PHISHING,PHISHING,True,False,False,0
P14272,secureserver.net,benign_content_padding,99,99,PHISHING,PHISHING,True,False,False,0
P14272,secureserver.net,visible_text_obfuscation,99,99,PHISHING,PHISHING,True,False,False,0
P14272,secureserver.net,cosmetic_dom_addition,99,99,PHISHING,PHISHING,True,False,False,0
P14272,secureserver.net,url_lexical_query_addition,99,99,PHISHING,PHISHING,True,False,False,0
P14283,secureserver.net,benign_content_padding,99,99,PHISHING,PHISHING,True,False,False,0
P14283,secureserver.net,visible_text_obfuscation,99,99,PHISHING,PHISHING,True,False,False,0
P14283,secureserver.net,cosmetic_dom_addition,99,99,PHISHING,PHISHING,True,False,False,0
P14283,secureserver.net,url_lexical_query_addition,99,99,PHISHING,PHISHING,True,False,False,0
P14288,bankteam-supp.ga,benign_content_padding,99,99,PHISHING,PHISHING,True,False,False,0
P14288,bankteam-supp.ga,visible_text_obfuscation,99,99,PHISHING,PHISHING,True,False,False,0
P14288,bankteam-supp.ga,cosmetic_dom_addition,99,99,PHISHING,PHISHING,True,False,False,0
P14288,bankteam-supp.ga,url_lexical_query_addition,99,99,PHISHING,PHISHING,True,False,False,0
P14295,systempruefung002019-listencheck00192-verifizierung0021-ger.icu,benign_content_padding,99,99,PHISHING,PHISHING,True,False,False,0
P14295,systempruefung002019-listencheck00192-verifizierung0021-ger.icu,visible_text_obfuscation,99,99,PHISHING,PHISHING,True,False,False,0
P14295,systempruefung002019-listencheck00192-verifizierung0021-ger.icu,cosmetic_dom_addition,99,99,PHISHING,PHISHING,True,False,False,0
P14295,systempruefung002019-listencheck00192-verifizierung0021-ger.icu,url_lexical_query_addition,99,99,PHISHING,PHISHING,True,False,False,0
P14301,secureserver.net,benign_content_padding,99,99,PHISHING,PHISHING,True,False,False,0
P14301,secureserver.net,visible_text_obfuscation,99,99,PHISHING,PHISHING,True,False,False,0
P14301,secureserver.net,cosmetic_dom_addition,99,99,PHISHING,PHISHING,True,False,False,0
P14301,secureserver.net,url_lexical_query_addition,99,99,PHISHING,PHISHING,True,False,False,0
P14306,1coxplate.com,benign_content_padding,51,51,SUSPICIOUS,SUSPICIOUS,False,False,False,0
P14306,1coxplate.com,visible_text_obfuscation,51,51,SUSPICIOUS,SUSPICIOUS,False,False,False,0
P14306,1coxplate.com,cosmetic_dom_addition,51,51,SUSPICIOUS,SUSPICIOUS,False,False,False,0
P14306,1coxplate.com,url_lexical_query_addition,51,52,SUSPICIOUS,SUSPICIOUS,False,False,False,1
P14326,secureserver.net,benign_content_padding,99,99,PHISHING,PHISHING,True,False,False,0
P14326,secureserver.net,visible_text_obfuscation,99,99,PHISHING,PHISHING,True,False,False,0
P14326,secureserver.net,cosmetic_dom_addition,99,99,PHISHING,PHISHING,True,False,False,0
P14326,secureserver.net,url_lexical_query_addition,99,99,PHISHING,PHISHING,True,False,False,0
P14342,bankteam-supp.ga,benign_content_padding,99,99,PHISHING,PHISHING,True,False,False,0
P14342,bankteam-supp.ga,visible_text_obfuscation,99,99,PHISHING,PHISHING,True,False,False,0
P14342,bankteam-supp.ga,cosmetic_dom_addition,99,99,PHISHING,PHISHING,True,False,False,0
P14342,bankteam-supp.ga,url_lexical_query_addition,99,99,PHISHING,PHISHING,True,False,False,0
P14391,duckdns.org,benign_content_padding,97,97,PHISHING,PHISHING,True,False,False,0
P14391,duckdns.org,visible_text_obfuscation,97,96,PHISHING,PHISHING,True,False,False,-1
P14391,duckdns.org,cosmetic_dom_addition,97,97,PHISHING,PHISHING,True,False,False,0
P14391,duckdns.org,url_lexical_query_addition,97,96,PHISHING,PHISHING,True,False,False,-1
P14397,kristenleone.com,benign_content_padding,74,74,PHISHING,PHISHING,True,False,False,0
P14397,kristenleone.com,visible_text_obfuscation,74,73,PHISHING,PHISHING,True,False,False,-1
P14397,kristenleone.com,cosmetic_dom_addition,74,74,PHISHING,PHISHING,True,False,False,0
P14397,kristenleone.com,url_lexical_query_addition,74,67,PHISHING,PHISHING,True,False,False,-7
P14426,chabocohue.com,benign_content_padding,98,97,PHISHING,PHISHING,True,False,False,-1
P14426,chabocohue.com,visible_text_obfuscation,98,85,PHISHING,PHISHING,True,False,False,-13
P14426,chabocohue.com,cosmetic_dom_addition,98,98,PHISHING,PHISHING,True,False,False,0
P14426,chabocohue.com,url_lexical_query_addition,98,98,PHISHING,PHISHING,True,False,False,0
P14475,secureserver.net,benign_content_padding,99,99,PHISHING,PHISHING,True,False,False,0
P14475,secureserver.net,visible_text_obfuscation,99,99,PHISHING,PHISHING,True,False,False,0
P14475,secureserver.net,cosmetic_dom_addition,99,99,PHISHING,PHISHING,True,False,False,0
P14475,secureserver.net,url_lexical_query_addition,99,99,PHISHING,PHISHING,True,False,False,0
P14482,dogmatech.com.au,benign_content_padding,98,98,PHISHING,PHISHING,True,False,False,0
P14482,dogmatech.com.au,visible_text_obfuscation,98,98,PHISHING,PHISHING,True,False,False,0
P14482,dogmatech.com.au,cosmetic_dom_addition,98,98,PHISHING,PHISHING,True,False,False,0
P14482,dogmatech.com.au,url_lexical_query_addition,98,93,PHISHING,PHISHING,True,False,False,-5
P14527,qwertywebstudio.com,benign_content_padding,99,99,PHISHING,PHISHING,True,False,False,0
P14527,qwertywebstudio.com,visible_text_obfuscation,99,99,PHISHING,PHISHING,True,False,False,0
P14527,qwertywebstudio.com,cosmetic_dom_addition,99,99,PHISHING,PHISHING,True,False,False,0
P14527,qwertywebstudio.com,url_lexical_query_addition,99,99,PHISHING,PHISHING,True,False,False,0
P14534,myhosting.cn,benign_content_padding,99,98,PHISHING,PHISHING,True,False,False,-1
P14534,myhosting.cn,visible_text_obfuscation,99,98,PHISHING,PHISHING,True,False,False,-1
P14534,myhosting.cn,cosmetic_dom_addition,99,99,PHISHING,PHISHING,True,False,False,0
P14534,myhosting.cn,url_lexical_query_addition,99,99,PHISHING,PHISHING,True,False,False,0
P14542,varifidogioeay.com,benign_content_padding,99,99,PHISHING,PHISHING,True,False,False,0
P14542,varifidogioeay.com,visible_text_obfuscation,99,97,PHISHING,PHISHING,True,False,False,-2
P14542,varifidogioeay.com,cosmetic_dom_addition,99,99,PHISHING,PHISHING,True,False,False,0
P14542,varifidogioeay.com,url_lexical_query_addition,99,98,PHISHING,PHISHING,True,False,False,-1
P14549,qwertywebstudio.com,benign_content_padding,99,99,PHISHING,PHISHING,True,False,False,0
P14549,qwertywebstudio.com,visible_text_obfuscation,99,99,PHISHING,PHISHING,True,False,False,0
P14549,qwertywebstudio.com,cosmetic_dom_addition,99,99,PHISHING,PHISHING,True,False,False,0
P14549,qwertywebstudio.com,url_lexical_query_addition,99,99,PHISHING,PHISHING,True,False,False,0
P14568,firebaseapp.com,benign_content_padding,99,99,PHISHING,PHISHING,True,False,False,0
P14568,firebaseapp.com,visible_text_obfuscation,99,99,PHISHING,PHISHING,True,False,False,0
P14568,firebaseapp.com,cosmetic_dom_addition,99,99,PHISHING,PHISHING,True,False,False,0
P14568,firebaseapp.com,url_lexical_query_addition,99,99,PHISHING,PHISHING,True,False,False,0
P14572,securewebsession.com,benign_content_padding,96,96,PHISHING,PHISHING,True,False,False,0
P14572,securewebsession.com,visible_text_obfuscation,96,96,PHISHING,PHISHING,True,False,False,0
P14572,securewebsession.com,cosmetic_dom_addition,96,96,PHISHING,PHISHING,True,False,False,0
P14572,securewebsession.com,url_lexical_query_addition,96,92,PHISHING,PHISHING,True,False,False,-4
P14618,tunaycollection.com,benign_content_padding,99,99,PHISHING,PHISHING,True,False,False,0
P14618,tunaycollection.com,visible_text_obfuscation,99,99,PHISHING,PHISHING,True,False,False,0
P14618,tunaycollection.com,cosmetic_dom_addition,99,99,PHISHING,PHISHING,True,False,False,0
P14618,tunaycollection.com,url_lexical_query_addition,99,99,PHISHING,PHISHING,True,False,False,0
P14629,apps-data.services,benign_content_padding,99,99,PHISHING,PHISHING,True,False,False,0
P14629,apps-data.services,visible_text_obfuscation,99,99,PHISHING,PHISHING,True,False,False,0
P14629,apps-data.services,cosmetic_dom_addition,99,99,PHISHING,PHISHING,True,False,False,0
P14629,apps-data.services,url_lexical_query_addition,99,99,PHISHING,PHISHING,True,False,False,0
P14675,webou.net,benign_content_padding,72,72,PHISHING,PHISHING,True,False,False,0
P14675,webou.net,visible_text_obfuscation,72,72,PHISHING,PHISHING,True,False,False,0
P14675,webou.net,cosmetic_dom_addition,72,72,PHISHING,PHISHING,True,False,False,0
P14675,webou.net,url_lexical_query_addition,72,66,PHISHING,PHISHING,True,False,False,-6
P14715,careeroppt.com,benign_content_padding,79,79,PHISHING,PHISHING,True,False,False,0
P14715,careeroppt.com,visible_text_obfuscation,79,78,PHISHING,PHISHING,True,False,False,-1
P14715,careeroppt.com,cosmetic_dom_addition,79,79,PHISHING,PHISHING,True,False,False,0
P14715,careeroppt.com,url_lexical_query_addition,79,70,PHISHING,PHISHING,True,False,False,-9
P14764,securewebsession.com,benign_content_padding,99,99,PHISHING,PHISHING,True,False,False,0
P14764,securewebsession.com,visible_text_obfuscation,99,99,PHISHING,PHISHING,True,False,False,0
P14764,securewebsession.com,cosmetic_dom_addition,99,99,PHISHING,PHISHING,True,False,False,0
P14764,securewebsession.com,url_lexical_query_addition,99,98,PHISHING,PHISHING,True,False,False,-1
P14791,securewebsession.com,benign_content_padding,93,93,PHISHING,PHISHING,True,False,False,0
P14791,securewebsession.com,visible_text_obfuscation,93,92,PHISHING,PHISHING,True,False,False,-1
P14791,securewebsession.com,cosmetic_dom_addition,93,93,PHISHING,PHISHING,True,False,False,0
P14791,securewebsession.com,url_lexical_query_addition,93,93,PHISHING,PHISHING,True,False,False,0
P14796,cnnfan.org,benign_content_padding,79,79,PHISHING,PHISHING,True,False,False,0
P14796,cnnfan.org,visible_text_obfuscation,79,79,PHISHING,PHISHING,True,False,False,0
P14796,cnnfan.org,cosmetic_dom_addition,79,79,PHISHING,PHISHING,True,False,False,0
P14796,cnnfan.org,url_lexical_query_addition,79,75,PHISHING,PHISHING,True,False,False,-4
P14817,montenegrodrive.me,benign_content_padding,99,99,PHISHING,PHISHING,True,False,False,0
P14817,montenegrodrive.me,visible_text_obfuscation,99,57,PHISHING,PHISHING,True,False,False,-42
P14817,montenegrodrive.me,cosmetic_dom_addition,99,99,PHISHING,PHISHING,True,False,False,0
P14817,montenegrodrive.me,url_lexical_query_addition,99,98,PHISHING,PHISHING,True,False,False,-1
P14852,pajpalino.com,benign_content_padding,99,99,PHISHING,PHISHING,True,False,False,0
P14852,pajpalino.com,visible_text_obfuscation,99,99,PHISHING,PHISHING,True,False,False,0
P14852,pajpalino.com,cosmetic_dom_addition,99,99,PHISHING,PHISHING,True,False,False,0
P14852,pajpalino.com,url_lexical_query_addition,99,99,PHISHING,PHISHING,True,False,False,0
P14882,asianalpinetreks.com,benign_content_padding,99,99,PHISHING,PHISHING,True,False,False,0
P14882,asianalpinetreks.com,visible_text_obfuscation,99,99,PHISHING,PHISHING,True,False,False,0
P14882,asianalpinetreks.com,cosmetic_dom_addition,99,99,PHISHING,PHISHING,True,False,False,0
P14882,asianalpinetreks.com,url_lexical_query_addition,99,99,PHISHING,PHISHING,True,False,False,0
P14928,securewebsession.com,benign_content_padding,98,98,PHISHING,PHISHING,True,False,False,0
P14928,securewebsession.com,visible_text_obfuscation,98,98,PHISHING,PHISHING,True,False,False,0
P14928,securewebsession.com,cosmetic_dom_addition,98,98,PHISHING,PHISHING,True,False,False,0
P14928,securewebsession.com,url_lexical_query_addition,98,97,PHISHING,PHISHING,True,False,False,-1
P14977,nuhun-electronic.com,benign_content_padding,93,93,PHISHING,PHISHING,True,False,False,0
P14977,nuhun-electronic.com,visible_text_obfuscation,93,93,PHISHING,PHISHING,True,False,False,0
P14977,nuhun-electronic.com,cosmetic_dom_addition,93,93,PHISHING,PHISHING,True,False,False,0
P14977,nuhun-electronic.com,url_lexical_query_addition,93,84,PHISHING,PHISHING,True,False,False,-9
P15074,amiritorg.ru,benign_content_padding,99,99,PHISHING,PHISHING,True,False,False,0
P15074,amiritorg.ru,visible_text_obfuscation,99,99,PHISHING,PHISHING,True,False,False,0
P15074,amiritorg.ru,cosmetic_dom_addition,99,99,PHISHING,PHISHING,True,False,False,0
P15074,amiritorg.ru,url_lexical_query_addition,99,99,PHISHING,PHISHING,True,False,False,0
P15115,duckdns.org,benign_content_padding,69,69,PHISHING,PHISHING,True,False,False,0
P15115,duckdns.org,visible_text_obfuscation,69,22,PHISHING,SUSPICIOUS,True,True,True,-47
P15115,duckdns.org,cosmetic_dom_addition,69,69,PHISHING,PHISHING,True,False,False,0
P15115,duckdns.org,url_lexical_query_addition,69,65,PHISHING,PHISHING,True,False,False,-4
P15162,http://120.24.39.159/uploaded/file/20181128/20181128055823_62988.html,benign_content_padding,99,99,PHISHING,PHISHING,True,False,False,0
P15162,http://120.24.39.159/uploaded/file/20181128/20181128055823_62988.html,visible_text_obfuscation,99,99,PHISHING,PHISHING,True,False,False,0
P15162,http://120.24.39.159/uploaded/file/20181128/20181128055823_62988.html,cosmetic_dom_addition,99,99,PHISHING,PHISHING,True,False,False,0
P15162,http://120.24.39.159/uploaded/file/20181128/20181128055823_62988.html,url_lexical_query_addition,99,99,PHISHING,PHISHING,True,False,False,0
P15170,bracesso.co,benign_content_padding,99,99,PHISHING,PHISHING,True,False,False,0
P15170,bracesso.co,visible_text_obfuscation,99,99,PHISHING,PHISHING,True,False,False,0
P15170,bracesso.co,cosmetic_dom_addition,99,99,PHISHING,PHISHING,True,False,False,0
P15170,bracesso.co,url_lexical_query_addition,99,99,PHISHING,PHISHING,True,False,False,0
P15193,oceanvibes.com.au,benign_content_padding,99,99,PHISHING,PHISHING,True,False,False,0
P15193,oceanvibes.com.au,visible_text_obfuscation,99,99,PHISHING,PHISHING,True,False,False,0
P15193,oceanvibes.com.au,cosmetic_dom_addition,99,99,PHISHING,PHISHING,True,False,False,0
P15193,oceanvibes.com.au,url_lexical_query_addition,99,99,PHISHING,PHISHING,True,False,False,0
P15202,oceanvibes.com.au,benign_content_padding,99,99,PHISHING,PHISHING,True,False,False,0
P15202,oceanvibes.com.au,visible_text_obfuscation,99,99,PHISHING,PHISHING,True,False,False,0
P15202,oceanvibes.com.au,cosmetic_dom_addition,99,99,PHISHING,PHISHING,True,False,False,0
P15202,oceanvibes.com.au,url_lexical_query_addition,99,99,PHISHING,PHISHING,True,False,False,0
P15213,edpo.jp,benign_content_padding,99,99,PHISHING,PHISHING,True,False,False,0
P15213,edpo.jp,visible_text_obfuscation,99,99,PHISHING,PHISHING,True,False,False,0
P15213,edpo.jp,cosmetic_dom_addition,99,99,PHISHING,PHISHING,True,False,False,0
P15213,edpo.jp,url_lexical_query_addition,99,99,PHISHING,PHISHING,True,False,False,0
P15222,oceanvibes.com.au,benign_content_padding,70,70,PHISHING,PHISHING,True,False,False,0
P15222,oceanvibes.com.au,visible_text_obfuscation,70,74,PHISHING,PHISHING,True,False,False,4
P15222,oceanvibes.com.au,cosmetic_dom_addition,70,70,PHISHING,PHISHING,True,False,False,0
P15222,oceanvibes.com.au,url_lexical_query_addition,70,70,PHISHING,PHISHING,True,False,False,0
P15232,ttpop.ml,benign_content_padding,99,99,PHISHING,PHISHING,True,False,False,0
P15232,ttpop.ml,visible_text_obfuscation,99,99,PHISHING,PHISHING,True,False,False,0
P15232,ttpop.ml,cosmetic_dom_addition,99,99,PHISHING,PHISHING,True,False,False,0
P15232,ttpop.ml,url_lexical_query_addition,99,99,PHISHING,PHISHING,True,False,False,0
P15252,ryuoo.net,benign_content_padding,25,14,SUSPICIOUS,SAFE,False,False,True,-11
P15252,ryuoo.net,visible_text_obfuscation,25,9,SUSPICIOUS,SAFE,False,False,True,-16
P15252,ryuoo.net,cosmetic_dom_addition,25,25,SUSPICIOUS,SUSPICIOUS,False,False,False,0
P15252,ryuoo.net,url_lexical_query_addition,25,15,SUSPICIOUS,SUSPICIOUS,False,False,False,-10
P15262,dandconnect.com,benign_content_padding,98,98,PHISHING,PHISHING,True,False,False,0
P15262,dandconnect.com,visible_text_obfuscation,98,98,PHISHING,PHISHING,True,False,False,0
P15262,dandconnect.com,cosmetic_dom_addition,98,98,PHISHING,PHISHING,True,False,False,0
P15262,dandconnect.com,url_lexical_query_addition,98,98,PHISHING,PHISHING,True,False,False,0
P15292,thepankhanh.vn,benign_content_padding,99,99,PHISHING,PHISHING,True,False,False,0
P15292,thepankhanh.vn,visible_text_obfuscation,99,99,PHISHING,PHISHING,True,False,False,0
P15292,thepankhanh.vn,cosmetic_dom_addition,99,99,PHISHING,PHISHING,True,False,False,0
P15292,thepankhanh.vn,url_lexical_query_addition,99,99,PHISHING,PHISHING,True,False,False,0
P15297,thepankhanh.vn,benign_content_padding,99,99,PHISHING,PHISHING,True,False,False,0
P15297,thepankhanh.vn,visible_text_obfuscation,99,43,PHISHING,SUSPICIOUS,True,True,True,-56
P15297,thepankhanh.vn,cosmetic_dom_addition,99,99,PHISHING,PHISHING,True,False,False,0
P15297,thepankhanh.vn,url_lexical_query_addition,99,99,PHISHING,PHISHING,True,False,False,0
P15299,festivalfolclorico.com,benign_content_padding,99,99,PHISHING,PHISHING,True,False,False,0
P15299,festivalfolclorico.com,visible_text_obfuscation,99,79,PHISHING,PHISHING,True,False,False,-20
P15299,festivalfolclorico.com,cosmetic_dom_addition,99,99,PHISHING,PHISHING,True,False,False,0
P15299,festivalfolclorico.com,url_lexical_query_addition,99,99,PHISHING,PHISHING,True,False,False,0
P15335,curtycia.com.br,benign_content_padding,99,99,PHISHING,PHISHING,True,False,False,0
P15335,curtycia.com.br,visible_text_obfuscation,99,99,PHISHING,PHISHING,True,False,False,0
P15335,curtycia.com.br,cosmetic_dom_addition,99,99,PHISHING,PHISHING,True,False,False,0
P15335,curtycia.com.br,url_lexical_query_addition,99,99,PHISHING,PHISHING,True,False,False,0
P15336,firebaseapp.com,benign_content_padding,94,94,PHISHING,PHISHING,True,False,False,0
P15336,firebaseapp.com,visible_text_obfuscation,94,94,PHISHING,PHISHING,True,False,False,0
P15336,firebaseapp.com,cosmetic_dom_addition,94,94,PHISHING,PHISHING,True,False,False,0
P15336,firebaseapp.com,url_lexical_query_addition,94,79,PHISHING,PHISHING,True,False,False,-15
P15339,page-signin.site,benign_content_padding,95,91,PHISHING,PHISHING,True,False,False,-4
P15339,page-signin.site,visible_text_obfuscation,95,95,PHISHING,PHISHING,True,False,False,0
P15339,page-signin.site,cosmetic_dom_addition,95,95,PHISHING,PHISHING,True,False,False,0
P15339,page-signin.site,url_lexical_query_addition,95,95,PHISHING,PHISHING,True,False,False,0
P15355,surveygizmo.com,benign_content_padding,98,98,PHISHING,PHISHING,True,False,False,0
P15355,surveygizmo.com,visible_text_obfuscation,98,98,PHISHING,PHISHING,True,False,False,0
P15355,surveygizmo.com,cosmetic_dom_addition,98,98,PHISHING,PHISHING,True,False,False,0
P15355,surveygizmo.com,url_lexical_query_addition,98,93,PHISHING,PHISHING,True,False,False,-5
P15360,surveygizmo.com,benign_content_padding,81,81,PHISHING,PHISHING,True,False,False,0
P15360,surveygizmo.com,visible_text_obfuscation,81,81,PHISHING,PHISHING,True,False,False,0
P15360,surveygizmo.com,cosmetic_dom_addition,81,81,PHISHING,PHISHING,True,False,False,0
P15360,surveygizmo.com,url_lexical_query_addition,81,69,PHISHING,PHISHING,True,False,False,-12
P15370,surveygizmo.com,benign_content_padding,99,99,PHISHING,PHISHING,True,False,False,0
P15370,surveygizmo.com,visible_text_obfuscation,99,99,PHISHING,PHISHING,True,False,False,0
P15370,surveygizmo.com,cosmetic_dom_addition,99,99,PHISHING,PHISHING,True,False,False,0
P15370,surveygizmo.com,url_lexical_query_addition,99,98,PHISHING,PHISHING,True,False,False,-1
P15380,firebaseapp.com,benign_content_padding,65,64,PHISHING,PHISHING,True,False,False,-1
P15380,firebaseapp.com,visible_text_obfuscation,65,56,PHISHING,SUSPICIOUS,True,True,True,-9
P15380,firebaseapp.com,cosmetic_dom_addition,65,65,PHISHING,PHISHING,True,False,False,0
P15380,firebaseapp.com,url_lexical_query_addition,65,61,PHISHING,PHISHING,True,False,False,-4
P15382,firebaseapp.com,benign_content_padding,93,93,PHISHING,PHISHING,True,False,False,0
P15382,firebaseapp.com,visible_text_obfuscation,93,93,PHISHING,PHISHING,True,False,False,0
P15382,firebaseapp.com,cosmetic_dom_addition,93,93,PHISHING,PHISHING,True,False,False,0
P15382,firebaseapp.com,url_lexical_query_addition,93,78,PHISHING,PHISHING,True,False,False,-15
P15414,augmentedtransport.com,benign_content_padding,99,99,PHISHING,PHISHING,True,False,False,0
P15414,augmentedtransport.com,visible_text_obfuscation,99,99,PHISHING,PHISHING,True,False,False,0
P15414,augmentedtransport.com,cosmetic_dom_addition,99,99,PHISHING,PHISHING,True,False,False,0
P15414,augmentedtransport.com,url_lexical_query_addition,99,99,PHISHING,PHISHING,True,False,False,0
P15438,westnet.com.au,benign_content_padding,99,99,PHISHING,PHISHING,True,False,False,0
P15438,westnet.com.au,visible_text_obfuscation,99,99,PHISHING,PHISHING,True,False,False,0
P15438,westnet.com.au,cosmetic_dom_addition,99,99,PHISHING,PHISHING,True,False,False,0
P15438,westnet.com.au,url_lexical_query_addition,99,99,PHISHING,PHISHING,True,False,False,0
P15440,farboint.ru,benign_content_padding,92,92,PHISHING,PHISHING,True,False,False,0
P15440,farboint.ru,visible_text_obfuscation,92,92,PHISHING,PHISHING,True,False,False,0
P15440,farboint.ru,cosmetic_dom_addition,92,92,PHISHING,PHISHING,True,False,False,0
P15440,farboint.ru,url_lexical_query_addition,92,83,PHISHING,PHISHING,True,False,False,-9
P15445,rec0v-acc0upd-sec932.com,benign_content_padding,97,97,PHISHING,PHISHING,True,False,False,0
P15445,rec0v-acc0upd-sec932.com,visible_text_obfuscation,97,97,PHISHING,PHISHING,True,False,False,0
P15445,rec0v-acc0upd-sec932.com,cosmetic_dom_addition,97,97,PHISHING,PHISHING,True,False,False,0
P15445,rec0v-acc0upd-sec932.com,url_lexical_query_addition,97,98,PHISHING,PHISHING,True,False,False,1
P15451,reflectionsonfather.com,benign_content_padding,93,93,PHISHING,PHISHING,True,False,False,0
P15451,reflectionsonfather.com,visible_text_obfuscation,93,93,PHISHING,PHISHING,True,False,False,0
P15451,reflectionsonfather.com,cosmetic_dom_addition,93,93,PHISHING,PHISHING,True,False,False,0
P15451,reflectionsonfather.com,url_lexical_query_addition,93,84,PHISHING,PHISHING,True,False,False,-9
P15470,diaconaleplatforms.nl,benign_content_padding,99,99,PHISHING,PHISHING,True,False,False,0
P15470,diaconaleplatforms.nl,visible_text_obfuscation,99,99,PHISHING,PHISHING,True,False,False,0
P15470,diaconaleplatforms.nl,cosmetic_dom_addition,99,99,PHISHING,PHISHING,True,False,False,0
P15470,diaconaleplatforms.nl,url_lexical_query_addition,99,99,PHISHING,PHISHING,True,False,False,0
P15473,spacewon-24.pl,benign_content_padding,95,95,PHISHING,PHISHING,True,False,False,0
P15473,spacewon-24.pl,visible_text_obfuscation,95,94,PHISHING,PHISHING,True,False,False,-1
P15473,spacewon-24.pl,cosmetic_dom_addition,95,95,PHISHING,PHISHING,True,False,False,0
P15473,spacewon-24.pl,url_lexical_query_addition,95,95,PHISHING,PHISHING,True,False,False,0
P15490,tnc.com.co,benign_content_padding,64,64,PHISHING,PHISHING,True,False,False,0
P15490,tnc.com.co,visible_text_obfuscation,64,63,PHISHING,PHISHING,True,False,False,-1
P15490,tnc.com.co,cosmetic_dom_addition,64,64,PHISHING,PHISHING,True,False,False,0
P15490,tnc.com.co,url_lexical_query_addition,64,64,PHISHING,PHISHING,True,False,False,0
P15544,gimaq.com,benign_content_padding,69,69,PHISHING,PHISHING,True,False,False,0
P15544,gimaq.com,visible_text_obfuscation,69,68,PHISHING,PHISHING,True,False,False,-1
P15544,gimaq.com,cosmetic_dom_addition,69,69,PHISHING,PHISHING,True,False,False,0
P15544,gimaq.com,url_lexical_query_addition,69,72,PHISHING,PHISHING,True,False,False,3
P15600,secureserver.net,benign_content_padding,58,58,PHISHING,PHISHING,True,False,False,0
P15600,secureserver.net,visible_text_obfuscation,58,71,PHISHING,PHISHING,True,False,False,13
P15600,secureserver.net,cosmetic_dom_addition,58,58,PHISHING,PHISHING,True,False,False,0
P15600,secureserver.net,url_lexical_query_addition,58,58,PHISHING,PHISHING,True,False,False,0
P15647,cloudaccess.host,benign_content_padding,99,99,PHISHING,PHISHING,True,False,False,0
P15647,cloudaccess.host,visible_text_obfuscation,99,99,PHISHING,PHISHING,True,False,False,0
P15647,cloudaccess.host,cosmetic_dom_addition,99,99,PHISHING,PHISHING,True,False,False,0
P15647,cloudaccess.host,url_lexical_query_addition,99,99,PHISHING,PHISHING,True,False,False,0
P15651,firebaseapp.com,benign_content_padding,99,99,PHISHING,PHISHING,True,False,False,0
P15651,firebaseapp.com,visible_text_obfuscation,99,99,PHISHING,PHISHING,True,False,False,0
P15651,firebaseapp.com,cosmetic_dom_addition,99,99,PHISHING,PHISHING,True,False,False,0
P15651,firebaseapp.com,url_lexical_query_addition,99,99,PHISHING,PHISHING,True,False,False,0
P15672,pngsgold.com,benign_content_padding,26,24,SUSPICIOUS,SUSPICIOUS,False,False,False,-2
P15672,pngsgold.com,visible_text_obfuscation,26,24,SUSPICIOUS,SUSPICIOUS,False,False,False,-2
P15672,pngsgold.com,cosmetic_dom_addition,26,26,SUSPICIOUS,SUSPICIOUS,False,False,False,0
P15672,pngsgold.com,url_lexical_query_addition,26,25,SUSPICIOUS,SUSPICIOUS,False,False,False,-1
P15675,linktr.ee,benign_content_padding,10,6,SAFE,SAFE,False,False,False,-4
P15675,linktr.ee,visible_text_obfuscation,10,37,SAFE,SUSPICIOUS,False,False,True,27
P15675,linktr.ee,cosmetic_dom_addition,10,10,SAFE,SAFE,False,False,False,0
P15675,linktr.ee,url_lexical_query_addition,10,9,SAFE,SAFE,False,False,False,-1
P15680,firebaseapp.com,benign_content_padding,99,99,PHISHING,PHISHING,True,False,False,0
P15680,firebaseapp.com,visible_text_obfuscation,99,99,PHISHING,PHISHING,True,False,False,0
P15680,firebaseapp.com,cosmetic_dom_addition,99,99,PHISHING,PHISHING,True,False,False,0
P15680,firebaseapp.com,url_lexical_query_addition,99,99,PHISHING,PHISHING,True,False,False,0
P15684,allocacoc.com.co,benign_content_padding,91,91,PHISHING,PHISHING,True,False,False,0
P15684,allocacoc.com.co,visible_text_obfuscation,91,91,PHISHING,PHISHING,True,False,False,0
P15684,allocacoc.com.co,cosmetic_dom_addition,91,91,PHISHING,PHISHING,True,False,False,0
P15684,allocacoc.com.co,url_lexical_query_addition,91,77,PHISHING,PHISHING,True,False,False,-14
P15720,duckdns.org,benign_content_padding,94,94,PHISHING,PHISHING,True,False,False,0
P15720,duckdns.org,visible_text_obfuscation,94,94,PHISHING,PHISHING,True,False,False,0
P15720,duckdns.org,cosmetic_dom_addition,94,94,PHISHING,PHISHING,True,False,False,0
P15720,duckdns.org,url_lexical_query_addition,94,94,PHISHING,PHISHING,True,False,False,0
P15727,vot.pl,benign_content_padding,79,79,PHISHING,PHISHING,True,False,False,0
P15727,vot.pl,visible_text_obfuscation,79,12,PHISHING,SAFE,True,True,True,-67
P15727,vot.pl,cosmetic_dom_addition,79,79,PHISHING,PHISHING,True,False,False,0
P15727,vot.pl,url_lexical_query_addition,79,69,PHISHING,PHISHING,True,False,False,-10
P15730,yahoosites.com,benign_content_padding,99,99,PHISHING,PHISHING,True,False,False,0
P15730,yahoosites.com,visible_text_obfuscation,99,99,PHISHING,PHISHING,True,False,False,0
P15730,yahoosites.com,cosmetic_dom_addition,99,99,PHISHING,PHISHING,True,False,False,0
P15730,yahoosites.com,url_lexical_query_addition,99,99,PHISHING,PHISHING,True,False,False,0
P15746,m-ebays.com,benign_content_padding,99,99,PHISHING,PHISHING,True,False,False,0
P15746,m-ebays.com,visible_text_obfuscation,99,99,PHISHING,PHISHING,True,False,False,0
P15746,m-ebays.com,cosmetic_dom_addition,99,99,PHISHING,PHISHING,True,False,False,0
P15746,m-ebays.com,url_lexical_query_addition,99,99,PHISHING,PHISHING,True,False,False,0
P15788,weready.org,benign_content_padding,98,98,PHISHING,PHISHING,True,False,False,0
P15788,weready.org,visible_text_obfuscation,98,98,PHISHING,PHISHING,True,False,False,0
P15788,weready.org,cosmetic_dom_addition,98,98,PHISHING,PHISHING,True,False,False,0
P15788,weready.org,url_lexical_query_addition,98,99,PHISHING,PHISHING,True,False,False,1
P15814,ravenbuildersinc.com,benign_content_padding,78,78,PHISHING,PHISHING,True,False,False,0
P15814,ravenbuildersinc.com,visible_text_obfuscation,78,77,PHISHING,PHISHING,True,False,False,-1
P15814,ravenbuildersinc.com,cosmetic_dom_addition,78,78,PHISHING,PHISHING,True,False,False,0
P15814,ravenbuildersinc.com,url_lexical_query_addition,78,73,PHISHING,PHISHING,True,False,False,-5
P15828,azurewebsites.net,benign_content_padding,98,98,PHISHING,PHISHING,True,False,False,0
P15828,azurewebsites.net,visible_text_obfuscation,98,98,PHISHING,PHISHING,True,False,False,0
P15828,azurewebsites.net,cosmetic_dom_addition,98,98,PHISHING,PHISHING,True,False,False,0
P15828,azurewebsites.net,url_lexical_query_addition,98,94,PHISHING,PHISHING,True,False,False,-4
P15835,rhone-sec.co.uk,benign_content_padding,92,90,PHISHING,PHISHING,True,False,False,-2
P15835,rhone-sec.co.uk,visible_text_obfuscation,92,77,PHISHING,PHISHING,True,False,False,-15
P15835,rhone-sec.co.uk,cosmetic_dom_addition,92,92,PHISHING,PHISHING,True,False,False,0
P15835,rhone-sec.co.uk,url_lexical_query_addition,92,92,PHISHING,PHISHING,True,False,False,0
P15838,cambridgehypnotherapy.co.uk,benign_content_padding,99,99,PHISHING,PHISHING,True,False,False,0
P15838,cambridgehypnotherapy.co.uk,visible_text_obfuscation,99,99,PHISHING,PHISHING,True,False,False,0
P15838,cambridgehypnotherapy.co.uk,cosmetic_dom_addition,99,99,PHISHING,PHISHING,True,False,False,0
P15838,cambridgehypnotherapy.co.uk,url_lexical_query_addition,99,99,PHISHING,PHISHING,True,False,False,0
P15860,globalsports.com.bd,benign_content_padding,99,99,PHISHING,PHISHING,True,False,False,0
P15860,globalsports.com.bd,visible_text_obfuscation,99,99,PHISHING,PHISHING,True,False,False,0
P15860,globalsports.com.bd,cosmetic_dom_addition,99,99,PHISHING,PHISHING,True,False,False,0
P15860,globalsports.com.bd,url_lexical_query_addition,99,99,PHISHING,PHISHING,True,False,False,0
P15864,sprsales.com,benign_content_padding,65,65,PHISHING,PHISHING,True,False,False,0
P15864,sprsales.com,visible_text_obfuscation,65,64,PHISHING,PHISHING,True,False,False,-1
P15864,sprsales.com,cosmetic_dom_addition,65,65,PHISHING,PHISHING,True,False,False,0
P15864,sprsales.com,url_lexical_query_addition,65,65,PHISHING,PHISHING,True,False,False,0
P15914,globalsports.com.bd,benign_content_padding,99,99,PHISHING,PHISHING,True,False,False,0
P15914,globalsports.com.bd,visible_text_obfuscation,99,99,PHISHING,PHISHING,True,False,False,0
P15914,globalsports.com.bd,cosmetic_dom_addition,99,99,PHISHING,PHISHING,True,False,False,0
P15914,globalsports.com.bd,url_lexical_query_addition,99,99,PHISHING,PHISHING,True,False,False,0
P15924,loupdb.com,benign_content_padding,99,99,PHISHING,PHISHING,True,False,False,0
P15924,loupdb.com,visible_text_obfuscation,99,99,PHISHING,PHISHING,True,False,False,0
P15924,loupdb.com,cosmetic_dom_addition,99,99,PHISHING,PHISHING,True,False,False,0
P15924,loupdb.com,url_lexical_query_addition,99,99,PHISHING,PHISHING,True,False,False,0
P15989,lideradestinations.com,benign_content_padding,99,99,PHISHING,PHISHING,True,False,False,0
P15989,lideradestinations.com,visible_text_obfuscation,99,98,PHISHING,PHISHING,True,False,False,-1
P15989,lideradestinations.com,cosmetic_dom_addition,99,99,PHISHING,PHISHING,True,False,False,0
P15989,lideradestinations.com,url_lexical_query_addition,99,99,PHISHING,PHISHING,True,False,False,0
P15993,lattanziowines.com,benign_content_padding,96,96,PHISHING,PHISHING,True,False,False,0
P15993,lattanziowines.com,visible_text_obfuscation,96,96,PHISHING,PHISHING,True,False,False,0
P15993,lattanziowines.com,cosmetic_dom_addition,96,96,PHISHING,PHISHING,True,False,False,0
P15993,lattanziowines.com,url_lexical_query_addition,96,95,PHISHING,PHISHING,True,False,False,-1
P16017,evolutiondesign.ro,benign_content_padding,99,99,PHISHING,PHISHING,True,False,False,0
P16017,evolutiondesign.ro,visible_text_obfuscation,99,99,PHISHING,PHISHING,True,False,False,0
P16017,evolutiondesign.ro,cosmetic_dom_addition,99,99,PHISHING,PHISHING,True,False,False,0
P16017,evolutiondesign.ro,url_lexical_query_addition,99,99,PHISHING,PHISHING,True,False,False,0
P16032,cincinnatigalloway.com,benign_content_padding,99,99,PHISHING,PHISHING,True,False,False,0
P16032,cincinnatigalloway.com,visible_text_obfuscation,99,99,PHISHING,PHISHING,True,False,False,0
P16032,cincinnatigalloway.com,cosmetic_dom_addition,99,99,PHISHING,PHISHING,True,False,False,0
P16032,cincinnatigalloway.com,url_lexical_query_addition,99,98,PHISHING,PHISHING,True,False,False,-1
P16067,netflixpremiumaccount.com,benign_content_padding,5,5,SAFE,SAFE,False,False,False,0
P16067,netflixpremiumaccount.com,visible_text_obfuscation,5,5,SAFE,SAFE,False,False,False,0
P16067,netflixpremiumaccount.com,cosmetic_dom_addition,5,5,SAFE,SAFE,False,False,False,0
P16067,netflixpremiumaccount.com,url_lexical_query_addition,5,4,SAFE,SAFE,False,False,False,-1
P16073,esignaturefile.ml,benign_content_padding,99,99,PHISHING,PHISHING,True,False,False,0
P16073,esignaturefile.ml,visible_text_obfuscation,99,99,PHISHING,PHISHING,True,False,False,0
P16073,esignaturefile.ml,cosmetic_dom_addition,99,99,PHISHING,PHISHING,True,False,False,0
P16073,esignaturefile.ml,url_lexical_query_addition,99,98,PHISHING,PHISHING,True,False,False,-1
P16089,vcebhopal.ac.in,benign_content_padding,99,98,PHISHING,PHISHING,True,False,False,-1
P16089,vcebhopal.ac.in,visible_text_obfuscation,99,98,PHISHING,PHISHING,True,False,False,-1
P16089,vcebhopal.ac.in,cosmetic_dom_addition,99,99,PHISHING,PHISHING,True,False,False,0
P16089,vcebhopal.ac.in,url_lexical_query_addition,99,99,PHISHING,PHISHING,True,False,False,0
P16090,somitelhotel.com,benign_content_padding,99,99,PHISHING,PHISHING,True,False,False,0
P16090,somitelhotel.com,visible_text_obfuscation,99,99,PHISHING,PHISHING,True,False,False,0
P16090,somitelhotel.com,cosmetic_dom_addition,99,99,PHISHING,PHISHING,True,False,False,0
P16090,somitelhotel.com,url_lexical_query_addition,99,98,PHISHING,PHISHING,True,False,False,-1
P16100,surveygizmo.com,benign_content_padding,79,79,PHISHING,PHISHING,True,False,False,0
P16100,surveygizmo.com,visible_text_obfuscation,79,79,PHISHING,PHISHING,True,False,False,0
P16100,surveygizmo.com,cosmetic_dom_addition,79,79,PHISHING,PHISHING,True,False,False,0
P16100,surveygizmo.com,url_lexical_query_addition,79,70,PHISHING,PHISHING,True,False,False,-9
P16122,http://50.3.237.129/~newcom/,benign_content_padding,99,99,PHISHING,PHISHING,True,False,False,0
P16122,http://50.3.237.129/~newcom/,visible_text_obfuscation,99,99,PHISHING,PHISHING,True,False,False,0
P16122,http://50.3.237.129/~newcom/,cosmetic_dom_addition,99,99,PHISHING,PHISHING,True,False,False,0
P16122,http://50.3.237.129/~newcom/,url_lexical_query_addition,99,99,PHISHING,PHISHING,True,False,False,0
P16137,arenda-facebook.ru,benign_content_padding,98,98,PHISHING,PHISHING,True,False,False,0
P16137,arenda-facebook.ru,visible_text_obfuscation,98,98,PHISHING,PHISHING,True,False,False,0
P16137,arenda-facebook.ru,cosmetic_dom_addition,98,98,PHISHING,PHISHING,True,False,False,0
P16137,arenda-facebook.ru,url_lexical_query_addition,98,97,PHISHING,PHISHING,True,False,False,-1
P16158,forocontroldeplagas.com,benign_content_padding,99,99,PHISHING,PHISHING,True,False,False,0
P16158,forocontroldeplagas.com,visible_text_obfuscation,99,99,PHISHING,PHISHING,True,False,False,0
P16158,forocontroldeplagas.com,cosmetic_dom_addition,99,99,PHISHING,PHISHING,True,False,False,0
P16158,forocontroldeplagas.com,url_lexical_query_addition,99,99,PHISHING,PHISHING,True,False,False,0
P16165,fortifiedelectrics.com.au,benign_content_padding,83,65,PHISHING,PHISHING,True,False,False,-18
P16165,fortifiedelectrics.com.au,visible_text_obfuscation,83,63,PHISHING,PHISHING,True,False,False,-20
P16165,fortifiedelectrics.com.au,cosmetic_dom_addition,83,83,PHISHING,PHISHING,True,False,False,0
P16165,fortifiedelectrics.com.au,url_lexical_query_addition,83,83,PHISHING,PHISHING,True,False,False,0
P16183,serviciosmotrices.com,benign_content_padding,98,98,PHISHING,PHISHING,True,False,False,0
P16183,serviciosmotrices.com,visible_text_obfuscation,98,98,PHISHING,PHISHING,True,False,False,0
P16183,serviciosmotrices.com,cosmetic_dom_addition,98,98,PHISHING,PHISHING,True,False,False,0
P16183,serviciosmotrices.com,url_lexical_query_addition,98,97,PHISHING,PHISHING,True,False,False,-1
P16348,chimae.co.kr,benign_content_padding,91,91,PHISHING,PHISHING,True,False,False,0
P16348,chimae.co.kr,visible_text_obfuscation,91,91,PHISHING,PHISHING,True,False,False,0
P16348,chimae.co.kr,cosmetic_dom_addition,91,91,PHISHING,PHISHING,True,False,False,0
P16348,chimae.co.kr,url_lexical_query_addition,91,76,PHISHING,PHISHING,True,False,False,-15
P16359,surveygizmo.com,benign_content_padding,72,72,PHISHING,PHISHING,True,False,False,0
P16359,surveygizmo.com,visible_text_obfuscation,72,72,PHISHING,PHISHING,True,False,False,0
P16359,surveygizmo.com,cosmetic_dom_addition,72,72,PHISHING,PHISHING,True,False,False,0
P16359,surveygizmo.com,url_lexical_query_addition,72,69,PHISHING,PHISHING,True,False,False,-3
P16376,photogeneralist.com,benign_content_padding,98,98,PHISHING,PHISHING,True,False,False,0
P16376,photogeneralist.com,visible_text_obfuscation,98,98,PHISHING,PHISHING,True,False,False,0
P16376,photogeneralist.com,cosmetic_dom_addition,98,98,PHISHING,PHISHING,True,False,False,0
P16376,photogeneralist.com,url_lexical_query_addition,98,97,PHISHING,PHISHING,True,False,False,-1
P16390,heartstrongyoga.com,benign_content_padding,98,98,PHISHING,PHISHING,True,False,False,0
P16390,heartstrongyoga.com,visible_text_obfuscation,98,98,PHISHING,PHISHING,True,False,False,0
P16390,heartstrongyoga.com,cosmetic_dom_addition,98,98,PHISHING,PHISHING,True,False,False,0
P16390,heartstrongyoga.com,url_lexical_query_addition,98,96,PHISHING,PHISHING,True,False,False,-2
P16395,dsc.vic.edu.au,benign_content_padding,68,68,PHISHING,PHISHING,True,False,False,0
P16395,dsc.vic.edu.au,visible_text_obfuscation,68,66,PHISHING,PHISHING,True,False,False,-2
P16395,dsc.vic.edu.au,cosmetic_dom_addition,68,68,PHISHING,PHISHING,True,False,False,0
P16395,dsc.vic.edu.au,url_lexical_query_addition,68,69,PHISHING,PHISHING,True,False,False,1
P16424,idontknow.moe,benign_content_padding,97,97,PHISHING,PHISHING,True,False,False,0
P16424,idontknow.moe,visible_text_obfuscation,97,97,PHISHING,PHISHING,True,False,False,0
P16424,idontknow.moe,cosmetic_dom_addition,97,97,PHISHING,PHISHING,True,False,False,0
P16424,idontknow.moe,url_lexical_query_addition,97,92,PHISHING,PHISHING,True,False,False,-5
P16467,analyticalinstrumentsmanufacturer.com,benign_content_padding,95,95,PHISHING,PHISHING,True,False,False,0
P16467,analyticalinstrumentsmanufacturer.com,visible_text_obfuscation,95,94,PHISHING,PHISHING,True,False,False,-1
P16467,analyticalinstrumentsmanufacturer.com,cosmetic_dom_addition,95,95,PHISHING,PHISHING,True,False,False,0
P16467,analyticalinstrumentsmanufacturer.com,url_lexical_query_addition,95,96,PHISHING,PHISHING,True,False,False,1
P16498,netflixpremiumaccount.com,benign_content_padding,26,26,SUSPICIOUS,SUSPICIOUS,False,False,False,0
P16498,netflixpremiumaccount.com,visible_text_obfuscation,26,26,SUSPICIOUS,SUSPICIOUS,False,False,False,0
P16498,netflixpremiumaccount.com,cosmetic_dom_addition,26,26,SUSPICIOUS,SUSPICIOUS,False,False,False,0
P16498,netflixpremiumaccount.com,url_lexical_query_addition,26,17,SUSPICIOUS,SUSPICIOUS,False,False,False,-9
P16576,nitaski.com,benign_content_padding,99,99,PHISHING,PHISHING,True,False,False,0
P16576,nitaski.com,visible_text_obfuscation,99,99,PHISHING,PHISHING,True,False,False,0
P16576,nitaski.com,cosmetic_dom_addition,99,99,PHISHING,PHISHING,True,False,False,0
P16576,nitaski.com,url_lexical_query_addition,99,99,PHISHING,PHISHING,True,False,False,0
P16583,secureserver.net,benign_content_padding,98,98,PHISHING,PHISHING,True,False,False,0
P16583,secureserver.net,visible_text_obfuscation,98,97,PHISHING,PHISHING,True,False,False,-1
P16583,secureserver.net,cosmetic_dom_addition,98,98,PHISHING,PHISHING,True,False,False,0
P16583,secureserver.net,url_lexical_query_addition,98,98,PHISHING,PHISHING,True,False,False,0
P16631,bitballoon.com,benign_content_padding,99,99,PHISHING,PHISHING,True,False,False,0
P16631,bitballoon.com,visible_text_obfuscation,99,99,PHISHING,PHISHING,True,False,False,0
P16631,bitballoon.com,cosmetic_dom_addition,99,99,PHISHING,PHISHING,True,False,False,0
P16631,bitballoon.com,url_lexical_query_addition,99,99,PHISHING,PHISHING,True,False,False,0
P16704,jotform.com,benign_content_padding,91,91,PHISHING,PHISHING,True,False,False,0
P16704,jotform.com,visible_text_obfuscation,91,91,PHISHING,PHISHING,True,False,False,0
P16704,jotform.com,cosmetic_dom_addition,91,91,PHISHING,PHISHING,True,False,False,0
P16704,jotform.com,url_lexical_query_addition,91,77,PHISHING,PHISHING,True,False,False,-14
P16804,aeroflexaviation.com,benign_content_padding,98,98,PHISHING,PHISHING,True,False,False,0
P16804,aeroflexaviation.com,visible_text_obfuscation,98,98,PHISHING,PHISHING,True,False,False,0
P16804,aeroflexaviation.com,cosmetic_dom_addition,98,98,PHISHING,PHISHING,True,False,False,0
P16804,aeroflexaviation.com,url_lexical_query_addition,98,98,PHISHING,PHISHING,True,False,False,0
P16835,codotelvinpearl.com,benign_content_padding,99,99,PHISHING,PHISHING,True,False,False,0
P16835,codotelvinpearl.com,visible_text_obfuscation,99,99,PHISHING,PHISHING,True,False,False,0
P16835,codotelvinpearl.com,cosmetic_dom_addition,99,99,PHISHING,PHISHING,True,False,False,0
P16835,codotelvinpearl.com,url_lexical_query_addition,99,99,PHISHING,PHISHING,True,False,False,0
P16860,agence-erasmus.fr,benign_content_padding,99,99,PHISHING,PHISHING,True,False,False,0
P16860,agence-erasmus.fr,visible_text_obfuscation,99,99,PHISHING,PHISHING,True,False,False,0
P16860,agence-erasmus.fr,cosmetic_dom_addition,99,99,PHISHING,PHISHING,True,False,False,0
P16860,agence-erasmus.fr,url_lexical_query_addition,99,98,PHISHING,PHISHING,True,False,False,-1
P16874,tv5.com.mx,benign_content_padding,98,98,PHISHING,PHISHING,True,False,False,0
P16874,tv5.com.mx,visible_text_obfuscation,98,98,PHISHING,PHISHING,True,False,False,0
P16874,tv5.com.mx,cosmetic_dom_addition,98,98,PHISHING,PHISHING,True,False,False,0
P16874,tv5.com.mx,url_lexical_query_addition,98,98,PHISHING,PHISHING,True,False,False,0
P16875,orange.fr,benign_content_padding,5,5,SAFE,SAFE,False,False,False,0
P16875,orange.fr,visible_text_obfuscation,5,5,SAFE,SAFE,False,False,False,0
P16875,orange.fr,cosmetic_dom_addition,5,5,SAFE,SAFE,False,False,False,0
P16875,orange.fr,url_lexical_query_addition,5,2,SAFE,SAFE,False,False,False,-3
P16894,securewebsession.com,benign_content_padding,97,97,PHISHING,PHISHING,True,False,False,0
P16894,securewebsession.com,visible_text_obfuscation,97,97,PHISHING,PHISHING,True,False,False,0
P16894,securewebsession.com,cosmetic_dom_addition,97,97,PHISHING,PHISHING,True,False,False,0
P16894,securewebsession.com,url_lexical_query_addition,97,96,PHISHING,PHISHING,True,False,False,-1
P16910,slet-fortuna.ru,benign_content_padding,98,98,PHISHING,PHISHING,True,False,False,0
P16910,slet-fortuna.ru,visible_text_obfuscation,98,98,PHISHING,PHISHING,True,False,False,0
P16910,slet-fortuna.ru,cosmetic_dom_addition,98,98,PHISHING,PHISHING,True,False,False,0
P16910,slet-fortuna.ru,url_lexical_query_addition,98,95,PHISHING,PHISHING,True,False,False,-3
P16928,co.nf,benign_content_padding,99,99,PHISHING,PHISHING,True,False,False,0
P16928,co.nf,visible_text_obfuscation,99,99,PHISHING,PHISHING,True,False,False,0
P16928,co.nf,cosmetic_dom_addition,99,99,PHISHING,PHISHING,True,False,False,0
P16928,co.nf,url_lexical_query_addition,99,98,PHISHING,PHISHING,True,False,False,-1
P16937,lechners.eu,benign_content_padding,97,97,PHISHING,PHISHING,True,False,False,0
P16937,lechners.eu,visible_text_obfuscation,97,56,PHISHING,SUSPICIOUS,True,True,True,-41
P16937,lechners.eu,cosmetic_dom_addition,97,97,PHISHING,PHISHING,True,False,False,0
P16937,lechners.eu,url_lexical_query_addition,97,96,PHISHING,PHISHING,True,False,False,-1
P16968,eccibje.com.br,benign_content_padding,99,98,PHISHING,PHISHING,True,False,False,-1
P16968,eccibje.com.br,visible_text_obfuscation,99,98,PHISHING,PHISHING,True,False,False,-1
P16968,eccibje.com.br,cosmetic_dom_addition,99,99,PHISHING,PHISHING,True,False,False,0
P16968,eccibje.com.br,url_lexical_query_addition,99,99,PHISHING,PHISHING,True,False,False,0
P16987,rieano.com,benign_content_padding,99,99,PHISHING,PHISHING,True,False,False,0
P16987,rieano.com,visible_text_obfuscation,99,99,PHISHING,PHISHING,True,False,False,0
P16987,rieano.com,cosmetic_dom_addition,99,99,PHISHING,PHISHING,True,False,False,0
P16987,rieano.com,url_lexical_query_addition,99,99,PHISHING,PHISHING,True,False,False,0
P17013,kanal103.com.mk,benign_content_padding,99,99,PHISHING,PHISHING,True,False,False,0
P17013,kanal103.com.mk,visible_text_obfuscation,99,99,PHISHING,PHISHING,True,False,False,0
P17013,kanal103.com.mk,cosmetic_dom_addition,99,99,PHISHING,PHISHING,True,False,False,0
P17013,kanal103.com.mk,url_lexical_query_addition,99,99,PHISHING,PHISHING,True,False,False,0
P17032,rondinelleadvogados.com.br,benign_content_padding,99,99,PHISHING,PHISHING,True,False,False,0
P17032,rondinelleadvogados.com.br,visible_text_obfuscation,99,99,PHISHING,PHISHING,True,False,False,0
P17032,rondinelleadvogados.com.br,cosmetic_dom_addition,99,99,PHISHING,PHISHING,True,False,False,0
P17032,rondinelleadvogados.com.br,url_lexical_query_addition,99,99,PHISHING,PHISHING,True,False,False,0
P17036,studio387.ba,benign_content_padding,99,99,PHISHING,PHISHING,True,False,False,0
P17036,studio387.ba,visible_text_obfuscation,99,99,PHISHING,PHISHING,True,False,False,0
P17036,studio387.ba,cosmetic_dom_addition,99,99,PHISHING,PHISHING,True,False,False,0
P17036,studio387.ba,url_lexical_query_addition,99,99,PHISHING,PHISHING,True,False,False,0
P17065,surveygizmo.com,benign_content_padding,89,89,PHISHING,PHISHING,True,False,False,0
P17065,surveygizmo.com,visible_text_obfuscation,89,89,PHISHING,PHISHING,True,False,False,0
P17065,surveygizmo.com,cosmetic_dom_addition,89,89,PHISHING,PHISHING,True,False,False,0
P17065,surveygizmo.com,url_lexical_query_addition,89,74,PHISHING,PHISHING,True,False,False,-15
P17067,swimtens.com,benign_content_padding,99,99,PHISHING,PHISHING,True,False,False,0
P17067,swimtens.com,visible_text_obfuscation,99,99,PHISHING,PHISHING,True,False,False,0
P17067,swimtens.com,cosmetic_dom_addition,99,99,PHISHING,PHISHING,True,False,False,0
P17067,swimtens.com,url_lexical_query_addition,99,99,PHISHING,PHISHING,True,False,False,0
P17086,persontopersonband.com,benign_content_padding,99,99,PHISHING,PHISHING,True,False,False,0
P17086,persontopersonband.com,visible_text_obfuscation,99,99,PHISHING,PHISHING,True,False,False,0
P17086,persontopersonband.com,cosmetic_dom_addition,99,99,PHISHING,PHISHING,True,False,False,0
P17086,persontopersonband.com,url_lexical_query_addition,99,99,PHISHING,PHISHING,True,False,False,0
P17110,oxfordlimoservice.com,benign_content_padding,98,98,PHISHING,PHISHING,True,False,False,0
P17110,oxfordlimoservice.com,visible_text_obfuscation,98,98,PHISHING,PHISHING,True,False,False,0
P17110,oxfordlimoservice.com,cosmetic_dom_addition,98,98,PHISHING,PHISHING,True,False,False,0
P17110,oxfordlimoservice.com,url_lexical_query_addition,98,96,PHISHING,PHISHING,True,False,False,-2
P17111,toile-libre.org,benign_content_padding,92,92,PHISHING,PHISHING,True,False,False,0
P17111,toile-libre.org,visible_text_obfuscation,92,92,PHISHING,PHISHING,True,False,False,0
P17111,toile-libre.org,cosmetic_dom_addition,92,92,PHISHING,PHISHING,True,False,False,0
P17111,toile-libre.org,url_lexical_query_addition,92,80,PHISHING,PHISHING,True,False,False,-12
P17115,bounce2health.com,benign_content_padding,98,98,PHISHING,PHISHING,True,False,False,0
P17115,bounce2health.com,visible_text_obfuscation,98,98,PHISHING,PHISHING,True,False,False,0
P17115,bounce2health.com,cosmetic_dom_addition,98,98,PHISHING,PHISHING,True,False,False,0
P17115,bounce2health.com,url_lexical_query_addition,98,98,PHISHING,PHISHING,True,False,False,0
P17120,websitemonster.co.in,benign_content_padding,99,99,PHISHING,PHISHING,True,False,False,0
P17120,websitemonster.co.in,visible_text_obfuscation,99,99,PHISHING,PHISHING,True,False,False,0
P17120,websitemonster.co.in,cosmetic_dom_addition,99,99,PHISHING,PHISHING,True,False,False,0
P17120,websitemonster.co.in,url_lexical_query_addition,99,99,PHISHING,PHISHING,True,False,False,0
P17167,service23.com,benign_content_padding,99,99,PHISHING,PHISHING,True,False,False,0
P17167,service23.com,visible_text_obfuscation,99,99,PHISHING,PHISHING,True,False,False,0
P17167,service23.com,cosmetic_dom_addition,99,99,PHISHING,PHISHING,True,False,False,0
P17167,service23.com,url_lexical_query_addition,99,99,PHISHING,PHISHING,True,False,False,0
P17178,service23.com,benign_content_padding,99,99,PHISHING,PHISHING,True,False,False,0
P17178,service23.com,visible_text_obfuscation,99,99,PHISHING,PHISHING,True,False,False,0
P17178,service23.com,cosmetic_dom_addition,99,99,PHISHING,PHISHING,True,False,False,0
P17178,service23.com,url_lexical_query_addition,99,99,PHISHING,PHISHING,True,False,False,0
P17180,1-855-rogers.com,benign_content_padding,98,98,PHISHING,PHISHING,True,False,False,0
P17180,1-855-rogers.com,visible_text_obfuscation,98,98,PHISHING,PHISHING,True,False,False,0
P17180,1-855-rogers.com,cosmetic_dom_addition,98,98,PHISHING,PHISHING,True,False,False,0
P17180,1-855-rogers.com,url_lexical_query_addition,98,98,PHISHING,PHISHING,True,False,False,0
P17186,service23.com,benign_content_padding,99,99,PHISHING,PHISHING,True,False,False,0
P17186,service23.com,visible_text_obfuscation,99,99,PHISHING,PHISHING,True,False,False,0
P17186,service23.com,cosmetic_dom_addition,99,99,PHISHING,PHISHING,True,False,False,0
P17186,service23.com,url_lexical_query_addition,99,99,PHISHING,PHISHING,True,False,False,0
P17197,atlecat.xyz,benign_content_padding,99,99,PHISHING,PHISHING,True,False,False,0
P17197,atlecat.xyz,visible_text_obfuscation,99,99,PHISHING,PHISHING,True,False,False,0
P17197,atlecat.xyz,cosmetic_dom_addition,99,99,PHISHING,PHISHING,True,False,False,0
P17197,atlecat.xyz,url_lexical_query_addition,99,99,PHISHING,PHISHING,True,False,False,0
P17246,surveygizmo.com,benign_content_padding,89,89,PHISHING,PHISHING,True,False,False,0
P17246,surveygizmo.com,visible_text_obfuscation,89,89,PHISHING,PHISHING,True,False,False,0
P17246,surveygizmo.com,cosmetic_dom_addition,89,89,PHISHING,PHISHING,True,False,False,0
P17246,surveygizmo.com,url_lexical_query_addition,89,74,PHISHING,PHISHING,True,False,False,-15
P17299,seaforth-blackpool.co.uk,benign_content_padding,99,99,PHISHING,PHISHING,True,False,False,0
P17299,seaforth-blackpool.co.uk,visible_text_obfuscation,99,99,PHISHING,PHISHING,True,False,False,0
P17299,seaforth-blackpool.co.uk,cosmetic_dom_addition,99,99,PHISHING,PHISHING,True,False,False,0
P17299,seaforth-blackpool.co.uk,url_lexical_query_addition,99,99,PHISHING,PHISHING,True,False,False,0
P17301,seaforth-blackpool.co.uk,benign_content_padding,99,99,PHISHING,PHISHING,True,False,False,0
P17301,seaforth-blackpool.co.uk,visible_text_obfuscation,99,99,PHISHING,PHISHING,True,False,False,0
P17301,seaforth-blackpool.co.uk,cosmetic_dom_addition,99,99,PHISHING,PHISHING,True,False,False,0
P17301,seaforth-blackpool.co.uk,url_lexical_query_addition,99,98,PHISHING,PHISHING,True,False,False,-1
P17302,seaforth-blackpool.co.uk,benign_content_padding,99,99,PHISHING,PHISHING,True,False,False,0
P17302,seaforth-blackpool.co.uk,visible_text_obfuscation,99,99,PHISHING,PHISHING,True,False,False,0
P17302,seaforth-blackpool.co.uk,cosmetic_dom_addition,99,99,PHISHING,PHISHING,True,False,False,0
P17302,seaforth-blackpool.co.uk,url_lexical_query_addition,99,98,PHISHING,PHISHING,True,False,False,-1
P17303,seaforth-blackpool.co.uk,benign_content_padding,99,99,PHISHING,PHISHING,True,False,False,0
P17303,seaforth-blackpool.co.uk,visible_text_obfuscation,99,99,PHISHING,PHISHING,True,False,False,0
P17303,seaforth-blackpool.co.uk,cosmetic_dom_addition,99,99,PHISHING,PHISHING,True,False,False,0
P17303,seaforth-blackpool.co.uk,url_lexical_query_addition,99,99,PHISHING,PHISHING,True,False,False,0
P17305,seaforth-blackpool.co.uk,benign_content_padding,99,99,PHISHING,PHISHING,True,False,False,0
P17305,seaforth-blackpool.co.uk,visible_text_obfuscation,99,99,PHISHING,PHISHING,True,False,False,0
P17305,seaforth-blackpool.co.uk,cosmetic_dom_addition,99,99,PHISHING,PHISHING,True,False,False,0
P17305,seaforth-blackpool.co.uk,url_lexical_query_addition,99,98,PHISHING,PHISHING,True,False,False,-1
P17322,ccu.cl,benign_content_padding,76,71,PHISHING,PHISHING,True,False,False,-5
P17322,ccu.cl,visible_text_obfuscation,76,63,PHISHING,PHISHING,True,False,False,-13
P17322,ccu.cl,cosmetic_dom_addition,76,76,PHISHING,PHISHING,True,False,False,0
P17322,ccu.cl,url_lexical_query_addition,76,67,PHISHING,PHISHING,True,False,False,-9
P17384,na1tionlus.com,benign_content_padding,99,99,PHISHING,PHISHING,True,False,False,0
P17384,na1tionlus.com,visible_text_obfuscation,99,99,PHISHING,PHISHING,True,False,False,0
P17384,na1tionlus.com,cosmetic_dom_addition,99,99,PHISHING,PHISHING,True,False,False,0
P17384,na1tionlus.com,url_lexical_query_addition,99,99,PHISHING,PHISHING,True,False,False,0
P17440,s3cur3-d3p0s1t.com,benign_content_padding,99,99,PHISHING,PHISHING,True,False,False,0
P17440,s3cur3-d3p0s1t.com,visible_text_obfuscation,99,98,PHISHING,PHISHING,True,False,False,-1
P17440,s3cur3-d3p0s1t.com,cosmetic_dom_addition,99,99,PHISHING,PHISHING,True,False,False,0
P17440,s3cur3-d3p0s1t.com,url_lexical_query_addition,99,98,PHISHING,PHISHING,True,False,False,-1
P17462,jobsearchinaustria.info,benign_content_padding,99,99,PHISHING,PHISHING,True,False,False,0
P17462,jobsearchinaustria.info,visible_text_obfuscation,99,99,PHISHING,PHISHING,True,False,False,0
P17462,jobsearchinaustria.info,cosmetic_dom_addition,99,99,PHISHING,PHISHING,True,False,False,0
P17462,jobsearchinaustria.info,url_lexical_query_addition,99,99,PHISHING,PHISHING,True,False,False,0
P17492,pac3gallery.us,benign_content_padding,99,99,PHISHING,PHISHING,True,False,False,0
P17492,pac3gallery.us,visible_text_obfuscation,99,99,PHISHING,PHISHING,True,False,False,0
P17492,pac3gallery.us,cosmetic_dom_addition,99,99,PHISHING,PHISHING,True,False,False,0
P17492,pac3gallery.us,url_lexical_query_addition,99,99,PHISHING,PHISHING,True,False,False,0
P17558,ancientnobody.icu,benign_content_padding,96,96,PHISHING,PHISHING,True,False,False,0
P17558,ancientnobody.icu,visible_text_obfuscation,96,96,PHISHING,PHISHING,True,False,False,0
P17558,ancientnobody.icu,cosmetic_dom_addition,96,96,PHISHING,PHISHING,True,False,False,0
P17558,ancientnobody.icu,url_lexical_query_addition,96,96,PHISHING,PHISHING,True,False,False,0
P17563,code2crack.com,benign_content_padding,96,96,PHISHING,PHISHING,True,False,False,0
P17563,code2crack.com,visible_text_obfuscation,96,96,PHISHING,PHISHING,True,False,False,0
P17563,code2crack.com,cosmetic_dom_addition,96,96,PHISHING,PHISHING,True,False,False,0
P17563,code2crack.com,url_lexical_query_addition,96,79,PHISHING,PHISHING,True,False,False,-17
P17600,serveirc.com,benign_content_padding,99,99,PHISHING,PHISHING,True,False,False,0
P17600,serveirc.com,visible_text_obfuscation,99,99,PHISHING,PHISHING,True,False,False,0
P17600,serveirc.com,cosmetic_dom_addition,99,99,PHISHING,PHISHING,True,False,False,0
P17600,serveirc.com,url_lexical_query_addition,99,99,PHISHING,PHISHING,True,False,False,0
P17649,chalkshades.com,benign_content_padding,74,74,PHISHING,PHISHING,True,False,False,0
P17649,chalkshades.com,visible_text_obfuscation,74,74,PHISHING,PHISHING,True,False,False,0
P17649,chalkshades.com,cosmetic_dom_addition,74,74,PHISHING,PHISHING,True,False,False,0
P17649,chalkshades.com,url_lexical_query_addition,74,80,PHISHING,PHISHING,True,False,False,6
P17654,commodities.ga,benign_content_padding,99,99,PHISHING,PHISHING,True,False,False,0
P17654,commodities.ga,visible_text_obfuscation,99,99,PHISHING,PHISHING,True,False,False,0
P17654,commodities.ga,cosmetic_dom_addition,99,99,PHISHING,PHISHING,True,False,False,0
P17654,commodities.ga,url_lexical_query_addition,99,99,PHISHING,PHISHING,True,False,False,0
P17824,studio387.ba,benign_content_padding,99,99,PHISHING,PHISHING,True,False,False,0
P17824,studio387.ba,visible_text_obfuscation,99,99,PHISHING,PHISHING,True,False,False,0
P17824,studio387.ba,cosmetic_dom_addition,99,99,PHISHING,PHISHING,True,False,False,0
P17824,studio387.ba,url_lexical_query_addition,99,99,PHISHING,PHISHING,True,False,False,0
P17884,kanal103.com.mk,benign_content_padding,99,99,PHISHING,PHISHING,True,False,False,0
P17884,kanal103.com.mk,visible_text_obfuscation,99,99,PHISHING,PHISHING,True,False,False,0
P17884,kanal103.com.mk,cosmetic_dom_addition,99,99,PHISHING,PHISHING,True,False,False,0
P17884,kanal103.com.mk,url_lexical_query_addition,99,99,PHISHING,PHISHING,True,False,False,0
P17912,nghiemtulan.com,benign_content_padding,98,98,PHISHING,PHISHING,True,False,False,0
P17912,nghiemtulan.com,visible_text_obfuscation,98,98,PHISHING,PHISHING,True,False,False,0
P17912,nghiemtulan.com,cosmetic_dom_addition,98,98,PHISHING,PHISHING,True,False,False,0
P17912,nghiemtulan.com,url_lexical_query_addition,98,99,PHISHING,PHISHING,True,False,False,1
P17945,modulosegurancasantander.com,benign_content_padding,24,24,SUSPICIOUS,SUSPICIOUS,False,False,False,0
P17945,modulosegurancasantander.com,visible_text_obfuscation,24,24,SUSPICIOUS,SUSPICIOUS,False,False,False,0
P17945,modulosegurancasantander.com,cosmetic_dom_addition,24,24,SUSPICIOUS,SUSPICIOUS,False,False,False,0
P17945,modulosegurancasantander.com,url_lexical_query_addition,24,19,SUSPICIOUS,SUSPICIOUS,False,False,False,-5
P17971,secureserver.net,benign_content_padding,99,99,PHISHING,PHISHING,True,False,False,0
P17971,secureserver.net,visible_text_obfuscation,99,99,PHISHING,PHISHING,True,False,False,0
P17971,secureserver.net,cosmetic_dom_addition,99,99,PHISHING,PHISHING,True,False,False,0
P17971,secureserver.net,url_lexical_query_addition,99,99,PHISHING,PHISHING,True,False,False,0
P18040,urisa.fr,benign_content_padding,97,97,PHISHING,PHISHING,True,False,False,0
P18040,urisa.fr,visible_text_obfuscation,97,97,PHISHING,PHISHING,True,False,False,0
P18040,urisa.fr,cosmetic_dom_addition,97,97,PHISHING,PHISHING,True,False,False,0
P18040,urisa.fr,url_lexical_query_addition,97,98,PHISHING,PHISHING,True,False,False,1
P18043,webstarterz.com,benign_content_padding,91,91,PHISHING,PHISHING,True,False,False,0
P18043,webstarterz.com,visible_text_obfuscation,91,91,PHISHING,PHISHING,True,False,False,0
P18043,webstarterz.com,cosmetic_dom_addition,91,91,PHISHING,PHISHING,True,False,False,0
P18043,webstarterz.com,url_lexical_query_addition,91,84,PHISHING,PHISHING,True,False,False,-7
P18091,obrascivilesdecolombia.com,benign_content_padding,88,88,PHISHING,PHISHING,True,False,False,0
P18091,obrascivilesdecolombia.com,visible_text_obfuscation,88,92,PHISHING,PHISHING,True,False,False,4
P18091,obrascivilesdecolombia.com,cosmetic_dom_addition,88,88,PHISHING,PHISHING,True,False,False,0
P18091,obrascivilesdecolombia.com,url_lexical_query_addition,88,87,PHISHING,PHISHING,True,False,False,-1
P18106,obrascivilesdecolombia.com,benign_content_padding,88,88,PHISHING,PHISHING,True,False,False,0
P18106,obrascivilesdecolombia.com,visible_text_obfuscation,88,92,PHISHING,PHISHING,True,False,False,4
P18106,obrascivilesdecolombia.com,cosmetic_dom_addition,88,88,PHISHING,PHISHING,True,False,False,0
P18106,obrascivilesdecolombia.com,url_lexical_query_addition,88,87,PHISHING,PHISHING,True,False,False,-1
P18110,wpdevcloud.com,benign_content_padding,92,92,PHISHING,PHISHING,True,False,False,0
P18110,wpdevcloud.com,visible_text_obfuscation,92,92,PHISHING,PHISHING,True,False,False,0
P18110,wpdevcloud.com,cosmetic_dom_addition,92,92,PHISHING,PHISHING,True,False,False,0
P18110,wpdevcloud.com,url_lexical_query_addition,92,89,PHISHING,PHISHING,True,False,False,-3
P18113,obrascivilesdecolombia.com,benign_content_padding,98,98,PHISHING,PHISHING,True,False,False,0
P18113,obrascivilesdecolombia.com,visible_text_obfuscation,98,99,PHISHING,PHISHING,True,False,False,1
P18113,obrascivilesdecolombia.com,cosmetic_dom_addition,98,98,PHISHING,PHISHING,True,False,False,0
P18113,obrascivilesdecolombia.com,url_lexical_query_addition,98,98,PHISHING,PHISHING,True,False,False,0
P18118,belstaffing.xyz,benign_content_padding,99,99,PHISHING,PHISHING,True,False,False,0
P18118,belstaffing.xyz,visible_text_obfuscation,99,99,PHISHING,PHISHING,True,False,False,0
P18118,belstaffing.xyz,cosmetic_dom_addition,99,99,PHISHING,PHISHING,True,False,False,0
P18118,belstaffing.xyz,url_lexical_query_addition,99,99,PHISHING,PHISHING,True,False,False,0
P18137,parsbalabar.com,benign_content_padding,99,99,PHISHING,PHISHING,True,False,False,0
P18137,parsbalabar.com,visible_text_obfuscation,99,99,PHISHING,PHISHING,True,False,False,0
P18137,parsbalabar.com,cosmetic_dom_addition,99,99,PHISHING,PHISHING,True,False,False,0
P18137,parsbalabar.com,url_lexical_query_addition,99,99,PHISHING,PHISHING,True,False,False,0
P18173,parsbalabar.com,benign_content_padding,99,99,PHISHING,PHISHING,True,False,False,0
P18173,parsbalabar.com,visible_text_obfuscation,99,99,PHISHING,PHISHING,True,False,False,0
P18173,parsbalabar.com,cosmetic_dom_addition,99,99,PHISHING,PHISHING,True,False,False,0
P18173,parsbalabar.com,url_lexical_query_addition,99,99,PHISHING,PHISHING,True,False,False,0
P18255,http://192.95.13.195/itau/,benign_content_padding,99,98,PHISHING,PHISHING,True,False,False,-1
P18255,http://192.95.13.195/itau/,visible_text_obfuscation,99,98,PHISHING,PHISHING,True,False,False,-1
P18255,http://192.95.13.195/itau/,cosmetic_dom_addition,99,99,PHISHING,PHISHING,True,False,False,0
P18255,http://192.95.13.195/itau/,url_lexical_query_addition,99,99,PHISHING,PHISHING,True,False,False,0
P18259,wufoo.com,benign_content_padding,72,72,PHISHING,PHISHING,True,False,False,0
P18259,wufoo.com,visible_text_obfuscation,72,72,PHISHING,PHISHING,True,False,False,0
P18259,wufoo.com,cosmetic_dom_addition,72,72,PHISHING,PHISHING,True,False,False,0
P18259,wufoo.com,url_lexical_query_addition,72,75,PHISHING,PHISHING,True,False,False,3
P18341,danubian.sk,benign_content_padding,86,85,PHISHING,PHISHING,True,False,False,-1
P18341,danubian.sk,visible_text_obfuscation,86,87,PHISHING,PHISHING,True,False,False,1
P18341,danubian.sk,cosmetic_dom_addition,86,86,PHISHING,PHISHING,True,False,False,0
P18341,danubian.sk,url_lexical_query_addition,86,77,PHISHING,PHISHING,True,False,False,-9
P18347,tworivermortgage.com,benign_content_padding,98,98,PHISHING,PHISHING,True,False,False,0
P18347,tworivermortgage.com,visible_text_obfuscation,98,98,PHISHING,PHISHING,True,False,False,0
P18347,tworivermortgage.com,cosmetic_dom_addition,98,98,PHISHING,PHISHING,True,False,False,0
P18347,tworivermortgage.com,url_lexical_query_addition,98,98,PHISHING,PHISHING,True,False,False,0
P18422,bakergrain.com.au,benign_content_padding,99,99,PHISHING,PHISHING,True,False,False,0
P18422,bakergrain.com.au,visible_text_obfuscation,99,99,PHISHING,PHISHING,True,False,False,0
P18422,bakergrain.com.au,cosmetic_dom_addition,99,99,PHISHING,PHISHING,True,False,False,0
P18422,bakergrain.com.au,url_lexical_query_addition,99,99,PHISHING,PHISHING,True,False,False,0
P18461,qixu.ca,benign_content_padding,95,95,PHISHING,PHISHING,True,False,False,0
P18461,qixu.ca,visible_text_obfuscation,95,63,PHISHING,PHISHING,True,False,False,-32
P18461,qixu.ca,cosmetic_dom_addition,95,95,PHISHING,PHISHING,True,False,False,0
P18461,qixu.ca,url_lexical_query_addition,95,94,PHISHING,PHISHING,True,False,False,-1
P18488,ambeysbigapple.com.au,benign_content_padding,99,99,PHISHING,PHISHING,True,False,False,0
P18488,ambeysbigapple.com.au,visible_text_obfuscation,99,99,PHISHING,PHISHING,True,False,False,0
P18488,ambeysbigapple.com.au,cosmetic_dom_addition,99,99,PHISHING,PHISHING,True,False,False,0
P18488,ambeysbigapple.com.au,url_lexical_query_addition,99,99,PHISHING,PHISHING,True,False,False,0
P18513,advert-verify-support.com,benign_content_padding,93,93,PHISHING,PHISHING,True,False,False,0
P18513,advert-verify-support.com,visible_text_obfuscation,93,96,PHISHING,PHISHING,True,False,False,3
P18513,advert-verify-support.com,cosmetic_dom_addition,93,93,PHISHING,PHISHING,True,False,False,0
P18513,advert-verify-support.com,url_lexical_query_addition,93,94,PHISHING,PHISHING,True,False,False,1
P18520,bamkofmeric.com,benign_content_padding,95,95,PHISHING,PHISHING,True,False,False,0
P18520,bamkofmeric.com,visible_text_obfuscation,95,95,PHISHING,PHISHING,True,False,False,0
P18520,bamkofmeric.com,cosmetic_dom_addition,95,95,PHISHING,PHISHING,True,False,False,0
P18520,bamkofmeric.com,url_lexical_query_addition,95,94,PHISHING,PHISHING,True,False,False,-1
P18563,5thblock.com,benign_content_padding,96,96,PHISHING,PHISHING,True,False,False,0
P18563,5thblock.com,visible_text_obfuscation,96,96,PHISHING,PHISHING,True,False,False,0
P18563,5thblock.com,cosmetic_dom_addition,96,96,PHISHING,PHISHING,True,False,False,0
P18563,5thblock.com,url_lexical_query_addition,96,89,PHISHING,PHISHING,True,False,False,-7
P18625,urisa.fr,benign_content_padding,98,98,PHISHING,PHISHING,True,False,False,0
P18625,urisa.fr,visible_text_obfuscation,98,98,PHISHING,PHISHING,True,False,False,0
P18625,urisa.fr,cosmetic_dom_addition,98,98,PHISHING,PHISHING,True,False,False,0
P18625,urisa.fr,url_lexical_query_addition,98,98,PHISHING,PHISHING,True,False,False,0
P18667,http://104.196.213.136/cef/paginas-caixa/resource/decoded/zn/info.php,benign_content_padding,99,99,PHISHING,PHISHING,True,False,False,0
P18667,http://104.196.213.136/cef/paginas-caixa/resource/decoded/zn/info.php,visible_text_obfuscation,99,99,PHISHING,PHISHING,True,False,False,0
P18667,http://104.196.213.136/cef/paginas-caixa/resource/decoded/zn/info.php,cosmetic_dom_addition,99,99,PHISHING,PHISHING,True,False,False,0
P18667,http://104.196.213.136/cef/paginas-caixa/resource/decoded/zn/info.php,url_lexical_query_addition,99,99,PHISHING,PHISHING,True,False,False,0
P18742,advancedrpm.com,benign_content_padding,99,99,PHISHING,PHISHING,True,False,False,0
P18742,advancedrpm.com,visible_text_obfuscation,99,99,PHISHING,PHISHING,True,False,False,0
P18742,advancedrpm.com,cosmetic_dom_addition,99,99,PHISHING,PHISHING,True,False,False,0
P18742,advancedrpm.com,url_lexical_query_addition,99,99,PHISHING,PHISHING,True,False,False,0
P18748,advancedrpm.com,benign_content_padding,96,96,PHISHING,PHISHING,True,False,False,0
P18748,advancedrpm.com,visible_text_obfuscation,96,96,PHISHING,PHISHING,True,False,False,0
P18748,advancedrpm.com,cosmetic_dom_addition,96,96,PHISHING,PHISHING,True,False,False,0
P18748,advancedrpm.com,url_lexical_query_addition,96,95,PHISHING,PHISHING,True,False,False,-1
P18803,bakergrain.com.au,benign_content_padding,99,99,PHISHING,PHISHING,True,False,False,0
P18803,bakergrain.com.au,visible_text_obfuscation,99,99,PHISHING,PHISHING,True,False,False,0
P18803,bakergrain.com.au,cosmetic_dom_addition,99,99,PHISHING,PHISHING,True,False,False,0
P18803,bakergrain.com.au,url_lexical_query_addition,99,99,PHISHING,PHISHING,True,False,False,0
P18853,babystuff24.de,benign_content_padding,97,97,PHISHING,PHISHING,True,False,False,0
P18853,babystuff24.de,visible_text_obfuscation,97,97,PHISHING,PHISHING,True,False,False,0
P18853,babystuff24.de,cosmetic_dom_addition,97,97,PHISHING,PHISHING,True,False,False,0
P18853,babystuff24.de,url_lexical_query_addition,97,90,PHISHING,PHISHING,True,False,False,-7
P18902,eastorange-pt.com,benign_content_padding,98,98,PHISHING,PHISHING,True,False,False,0
P18902,eastorange-pt.com,visible_text_obfuscation,98,98,PHISHING,PHISHING,True,False,False,0
P18902,eastorange-pt.com,cosmetic_dom_addition,98,98,PHISHING,PHISHING,True,False,False,0
P18902,eastorange-pt.com,url_lexical_query_addition,98,97,PHISHING,PHISHING,True,False,False,-1
P18993,santabarbarapoolcontractor.com,benign_content_padding,99,99,PHISHING,PHISHING,True,False,False,0
P18993,santabarbarapoolcontractor.com,visible_text_obfuscation,99,55,PHISHING,SUSPICIOUS,True,True,True,-44
P18993,santabarbarapoolcontractor.com,cosmetic_dom_addition,99,99,PHISHING,PHISHING,True,False,False,0
P18993,santabarbarapoolcontractor.com,url_lexical_query_addition,99,99,PHISHING,PHISHING,True,False,False,0
P18998,transit-e.com,benign_content_padding,41,41,SUSPICIOUS,SUSPICIOUS,False,False,False,0
P18998,transit-e.com,visible_text_obfuscation,41,41,SUSPICIOUS,SUSPICIOUS,False,False,False,0
P18998,transit-e.com,cosmetic_dom_addition,41,41,SUSPICIOUS,SUSPICIOUS,False,False,False,0
P18998,transit-e.com,url_lexical_query_addition,41,42,SUSPICIOUS,SUSPICIOUS,False,False,False,1
P19030,pantheonsite.io,benign_content_padding,99,97,PHISHING,PHISHING,True,False,False,-2
P19030,pantheonsite.io,visible_text_obfuscation,99,96,PHISHING,PHISHING,True,False,False,-3
P19030,pantheonsite.io,cosmetic_dom_addition,99,99,PHISHING,PHISHING,True,False,False,0
P19030,pantheonsite.io,url_lexical_query_addition,99,99,PHISHING,PHISHING,True,False,False,0
P19031,fatimahalotaibi.com,benign_content_padding,99,99,PHISHING,PHISHING,True,False,False,0
P19031,fatimahalotaibi.com,visible_text_obfuscation,99,99,PHISHING,PHISHING,True,False,False,0
P19031,fatimahalotaibi.com,cosmetic_dom_addition,99,99,PHISHING,PHISHING,True,False,False,0
P19031,fatimahalotaibi.com,url_lexical_query_addition,99,99,PHISHING,PHISHING,True,False,False,0
P19047,fatimahalotaibi.com,benign_content_padding,99,99,PHISHING,PHISHING,True,False,False,0
P19047,fatimahalotaibi.com,visible_text_obfuscation,99,99,PHISHING,PHISHING,True,False,False,0
P19047,fatimahalotaibi.com,cosmetic_dom_addition,99,99,PHISHING,PHISHING,True,False,False,0
P19047,fatimahalotaibi.com,url_lexical_query_addition,99,99,PHISHING,PHISHING,True,False,False,0
P19105,fatimahalotaibi.com,benign_content_padding,99,99,PHISHING,PHISHING,True,False,False,0
P19105,fatimahalotaibi.com,visible_text_obfuscation,99,99,PHISHING,PHISHING,True,False,False,0
P19105,fatimahalotaibi.com,cosmetic_dom_addition,99,99,PHISHING,PHISHING,True,False,False,0
P19105,fatimahalotaibi.com,url_lexical_query_addition,99,99,PHISHING,PHISHING,True,False,False,0
P19152,azurewebsites.net,benign_content_padding,98,98,PHISHING,PHISHING,True,False,False,0
P19152,azurewebsites.net,visible_text_obfuscation,98,98,PHISHING,PHISHING,True,False,False,0
P19152,azurewebsites.net,cosmetic_dom_addition,98,98,PHISHING,PHISHING,True,False,False,0
P19152,azurewebsites.net,url_lexical_query_addition,98,96,PHISHING,PHISHING,True,False,False,-2
P19248,topastrologerinindia.in,benign_content_padding,98,97,PHISHING,PHISHING,True,False,False,-1
P19248,topastrologerinindia.in,visible_text_obfuscation,98,97,PHISHING,PHISHING,True,False,False,-1
P19248,topastrologerinindia.in,cosmetic_dom_addition,98,98,PHISHING,PHISHING,True,False,False,0
P19248,topastrologerinindia.in,url_lexical_query_addition,98,93,PHISHING,PHISHING,True,False,False,-5
P19382,ssodaddy.com.pl,benign_content_padding,99,98,PHISHING,PHISHING,True,False,False,-1
P19382,ssodaddy.com.pl,visible_text_obfuscation,99,88,PHISHING,PHISHING,True,False,False,-11
P19382,ssodaddy.com.pl,cosmetic_dom_addition,99,99,PHISHING,PHISHING,True,False,False,0
P19382,ssodaddy.com.pl,url_lexical_query_addition,99,99,PHISHING,PHISHING,True,False,False,0
P19407,free-h.fr,benign_content_padding,98,98,PHISHING,PHISHING,True,False,False,0
P19407,free-h.fr,visible_text_obfuscation,98,98,PHISHING,PHISHING,True,False,False,0
P19407,free-h.fr,cosmetic_dom_addition,98,98,PHISHING,PHISHING,True,False,False,0
P19407,free-h.fr,url_lexical_query_addition,98,93,PHISHING,PHISHING,True,False,False,-5
P19429,wayhi.com,benign_content_padding,85,85,PHISHING,PHISHING,True,False,False,0
P19429,wayhi.com,visible_text_obfuscation,85,14,PHISHING,SAFE,True,True,True,-71
P19429,wayhi.com,cosmetic_dom_addition,85,85,PHISHING,PHISHING,True,False,False,0
P19429,wayhi.com,url_lexical_query_addition,85,95,PHISHING,PHISHING,True,False,False,10
P19558,kazps.com,benign_content_padding,96,96,PHISHING,PHISHING,True,False,False,0
P19558,kazps.com,visible_text_obfuscation,96,92,PHISHING,PHISHING,True,False,False,-4
P19558,kazps.com,cosmetic_dom_addition,96,96,PHISHING,PHISHING,True,False,False,0
P19558,kazps.com,url_lexical_query_addition,96,96,PHISHING,PHISHING,True,False,False,0
P19623,lhrc.cn,benign_content_padding,2,2,SAFE,SAFE,False,False,False,0
P19623,lhrc.cn,visible_text_obfuscation,2,2,SAFE,SAFE,False,False,False,0
P19623,lhrc.cn,cosmetic_dom_addition,2,2,SAFE,SAFE,False,False,False,0
P19623,lhrc.cn,url_lexical_query_addition,2,2,SAFE,SAFE,False,False,False,0
P19665,azurewebsites.net,benign_content_padding,99,99,PHISHING,PHISHING,True,False,False,0
P19665,azurewebsites.net,visible_text_obfuscation,99,99,PHISHING,PHISHING,True,False,False,0
P19665,azurewebsites.net,cosmetic_dom_addition,99,99,PHISHING,PHISHING,True,False,False,0
P19665,azurewebsites.net,url_lexical_query_addition,99,99,PHISHING,PHISHING,True,False,False,0
P19677,dj1dj.com,benign_content_padding,97,97,PHISHING,PHISHING,True,False,False,0
P19677,dj1dj.com,visible_text_obfuscation,97,97,PHISHING,PHISHING,True,False,False,0
P19677,dj1dj.com,cosmetic_dom_addition,97,97,PHISHING,PHISHING,True,False,False,0
P19677,dj1dj.com,url_lexical_query_addition,97,98,PHISHING,PHISHING,True,False,False,1
P19684,whinging-pom.com,benign_content_padding,93,93,PHISHING,PHISHING,True,False,False,0
P19684,whinging-pom.com,visible_text_obfuscation,93,87,PHISHING,PHISHING,True,False,False,-6
P19684,whinging-pom.com,cosmetic_dom_addition,93,93,PHISHING,PHISHING,True,False,False,0
P19684,whinging-pom.com,url_lexical_query_addition,93,78,PHISHING,PHISHING,True,False,False,-15
P19819,grafa70.com.ar,benign_content_padding,96,96,PHISHING,PHISHING,True,False,False,0
P19819,grafa70.com.ar,visible_text_obfuscation,96,96,PHISHING,PHISHING,True,False,False,0
P19819,grafa70.com.ar,cosmetic_dom_addition,96,96,PHISHING,PHISHING,True,False,False,0
P19819,grafa70.com.ar,url_lexical_query_addition,96,93,PHISHING,PHISHING,True,False,False,-3
P19827,itaucard-smsitoken.com,benign_content_padding,77,77,PHISHING,PHISHING,True,False,False,0
P19827,itaucard-smsitoken.com,visible_text_obfuscation,77,76,PHISHING,PHISHING,True,False,False,-1
P19827,itaucard-smsitoken.com,cosmetic_dom_addition,77,77,PHISHING,PHISHING,True,False,False,0
P19827,itaucard-smsitoken.com,url_lexical_query_addition,77,62,PHISHING,PHISHING,True,False,False,-15
P19832,kenpaes.com,benign_content_padding,99,99,PHISHING,PHISHING,True,False,False,0
P19832,kenpaes.com,visible_text_obfuscation,99,99,PHISHING,PHISHING,True,False,False,0
P19832,kenpaes.com,cosmetic_dom_addition,99,99,PHISHING,PHISHING,True,False,False,0
P19832,kenpaes.com,url_lexical_query_addition,99,99,PHISHING,PHISHING,True,False,False,0
P19833,wpdevcloud.com,benign_content_padding,97,97,PHISHING,PHISHING,True,False,False,0
P19833,wpdevcloud.com,visible_text_obfuscation,97,97,PHISHING,PHISHING,True,False,False,0
P19833,wpdevcloud.com,cosmetic_dom_addition,97,97,PHISHING,PHISHING,True,False,False,0
P19833,wpdevcloud.com,url_lexical_query_addition,97,95,PHISHING,PHISHING,True,False,False,-2
P19841,surveygizmo.com,benign_content_padding,80,80,PHISHING,PHISHING,True,False,False,0
P19841,surveygizmo.com,visible_text_obfuscation,80,80,PHISHING,PHISHING,True,False,False,0
P19841,surveygizmo.com,cosmetic_dom_addition,80,80,PHISHING,PHISHING,True,False,False,0
P19841,surveygizmo.com,url_lexical_query_addition,80,70,PHISHING,PHISHING,True,False,False,-10
P19872,devendrafoundation.org,benign_content_padding,99,99,PHISHING,PHISHING,True,False,False,0
P19872,devendrafoundation.org,visible_text_obfuscation,99,99,PHISHING,PHISHING,True,False,False,0
P19872,devendrafoundation.org,cosmetic_dom_addition,99,99,PHISHING,PHISHING,True,False,False,0
P19872,devendrafoundation.org,url_lexical_query_addition,99,99,PHISHING,PHISHING,True,False,False,0
P19874,seeinvestments.ba,benign_content_padding,99,99,PHISHING,PHISHING,True,False,False,0
P19874,seeinvestments.ba,visible_text_obfuscation,99,99,PHISHING,PHISHING,True,False,False,0
P19874,seeinvestments.ba,cosmetic_dom_addition,99,99,PHISHING,PHISHING,True,False,False,0
P19874,seeinvestments.ba,url_lexical_query_addition,99,99,PHISHING,PHISHING,True,False,False,0
P19946,ubg.com.pl,benign_content_padding,99,99,PHISHING,PHISHING,True,False,False,0
P19946,ubg.com.pl,visible_text_obfuscation,99,99,PHISHING,PHISHING,True,False,False,0
P19946,ubg.com.pl,cosmetic_dom_addition,99,99,PHISHING,PHISHING,True,False,False,0
P19946,ubg.com.pl,url_lexical_query_addition,99,99,PHISHING,PHISHING,True,False,False,0
P19953,http://161.129.65.164/nabib/loading/,benign_content_padding,99,99,PHISHING,PHISHING,True,False,False,0
P19953,http://161.129.65.164/nabib/loading/,visible_text_obfuscation,99,99,PHISHING,PHISHING,True,False,False,0
P19953,http://161.129.65.164/nabib/loading/,cosmetic_dom_addition,99,99,PHISHING,PHISHING,True,False,False,0
P19953,http://161.129.65.164/nabib/loading/,url_lexical_query_addition,99,99,PHISHING,PHISHING,True,False,False,0
P19956,filmonefest.org,benign_content_padding,87,87,PHISHING,PHISHING,True,False,False,0
P19956,filmonefest.org,visible_text_obfuscation,87,87,PHISHING,PHISHING,True,False,False,0
P19956,filmonefest.org,cosmetic_dom_addition,87,87,PHISHING,PHISHING,True,False,False,0
P19956,filmonefest.org,url_lexical_query_addition,87,76,PHISHING,PHISHING,True,False,False,-11
P19966,azurewebsites.net,benign_content_padding,99,99,PHISHING,PHISHING,True,False,False,0
P19966,azurewebsites.net,visible_text_obfuscation,99,99,PHISHING,PHISHING,True,False,False,0
P19966,azurewebsites.net,cosmetic_dom_addition,99,99,PHISHING,PHISHING,True,False,False,0
P19966,azurewebsites.net,url_lexical_query_addition,99,99,PHISHING,PHISHING,True,False,False,0
