sample_id,label,original_url,perturbed_url,registered_domain
P01001,1,http://edmatools.ca/sa/box_track/index/garcia.php,http://edmatools.ca/%73a/box_track/index/garcia.php,edmatools.ca
P01011,1,http://judicialvengeful.co.za/bank/wells-fargo-security-update/login.php?cmd=login_submit&id=58cd53507d035103cd28d4d3ce432f5e58cd53507d035103cd28d4d3ce432f5e&session=58cd53507d035103cd28d4d3ce432f5e58cd53507d035103cd28d4d3ce432f5e,http://judicialvengeful.co.za/%62ank/wells-fargo-security-update/login.php?cmd=login_submit&id=58cd53507d035103cd28d4d3ce432f5e58cd53507d035103cd28d4d3ce432f5e&session=58cd53507d035103cd28d4d3ce432f5e58cd53507d035103cd28d4d3ce432f5e,judicialvengeful.co.za
P01035,1,https://paymentgate.cloudaccess.host/shawanahada/,https://paymentgate.cloudaccess.host/%73hawanahada/,cloudaccess.host
P01037,1,https://creativewellnessconcepts.co.za/bello/bell/jeff.php,https://creativewellnessconcepts.co.za/%62ello/bell/jeff.php,creativewellnessconcepts.co.za
P01044,1,http://theworkingrealtor.com/.stuff/masters/www.mes-acces.crediit-agri-cole.fr-banqiues-portail-particulier/342384d4f7d4b4ed896f7bfb38ec81b4/final.php,http://theworkingrealtor.com/.%73tuff/masters/www.mes-acces.crediit-agri-cole.fr-banqiues-portail-particulier/342384d4f7d4b4ed896f7bfb38ec81b4/final.php,theworkingrealtor.com
P01046,1,https://marceloallel.cl/js/feild/1/index2.php,https://marceloallel.cl/%6As/feild/1/index2.php,marceloallel.cl
P01050,1,http://archivio-lucaborgioli.belortoscana.it/,http://archivio-lucaborgioli.belortoscana.it/%2F,belortoscana.it
P01057,1,http://statewidelegal.com.au/wordpress/index/plugin/tmp/Quoe.htm,http://statewidelegal.com.au/%77ordpress/index/plugin/tmp/Quoe.htm,statewidelegal.com.au
P01058,1,http://mamabearhikes.com.au/suntrust/suntr/index2.htm,http://mamabearhikes.com.au/%73untrust/suntr/index2.htm,mamabearhikes.com.au
P01093,1,http://avcde.com/ca/70cb1/email.php,http://avcde.com/%63a/70cb1/email.php,avcde.com
P01099,1,https://banco-online30horasatendimentoaocliente.clienteapp.info/30hrs/?id=ODE5OTE1NDc4MTI=&hash=78ebeaf456dfae6e836c4cc8189a9f7c,https://banco-online30horasatendimentoaocliente.clienteapp.info/%330hrs/?id=ODE5OTE1NDc4MTI=&hash=78ebeaf456dfae6e836c4cc8189a9f7c,clienteapp.info
P01100,1,https://anaskinclinic.com.br/wp-admin/user/ib.nab.com.au/nab.htm,https://anaskinclinic.com.br/%77p-admin/user/ib.nab.com.au/nab.htm,anaskinclinic.com.br
P01102,1,https://contactocenit.com/wp-content/themes/twentythirteen/lopisa/boa-last/boa-last/boa-mobile/profileinfo.php,https://contactocenit.com/%77p-content/themes/twentythirteen/lopisa/boa-last/boa-last/boa-mobile/profileinfo.php,contactocenit.com
P01119,1,http://111.93.57.251/var/profiles/1/stdd.htm,http://111.93.57.251/%76ar/profiles/1/stdd.htm,http://111.93.57.251/var/profiles/1/stdd.htm
P01120,1,https://loterianacionalplus.es/themes/garland/images/login/secure.php?Verifizieren_aspx?Pedido=DatenEvent=d0878db38156d3b1eeb95100749ac9fb-session_id=d0878db38156d3b1eeb95100749ac9fbd0878db38156d3b1eeb95100749ac9fb,https://loterianacionalplus.es/%74hemes/garland/images/login/secure.php?Verifizieren_aspx?Pedido=DatenEvent=d0878db38156d3b1eeb95100749ac9fb-session_id=d0878db38156d3b1eeb95100749ac9fbd0878db38156d3b1eeb95100749ac9fb,loterianacionalplus.es
P01126,1,http://www.primelifespace.com/js/Kortets.htm,http://www.primelifespace.com/%6As/Kortets.htm,primelifespace.com
P01127,1,http://www.david-p19.ovh/modules/track/d28cd153e5d21187154f76df91295883/single.php?https://dhl-express/easy-to-use/tracking_and_documents/index.html?mailclient=%2Fmail&service=mail&flowName=GlifWebSignIn&flowEntry=AddSession,http://www.david-p19.ovh/%6Dodules/track/d28cd153e5d21187154f76df91295883/single.php?https://dhl-express/easy-to-use/tracking_and_documents/index.html?mailclient=%2Fmail&service=mail&flowName=GlifWebSignIn&flowEntry=AddSession,david-p19.ovh
P01147,1,http://farmmerstor.xyz/,http://farmmerstor.xyz/%2F,farmmerstor.xyz
P01160,1,http://www.confirmingbancoestado.cl/,http://www.confirmingbancoestado.cl/%2F,confirmingbancoestado.cl
P01169,1,https://partaleplerininz.org/basvuru/,https://partaleplerininz.org/%62asvuru/,partaleplerininz.org
P01170,1,http://equipo-soporte.ml/pval/logint.html,http://equipo-soporte.ml/%70val/logint.html,equipo-soporte.ml
P01171,1,https://tipev.page.link/top/,https://tipev.page.link/%74op/,page.link
P01180,1,https://caminatabiblica.com/sitio/wp-content/plugins/events-calendar/lang/f4a203d0f95418ad7fc5b6c6c8f18140/mail/index2.html?cmd=login_submit&id=c331dd5dece625588f844b1bc4489d51c331dd5dece625588f844b1bc4489d51&session=c331dd5dece625588f844b1bc4489d51c331dd5dece625588f844b1bc4489d51,https://caminatabiblica.com/%73itio/wp-content/plugins/events-calendar/lang/f4a203d0f95418ad7fc5b6c6c8f18140/mail/index2.html?cmd=login_submit&id=c331dd5dece625588f844b1bc4489d51c331dd5dece625588f844b1bc4489d51&session=c331dd5dece625588f844b1bc4489d51c331dd5dece625588f844b1bc4489d51,caminatabiblica.com
P01214,1,https://woplata.pp.ru/b/r4m4yh8ndhcsdlp70at3lo/bg7l/?order_id=49086166&order_idNew=49086166,https://woplata.pp.ru/%62/r4m4yh8ndhcsdlp70at3lo/bg7l/?order_id=49086166&order_idNew=49086166,pp.ru
P01228,1,https://n26-onlinebanking.com/,https://n26-onlinebanking.com/%2F,n26-onlinebanking.com
P01234,1,http://www.yesnews.it/CAMERA/www.agenciatributaria.es/login/index.html,http://www.yesnews.it/%43AMERA/www.agenciatributaria.es/login/index.html,yesnews.it
P01246,1,http://longi.com.mx/templates/system/53rd/,http://longi.com.mx/%74emplates/system/53rd/,longi.com.mx
P01252,1,http://u0853158.cp.regruhosting.ru/Aisecoute.Paceriose.Veruies.mascerio82922/a673507da2dd533927bac03317008e01/datos.html,http://u0853158.cp.regruhosting.ru/%41isecoute.Paceriose.Veruies.mascerio82922/a673507da2dd533927bac03317008e01/datos.html,regruhosting.ru
P01261,1,https://bellmobilie.com/mbna/verification/137C507N4811AMC9EM2D/vbv.php?websrc=b120cb4616a2bb25a3489a0c7d1d483b&dispatched=71&id=5889855261,https://bellmobilie.com/%6Dbna/verification/137C507N4811AMC9EM2D/vbv.php?websrc=b120cb4616a2bb25a3489a0c7d1d483b&dispatched=71&id=5889855261,bellmobilie.com
P01268,1,http://zekibilardo.com/WestPack/62bd21aef7dae5eee1f06dbd1c891d39/westpac4.php?newstring=,http://zekibilardo.com/%57estPack/62bd21aef7dae5eee1f06dbd1c891d39/westpac4.php?newstring=,zekibilardo.com
P01269,1,http://bancaporinternet-interbankpe.expeditor.cl/Login,http://bancaporinternet-interbankpe.expeditor.cl/%4Cogin,expeditor.cl
P01272,1,https://banco-online30horasatendimentoaocliente.clienteapp.info/30hrs/?id=ODE5OTEzMzQ0MDY=&hash=4747dc01948371ea4d311be49bd39200,https://banco-online30horasatendimentoaocliente.clienteapp.info/%330hrs/?id=ODE5OTEzMzQ0MDY=&hash=4747dc01948371ea4d311be49bd39200,clienteapp.info
P01276,1,http://u0893090.cp.regruhosting.ru/lolity.lk.khal.dolimmital.nacionitta.ger/21e9f35cbc2cb68e09062b9584007bb7/,http://u0893090.cp.regruhosting.ru/%6Colity.lk.khal.dolimmital.nacionitta.ger/21e9f35cbc2cb68e09062b9584007bb7/,regruhosting.ru
P01285,1,http://www.china-packmachine.com/wp-admin/CONFIRM/,http://www.china-packmachine.com/%77p-admin/CONFIRM/,china-packmachine.com
P01302,1,http://graynhub.com/wp-includes/auth/log.php,http://graynhub.com/%77p-includes/auth/log.php,graynhub.com
P01312,1,http://gruposcherman.com.br/plugins/fancy/resume/code.php,http://gruposcherman.com.br/%70lugins/fancy/resume/code.php,gruposcherman.com.br
P01319,1,http://emailling.leclosdeceline.com/dad09bb04dd9b1b457e6174553abbcd6b2d87b5aL?id=dad09bb04dd9b1b457e6174553abbcd6b2d87b5a,http://emailling.leclosdeceline.com/%64ad09bb04dd9b1b457e6174553abbcd6b2d87b5aL?id=dad09bb04dd9b1b457e6174553abbcd6b2d87b5a,leclosdeceline.com
P01333,1,https://amazonleaps.net/Cd/Login2021/Login.htm,https://amazonleaps.net/%43d/Login2021/Login.htm,amazonleaps.net
P01334,1,http://updateok.bid/hotmail/,http://updateok.bid/%68otmail/,updateok.bid
P01336,1,http://039574501.com/yt/index.htm,http://039574501.com/%79t/index.htm,039574501.com
P01352,1,http://institutosummerhill.com.mx/update.bigpond.com/bigpond/My%20Account%20-%20Telstra.html,http://institutosummerhill.com.mx/%75pdate.bigpond.com/bigpond/My%20Account%20-%20Telstra.html,institutosummerhill.com.mx
P01353,1,https://mijn.ing.nl.app-updaten.top/login,https://mijn.ing.nl.app-updaten.top/%6Cogin,app-updaten.top
P01355,1,http://medpsych.net/000/index.php?mail=no.one@google.com,http://medpsych.net/%3000/index.php?mail=no.one@google.com,medpsych.net
P01361,1,http://www.napau.cf/li/il/6f27445936bbd6209af7f0b7f72306ef/next.php?log=1&amp;Type=acctType=USERNAME=&amp;v_eurl=https://www.discovercard.com/discover/loginlogout/login,http://www.napau.cf/%6Ci/il/6f27445936bbd6209af7f0b7f72306ef/next.php?log=1&amp;Type=acctType=USERNAME=&amp;v_eurl=https://www.discovercard.com/discover/loginlogout/login,napau.cf
P01370,1,http://vahapavsar.com/pac/login/451764c7f1cc158546794f8a7cdbdde9/update_info/03cd65aa93d1b58d9d18a5f72fbca91d/emailinformation.html,http://vahapavsar.com/%70ac/login/451764c7f1cc158546794f8a7cdbdde9/update_info/03cd65aa93d1b58d9d18a5f72fbca91d/emailinformation.html,vahapavsar.com
P01395,1,http://www.afakot4you.co.il/service/Help/israel.aliexpress.comtrade/aliexpress/support/,http://www.afakot4you.co.il/%73ervice/Help/israel.aliexpress.comtrade/aliexpress/support/,afakot4you.co.il
P01401,1,https://lanubegeek.com/wp-includes/canvas/canavas/indexx.php?VxddzSvu4VEBBLbvslfkKxqSwJ8WanthgezgPvircKZfygROtpnnsPgJAwfg4P2Rqz4vuulpDVnBkOnseP96oJKmvlu8xQYefJRZ&emc=,https://lanubegeek.com/%77p-includes/canvas/canavas/indexx.php?VxddzSvu4VEBBLbvslfkKxqSwJ8WanthgezgPvircKZfygROtpnnsPgJAwfg4P2Rqz4vuulpDVnBkOnseP96oJKmvlu8xQYefJRZ&emc=,lanubegeek.com
P01402,1,https://caminatabiblica.com/sitio/wp-content/plugins/events-calendar/lang/f4a203d0f95418ad7fc5b6c6c8f18140/mail/index3.html?cmd=login_submit&id=a70121d4a174748dbe01273aabe7b5f3a70121d4a174748dbe01273aabe7b5f3&session=a70121d4a174748dbe01273aabe7b5f3,https://caminatabiblica.com/%73itio/wp-content/plugins/events-calendar/lang/f4a203d0f95418ad7fc5b6c6c8f18140/mail/index3.html?cmd=login_submit&id=a70121d4a174748dbe01273aabe7b5f3a70121d4a174748dbe01273aabe7b5f3&session=a70121d4a174748dbe01273aabe7b5f3,caminatabiblica.com
P01404,1,https://checkpoint7.tk/yj/BT/app/authen/index.html,https://checkpoint7.tk/%79j/BT/app/authen/index.html,checkpoint7.tk
P01420,1,https://posb-online.com/?65,https://posb-online.com/?%365,posb-online.com
P01421,1,http://ameli-account-connection.agip.net.pe/aea1c7ce83c5d35/index.php,http://ameli-account-connection.agip.net.pe/%61ea1c7ce83c5d35/index.php,agip.net.pe
P01427,1,https://aggiornawebinfoprofilo.net/info/,https://aggiornawebinfoprofilo.net/%69nfo/,aggiornawebinfoprofilo.net
P01433,1,https://onlin10038.azurewebsites.net/iop.intuit.com/login/account-manager.html?cmd=login_submit&id=&session=,https://onlin10038.azurewebsites.net/%69op.intuit.com/login/account-manager.html?cmd=login_submit&id=&session=,azurewebsites.net
P01435,1,https://mtb-profileaccess.duckdns.org/apps/card.html,https://mtb-profileaccess.duckdns.org/%61pps/card.html,duckdns.org
P01445,1,https://travelnetdeals.com/covidapprove/,https://travelnetdeals.com/%63ovidapprove/,travelnetdeals.com
P01449,1,http://solidnemeble.net/wp-content/impo,http://solidnemeble.net/%77p-content/impo,solidnemeble.net
P01453,1,https://urlz.fr/9LPz,https://urlz.fr/%39LPz,urlz.fr
P01454,1,https://missionalcanadian.com/wp-content/Service/navup/navupp/hu/adovisszaterites.php,https://missionalcanadian.com/%77p-content/Service/navup/navupp/hu/adovisszaterites.php,missionalcanadian.com
P01455,1,https://www.cepazio.com/accountverification,https://www.cepazio.com/%61ccountverification,cepazio.com
P01459,1,https://confirmsubscription.com/h/t/9978085F3130DD5E,https://confirmsubscription.com/%68/t/9978085F3130DD5E,confirmsubscription.com
P01461,1,http://burkesobservatory.com/api/ses,http://burkesobservatory.com/%61pi/ses,burkesobservatory.com
P01467,1,http://daanyaal.xyz/rb/arb.html,http://daanyaal.xyz/%72b/arb.html,daanyaal.xyz
P01476,1,https://kaliachakcollege.edu.in/discover/discover/en-us/update.html,https://kaliachakcollege.edu.in/%64iscover/discover/en-us/update.html,kaliachakcollege.edu.in
P01478,1,http://themenkreuzfahrten.net/staticpage_images/Whats-App/780db/vbv2.php,http://themenkreuzfahrten.net/%73taticpage_images/Whats-App/780db/vbv2.php,themenkreuzfahrten.net
P01479,1,https://suncop.com.au-validation.co/8a346a0aeadf6f6177a5ba483d03d4c3/index.php,https://suncop.com.au-validation.co/%38a346a0aeadf6f6177a5ba483d03d4c3/index.php,au-validation.co
P01497,1,http://a2plcpnl0533.prod.iad2.secureserver.net/~cv5v5cglfngu/login/?locale=Es,http://a2plcpnl0533.prod.iad2.secureserver.net/~%63v5v5cglfngu/login/?locale=Es,secureserver.net
P01512,1,http://chirpme.net/link/ourtime/Ourtime/index.php,http://chirpme.net/%6Cink/ourtime/Ourtime/index.php,chirpme.net
P01518,1,http://xiaofangzhongkong.com/twitter_,http://xiaofangzhongkong.com/%74witter_,xiaofangzhongkong.com
P01520,1,http://web-moose.com/fibercellredux/wp-includes/customize/5th3rd.html,http://web-moose.com/%66ibercellredux/wp-includes/customize/5th3rd.html,web-moose.com
P01525,1,https://portal.smsi.ie/vendor/signInScreen.go.html,https://portal.smsi.ie/%76endor/signInScreen.go.html,smsi.ie
P01537,1,http://us.battle.net.account.support-management.xyz/index.html,http://us.battle.net.account.support-management.xyz/%69ndex.html,support-management.xyz
P01545,1,http://178.128.23.48/onlina/Desjardins/1a8f149d1242e38d519c28616802233c/questions.php,http://178.128.23.48/%6Fnlina/Desjardins/1a8f149d1242e38d519c28616802233c/questions.php,http://178.128.23.48/onlina/desjardins/1a8f149d1242e38d519c28616802233c/questions.php
P01547,1,https://enquest.co.in/wp-includes/js/jcrop/schartered/schartered2.html,https://enquest.co.in/%77p-includes/js/jcrop/schartered/schartered2.html,enquest.co.in
P01569,1,https://hola-tlalnepantla.com/wp-content/hun283939/hun098/login.php,https://hola-tlalnepantla.com/%77p-content/hun283939/hun098/login.php,hola-tlalnepantla.com
P01573,1,http://dem1netsolution.biz/verifys/index.html,http://dem1netsolution.biz/%76erifys/index.html,dem1netsolution.biz
P01588,1,http://verified-instagram.my.id/848350608641984=Verify-Account.php,http://verified-instagram.my.id/%3848350608641984=Verify-Account.php,verified-instagram.my.id
P01589,1,https://hizmetgirisi-turkeygovtr.com/Ba%C5%9Fvuru-i%C5%9Flemleri/giris.php,https://hizmetgirisi-turkeygovtr.com/%42a%C5%9Fvuru-i%C5%9Flemleri/giris.php,hizmetgirisi-turkeygovtr.com
P01592,1,https://naturallylivingketo.com/Bred.banque/BREDSecure/connexion-bred/moncompte/Fr_fr/bred.banquepopulaire.fr/portailinternet/Pages/default/voscomptes/,https://naturallylivingketo.com/%42red.banque/BREDSecure/connexion-bred/moncompte/Fr_fr/bred.banquepopulaire.fr/portailinternet/Pages/default/voscomptes/,naturallylivingketo.com
P01606,1,http://www.litografiafabbri.com/ARUBA/sms2.php,http://www.litografiafabbri.com/%41RUBA/sms2.php,litografiafabbri.com
P01608,1,https://www.citibanamex-clientes-mx.com/,https://www.citibanamex-clientes-mx.com/%2F,citibanamex-clientes-mx.com
P01610,1,https://104-210-152-105.cprapid.com/barclaypayment.php,https://104-210-152-105.cprapid.com/%62arclaypayment.php,cprapid.com
P01614,1,http://www.connectdakar.com/sites/default/files/civicrm/custom/cembra/staredacembra/,http://www.connectdakar.com/%73ites/default/files/civicrm/custom/cembra/staredacembra/,connectdakar.com
P01620,1,http://zekibilardo.com/WestPack,http://zekibilardo.com/%57estPack,zekibilardo.com
P01624,1,http://members.westnet.com.au/~owen.sarah/k/eath.html,http://members.westnet.com.au/~%6Fwen.sarah/k/eath.html,westnet.com.au
P01625,1,https://stgeorge.profile-mobile.services/,https://stgeorge.profile-mobile.services/%2F,profile-mobile.services
P01635,1,https://104-210-152-105.cprapid.com/3dss.php,https://104-210-152-105.cprapid.com/%33dss.php,cprapid.com
P01637,1,https://redicto.from-la.net/inj/e5a089b6d2d62243241d1cc6364707ef/Auth.php,https://redicto.from-la.net/%69nj/e5a089b6d2d62243241d1cc6364707ef/Auth.php,from-la.net
P01648,1,http://doctor-kr.com/wp-admin/js/BiH/BHTelecom.htm,http://doctor-kr.com/%77p-admin/js/BiH/BHTelecom.htm,doctor-kr.com
P01651,1,https://myvirginmedia-account.com/,https://myvirginmedia-account.com/%2F,myvirginmedia-account.com
P01652,1,http://mtb-service10.azurewebsites.net/data/info/online/201811/ren00000100609180114211232/sus/1.html,http://mtb-service10.azurewebsites.net/%64ata/info/online/201811/ren00000100609180114211232/sus/1.html,azurewebsites.net
P01663,1,http://www.cookntrip.com/misc/ui/images/-/login=ziggo-selfcare/7f1b02de09ddf7c9b8b58160b5f25132/index.html,http://www.cookntrip.com/%6Disc/ui/images/-/login=ziggo-selfcare/7f1b02de09ddf7c9b8b58160b5f25132/index.html,cookntrip.com
P01669,1,https://www.login-bcoestado.cl//banco-estado/comun2019/,https://www.login-bcoestado.cl//%62anco-estado/comun2019/,login-bcoestado.cl
P01679,1,http://add-to.password.land/XYWNw0aW9uPWxNsaWNrJnwVybDo1ocdHRwuczovL3d3gdyt5ldS1zZWN1cmVkLmNvjbS9wYWdlcy9lZTRkNzg4ZGNlNmQmcmVjaXBpZW50X2lkPTUxODQ0ODUxJmNhbXBhaWduX3J1bl9pZD0yNTQ5NTA=/,http://add-to.password.land/%58YWNw0aW9uPWxNsaWNrJnwVybDo1ocdHRwuczovL3d3gdyt5ldS1zZWN1cmVkLmNvjbS9wYWdlcy9lZTRkNzg4ZGNlNmQmcmVjaXBpZW50X2lkPTUxODQ0ODUxJmNhbXBhaWduX3J1bl9pZD0yNTQ5NTA=/,password.land
P01682,1,http://vahapavsar.com/pac/login/451764c7f1cc158546794f8a7cdbdde9/update_info/03cd65aa93d1b58d9d18a5f72fbca91d,http://vahapavsar.com/%70ac/login/451764c7f1cc158546794f8a7cdbdde9/update_info/03cd65aa93d1b58d9d18a5f72fbca91d,vahapavsar.com
P01717,1,https://online-banescio.com/DIBS_BCO_PA/?6f6e6c696e652d62616e657363696f2e636f6d,https://online-banescio.com/%44IBS_BCO_PA/?6f6e6c696e652d62616e657363696f2e636f6d,online-banescio.com
P01719,1,http://apidocs.i2chain.com/wp-content/uploads/elementor/css/-/container/-/modelscc/nednew/291e48366fcdad6405991ec47b503e80/login.php,http://apidocs.i2chain.com/%77p-content/uploads/elementor/css/-/container/-/modelscc/nednew/291e48366fcdad6405991ec47b503e80/login.php,i2chain.com
P01722,1,http://spotify.verified.payment.authentic-documents.com/,http://spotify.verified.payment.authentic-documents.com/%2F,authentic-documents.com
P01725,1,https://dezmed.ru/administrator/components/com_joomlaupdate/views/default/tmpl/administrator/modules/mod_multilangstatus/language/en-GB/compat3x/css/emptyfolder/curriculum_plan/YUI/2.6.0/build/3Hbrewassets/7skins/3sam/3cc3120422738a6175ca39fce3eab27e/0025545796357SERuytebdtdkjsgtsf/(!)dataonline@@_securedupgrade/00000011122365478996622222332566NJFTSFHTRSEWEEQWERFYGVC/portal.pnb.com.phVS1/verify.php?NbZUUYmFkHXsIUamyGYtOWuUDgsGAhNJ1nmHSEeZZwMJtXI3HaHVJDz4hJCVJhl3tXxTeJ1cSbIDsFyPTNaJbKYMkz,https://dezmed.ru/%61dministrator/components/com_joomlaupdate/views/default/tmpl/administrator/modules/mod_multilangstatus/language/en-GB/compat3x/css/emptyfolder/curriculum_plan/YUI/2.6.0/build/3Hbrewassets/7skins/3sam/3cc3120422738a6175ca39fce3eab27e/0025545796357SERuytebdtdkjsgtsf/(!)dataonline@@_securedupgrade/00000011122365478996622222332566NJFTSFHTRSEWEEQWERFYGVC/portal.pnb.com.phVS1/verify.php?NbZUUYmFkHXsIUamyGYtOWuUDgsGAhNJ1nmHSEeZZwMJtXI3HaHVJDz4hJCVJhl3tXxTeJ1cSbIDsFyPTNaJbKYMkz,dezmed.ru
P01729,1,http://www-instagram.net/,http://www-instagram.net/%2F,www-instagram.net
P01740,1,https://web5399.web07.bero-webspace.de/suc/,https://web5399.web07.bero-webspace.de/%73uc/,bero-webspace.de
P01748,1,http://www6.rbc.com.webapp.ukv0.signin.logon.xhtml.ruta-altiplano.com/.well-known/.www6/rbc.com/webapp/ukv0/signin/logon.xhtml/clientContext-5d250b1a0d42f_d43aa8e95d297d2fb843b5cc28e66f4b/signin.php?action=presentLogin&amp;InboxLightaspxn._4&amp;ProductID=2A821B-&amp;fid=EDDIHEA601EDDIHEA186&amp;fav=E3FFB1A804A679-UserID&amp;userid=&amp;InboxLight.aspx?n=EDDIHEA601EDDIHEA186&amp;Key=4c7e4ae917a770f331019aab6c2a6165,http://www6.rbc.com.webapp.ukv0.signin.logon.xhtml.ruta-altiplano.com/.%77ell-known/.www6/rbc.com/webapp/ukv0/signin/logon.xhtml/clientContext-5d250b1a0d42f_d43aa8e95d297d2fb843b5cc28e66f4b/signin.php?action=presentLogin&amp;InboxLightaspxn._4&amp;ProductID=2A821B-&amp;fid=EDDIHEA601EDDIHEA186&amp;fav=E3FFB1A804A679-UserID&amp;userid=&amp;InboxLight.aspx?n=EDDIHEA601EDDIHEA186&amp;Key=4c7e4ae917a770f331019aab6c2a6165,ruta-altiplano.com
P01762,1,http://www.molinodeltorchio.com/actione/webs-telecom-booyg/Securise-info/Bouygues-telecom/france/login.html,http://www.molinodeltorchio.com/%61ctione/webs-telecom-booyg/Securise-info/Bouygues-telecom/france/login.html,molinodeltorchio.com
P01766,1,https://almlsamd.com/crarefund/Validation/banks/Simplii/?sessionid=5e639134cbdf89db4243214a433b2426&securessl=true,https://almlsamd.com/%63rarefund/Validation/banks/Simplii/?sessionid=5e639134cbdf89db4243214a433b2426&securessl=true,almlsamd.com
P01768,1,http://osu-update.hexat.com/index,http://osu-update.hexat.com/%69ndex,hexat.com
P01779,1,http://zekibilardo.com/WestPack/62bd21aef7dae5eee1f06dbd1c891d39/WestpacOnlineBanking.htm,http://zekibilardo.com/%57estPack/62bd21aef7dae5eee1f06dbd1c891d39/WestpacOnlineBanking.htm,zekibilardo.com
P01785,1,http://94.100.18.70/banks/Desjardins/4f7bba6f4fd6929d51d5125a2ef03600/Step1.html,http://94.100.18.70/%62anks/Desjardins/4f7bba6f4fd6929d51d5125a2ef03600/Step1.html,http://94.100.18.70/banks/desjardins/4f7bba6f4fd6929d51d5125a2ef03600/step1.html
P01790,1,https://secure75.securewebsession.com/igniteho.com/BBSmiles/s/webApps_AplicationFisica.php,https://secure75.securewebsession.com/%69gniteho.com/BBSmiles/s/webApps_AplicationFisica.php,securewebsession.com
P01806,1,http://www.volksbqnk-kundenservice-246357548.info/,http://www.volksbqnk-kundenservice-246357548.info/%2F,volksbqnk-kundenservice-246357548.info
P01818,1,https://venmo.govdeliveryauth.us/account/sign-in,https://venmo.govdeliveryauth.us/%61ccount/sign-in,govdeliveryauth.us
P01819,1,https://mail.jamescorretor.com.br/n1/NedbankMoney.htm,https://mail.jamescorretor.com.br/%6E1/NedbankMoney.htm,jamescorretor.com.br
P01823,1,https://dreamlandflooringandfurniture.com/1/page2.html,https://dreamlandflooringandfurniture.com/%31/page2.html,dreamlandflooringandfurniture.com
P01837,1,http://wd2c6njs1nmdlrnhbjhjvl1fpqtryhmjusuelxygqz11hb.eydjov2qylxmyxwhlb2tqz5lfuctabbzridere9hmw.vjb26l82svby4dig77jqrmkme5cdfpvagbxl9k4y7urtsskvkmqg0oqrnl8.sfdsdssd.duckdns.org/webmails/c9f0f895fb98ab9159f51fd0297e236d/login?email=mamouna@cbd.ae,http://wd2c6njs1nmdlrnhbjhjvl1fpqtryhmjusuelxygqz11hb.eydjov2qylxmyxwhlb2tqz5lfuctabbzridere9hmw.vjb26l82svby4dig77jqrmkme5cdfpvagbxl9k4y7urtsskvkmqg0oqrnl8.sfdsdssd.duckdns.org/%77ebmails/c9f0f895fb98ab9159f51fd0297e236d/login?email=mamouna@cbd.ae,duckdns.org
P01857,1,http://ecopanaderia.com/aspx.php,http://ecopanaderia.com/%61spx.php,ecopanaderia.com
P01859,1,http://motal.n4t.co/directing/desjardins/identifiantunique/ondetverifier.html,http://motal.n4t.co/%64irecting/desjardins/identifiantunique/ondetverifier.html,n4t.co
P01861,1,http://manuscript.ge/uploads/arqivis_fotoebi/.thumbs/online.tsb.co.uk/index.php,http://manuscript.ge/%75ploads/arqivis_fotoebi/.thumbs/online.tsb.co.uk/index.php,manuscript.ge
P01871,1,https://intuit-quickbooks.azurewebsites.net/iop.intuit.com/,https://intuit-quickbooks.azurewebsites.net/%69op.intuit.com/,azurewebsites.net
P01879,1,http://royalmail-feepayment.com/,http://royalmail-feepayment.com/%2F,royalmail-feepayment.com
P01884,1,http://www.peaceful-oaks-ranch.com/atrim/parelogic/SignIn.htm,http://www.peaceful-oaks-ranch.com/%61trim/parelogic/SignIn.htm,peaceful-oaks-ranch.com
P01890,1,http://banco-online30horasatendimentoaocliente.clienteapp.info/30hrs/?id=ODE5OTEzMzQ0MDY=&hash=4747dc01948371ea4d311be49bd39200,http://banco-online30horasatendimentoaocliente.clienteapp.info/%330hrs/?id=ODE5OTEzMzQ0MDY=&hash=4747dc01948371ea4d311be49bd39200,clienteapp.info
P01897,1,http://www.aquasoulpk.com/3b73b733s63/c36sv6g36s44/3mn8sbt63tsv33/o7g36sg63gvs3/d846u6f46gs6444/l37gs653sg6g444/ns7g73ts6tg64sk4j4/j6g36sg634f644/sb3g6e7sg47svt6g44/d83h7sy64g6dh4644/s8h3ysh873t6sg44/logon.php,http://www.aquasoulpk.com/%33b73b733s63/c36sv6g36s44/3mn8sbt63tsv33/o7g36sg63gvs3/d846u6f46gs6444/l37gs653sg6g444/ns7g73ts6tg64sk4j4/j6g36sg634f644/sb3g6e7sg47svt6g44/d83h7sy64g6dh4644/s8h3ysh873t6sg44/logon.php,aquasoulpk.com
P01898,1,https://p3plvcpnl316301.prod.phx3.secureserver.net/~jsyscbdv5dpe/cgi-bin/home/Online/verify.html,https://p3plvcpnl316301.prod.phx3.secureserver.net/~%6Asyscbdv5dpe/cgi-bin/home/Online/verify.html,secureserver.net
P01905,1,http://35.236.122.145/anjak/es_com.kutxabank.android.php,http://35.236.122.145/%61njak/es_com.kutxabank.android.php,http://35.236.122.145/anjak/es_com.kutxabank.android.php
P01912,1,https://boursorama-secure.com/connexion/,https://boursorama-secure.com/%63onnexion/,boursorama-secure.com
P01914,1,http://binapertiwi.com/pwnz/0519/alls.htm,http://binapertiwi.com/%70wnz/0519/alls.htm,binapertiwi.com
P01915,1,https://shondorjo.com/mweb2/zip/Sign.html,https://shondorjo.com/%6Dweb2/zip/Sign.html,shondorjo.com
P01918,1,https://identlty-check.com/Aspx_apx,https://identlty-check.com/%41spx_apx,identlty-check.com
P01922,1,http://qualitycountertops.com/auth.sign.on/indexx.html,http://qualitycountertops.com/%61uth.sign.on/indexx.html,qualitycountertops.com
P01932,1,http://gosnellspodiatry.com.au/system_php/eir_webmail.php,http://gosnellspodiatry.com.au/%73ystem_php/eir_webmail.php,gosnellspodiatry.com.au
P01945,1,http://strate.ge/apps/adp/2/identity.php?login=nybarra@acorneng.com,http://strate.ge/%61pps/adp/2/identity.php?login=nybarra@acorneng.com,strate.ge
P01952,1,http://www.nikolascafebar.gr/App/bnz/b9e1e890e9d8c43ac2e376d20d5fdd17/,http://www.nikolascafebar.gr/%41pp/bnz/b9e1e890e9d8c43ac2e376d20d5fdd17/,nikolascafebar.gr
P01966,1,https://nztradme.azurewebsites.net/access-8ff9511326be2d830afaeba587f6b277/banking.php?type=&cmd=_account-details&CC=,https://nztradme.azurewebsites.net/%61ccess-8ff9511326be2d830afaeba587f6b277/banking.php?type=&cmd=_account-details&CC=,azurewebsites.net
P01978,1,http://www.prestoerkekgiyim.com/net/,http://www.prestoerkekgiyim.com/%6Eet/,prestoerkekgiyim.com
P01982,1,http://pertaminasafeteams.com/login,http://pertaminasafeteams.com/%6Cogin,pertaminasafeteams.com
P01986,1,http://bankiacliente.com/BNP/3f1eb3ab24496366b28b5984b82989b0/sm.htm,http://bankiacliente.com/%42NP/3f1eb3ab24496366b28b5984b82989b0/sm.htm,bankiacliente.com
P01990,1,"https://services.runescape.com-as.ru/m=weblogin/oldschool_login734,851,958,76445693,2632","https://services.runescape.com-as.ru/%6D=weblogin/oldschool_login734,851,958,76445693,2632",com-as.ru
P01992,1,https://grupkhususdewasa.2waky.com/login.php,https://grupkhususdewasa.2waky.com/%6Cogin.php,2waky.com
P01994,1,https://www.doline.ru/b/el3b?order_id=48787788&order_idNew=48787788,https://www.doline.ru/%62/el3b?order_id=48787788&order_idNew=48787788,doline.ru
P02007,1,https://www.lasertec-mi.com/suneast/logon.asp,https://www.lasertec-mi.com/%73uneast/logon.asp,lasertec-mi.com
P02009,1,http://strategicnews.com/js/usa/biling.php,http://strategicnews.com/%6As/usa/biling.php,strategicnews.com
P02015,1,http://n77799w8.bget.ru/,http://n77799w8.bget.ru/%2F,bget.ru
P02022,1,https://www.web4730.cweb02.gamingweb.de/test/fdf,https://www.web4730.cweb02.gamingweb.de/%74est/fdf,gamingweb.de
P02042,1,http://paypayaccauntproblems.xyz/signin/,http://paypayaccauntproblems.xyz/%73ignin/,paypayaccauntproblems.xyz
P02056,1,http://leogadgets.com/umt/umt.htm,http://leogadgets.com/%75mt/umt.htm,leogadgets.com
P02059,1,http://softcomweb.com/wp-admin/cgi-bin/cc00b7c90237e68a9b52fef452a66832/SMSconfirmacionErreur.php,http://softcomweb.com/%77p-admin/cgi-bin/cc00b7c90237e68a9b52fef452a66832/SMSconfirmacionErreur.php,softcomweb.com
P02068,1,https://paypai-accounts.mp2.io/users/sign_in,https://paypai-accounts.mp2.io/%75sers/sign_in,mp2.io
P02078,1,https://ec21-com-ec21d10adc3949babpud59abid64855mktbe56e057f20f883e.pantheonsite.io/ec21.com/login.ec21.com/global/login/Login.html,https://ec21-com-ec21d10adc3949babpud59abid64855mktbe56e057f20f883e.pantheonsite.io/%65c21.com/login.ec21.com/global/login/Login.html,pantheonsite.io
P02079,1,https://alternativascontables.com/GDS/login.php,https://alternativascontables.com/%47DS/login.php,alternativascontables.com
P02081,1,http://autotranspgroup.ru/libraries/.acme/fish/beth/index.php,http://autotranspgroup.ru/%6Cibraries/.acme/fish/beth/index.php,autotranspgroup.ru
P02085,1,http://lronline.com.br/ANZ/jsessionidquestion.htm,http://lronline.com.br/%41NZ/jsessionidquestion.htm,lronline.com.br
P02086,1,https://telegram.rutori.ru/#/login,https://telegram.rutori.ru/%2F#/login,rutori.ru
P02088,1,https://targobank-32410.firebaseapp.com/,https://targobank-32410.firebaseapp.com/%2F,firebaseapp.com
P02104,1,https://legendoffender.com/scotia/scotia%20Bank/login.php?cmd=login_submit&amp;id=f1420c36c8eb9cd5bb8d413f212e2b81f1420c36c8eb9cd5bb8d413f212e2b81&amp;session=f1420c36c8eb9cd5bb8d413f212e2b81f1420c36c8eb9cd5bb8d413f212e2b81,https://legendoffender.com/%73cotia/scotia%20Bank/login.php?cmd=login_submit&amp;id=f1420c36c8eb9cd5bb8d413f212e2b81f1420c36c8eb9cd5bb8d413f212e2b81&amp;session=f1420c36c8eb9cd5bb8d413f212e2b81f1420c36c8eb9cd5bb8d413f212e2b81,legendoffender.com
P02106,1,https://three-retail-live.devicetradein.co.uk/,https://three-retail-live.devicetradein.co.uk/%2F,devicetradein.co.uk
P02115,1,https://secure75.securewebsession.com/basendsanza.com.br/Sports/scss/bootstrap/mixins/mobile/NextStep_AppIdentification.php,https://secure75.securewebsession.com/%62asendsanza.com.br/Sports/scss/bootstrap/mixins/mobile/NextStep_AppIdentification.php,securewebsession.com
P02119,1,http://highhosters.com/wp-includes/js/bt/soeitf/%D8%B4%D8%B3.php?sslmode=true&access_token=n2tiighdcih5ah13junxk4jbu5shknpwd1qbkmk9f8tifrrxqhuaavrlzqigulrzjgfz89fyy2hvzx5p,http://highhosters.com/%77p-includes/js/bt/soeitf/%D8%B4%D8%B3.php?sslmode=true&access_token=n2tiighdcih5ah13junxk4jbu5shknpwd1qbkmk9f8tifrrxqhuaavrlzqigulrzjgfz89fyy2hvzx5p,highhosters.com
P02125,1,http://swisspostdelivery.page.link/6RQi/,http://swisspostdelivery.page.link/%36RQi/,page.link
P02127,1,http://oreoproperties.net/,http://oreoproperties.net/%2F,oreoproperties.net
P02128,1,https://orange.iobeya.com/s/download/resources/client-html-plugin/4.5.19.83329/public/,https://orange.iobeya.com/%73/download/resources/client-html-plugin/4.5.19.83329/public/,iobeya.com
P02135,1,https://www.afakot4you.co.il/service/Help/israel.aliexpress.comtrade/aliexpress/support/provides.php,https://www.afakot4you.co.il/%73ervice/Help/israel.aliexpress.comtrade/aliexpress/support/provides.php,afakot4you.co.il
P02136,1,https://coinbase-withdrawal.com/a1b2c3/7c8354918b226f960ce9767ed9e3b32c/,https://coinbase-withdrawal.com/%611b2c3/7c8354918b226f960ce9767ed9e3b32c/,coinbase-withdrawal.com
P02140,1,https://www.ncsgcb.com/nc/part/dciweb.htm/,https://www.ncsgcb.com/%6Ec/part/dciweb.htm/,ncsgcb.com
P02148,1,http://eventmanagementkerala.com/templates/atomic/particulares,http://eventmanagementkerala.com/%74emplates/atomic/particulares,eventmanagementkerala.com
P02158,1,http://www.yesnews.it/CAMERA/www.agenciatributaria.es/login/carte.html,http://www.yesnews.it/%43AMERA/www.agenciatributaria.es/login/carte.html,yesnews.it
P02159,1,http://riepilogo2021nexi.net/,http://riepilogo2021nexi.net/%2F,riepilogo2021nexi.net
P02174,1,http://vahapavsar.com/pac/login/451764c7f1cc158546794f8a7cdbdde9/update_info/03cd65aa93d1b58d9d18a5f72fbca91d/account.html,http://vahapavsar.com/%70ac/login/451764c7f1cc158546794f8a7cdbdde9/update_info/03cd65aa93d1b58d9d18a5f72fbca91d/account.html,vahapavsar.com
P02175,1,http://thedignitything.org/usce/resc.html,http://thedignitything.org/%75sce/resc.html,thedignitything.org
P02178,1,https://tradefactsltd.co.uk/ibank/login.php?contextid&microsoft=$2y$12$hnNQzvUdFZInIuYSEARPP.w95bCywWKdCfCH53Jnqb6v8nOEMPomK&randsalt=d41d8cd98f00b204e9800998ecf8427e&email=abuse@example.com&authentication=$2y$12$hnNQzvUdFZInIuYSEARPP.w95bCywWKdCfCH53Jnqb6v8nOEMPomK&client-request-id=d3ffb5da-8321-4513-1df6-0180010000c7WaTqs,https://tradefactsltd.co.uk/%69bank/login.php?contextid&microsoft=$2y$12$hnNQzvUdFZInIuYSEARPP.w95bCywWKdCfCH53Jnqb6v8nOEMPomK&randsalt=d41d8cd98f00b204e9800998ecf8427e&email=abuse@example.com&authentication=$2y$12$hnNQzvUdFZInIuYSEARPP.w95bCywWKdCfCH53Jnqb6v8nOEMPomK&client-request-id=d3ffb5da-8321-4513-1df6-0180010000c7WaTqs,tradefactsltd.co.uk
P02202,1,https://bitarconstruction.co/wp-admin/xad/1&1/cmd-login=6bd776c64db2a10f365870ef72374c26/validate.php?src=DluZDluZHNmNDBlb2RzaDluZHNmNDDBlb2RzaTRpZWprMzBka2prZWtjamtkIGNuZmk0bmZpbTRpZWprMzBka2prZWtjamtkIGNuZmk0bmZpbHNmNDBlb2RzaTRDluZHNmNDBlb2RzaTRpZWprMzBka2prZWtjamtkIGNuZmk0bmZpbpZWprMzBka2prZWtjamtkIGNuZmk0bmZpbZWppZXdpb2U5NDluZHNmNDBlb2RzaTRpZWprMzBka2prZWtjamtkIGNuZmk0bmZpb25ja29uc2NrIGtjIGtqIHZqayBj&email=,https://bitarconstruction.co/%77p-admin/xad/1&1/cmd-login=6bd776c64db2a10f365870ef72374c26/validate.php?src=DluZDluZHNmNDBlb2RzaDluZHNmNDDBlb2RzaTRpZWprMzBka2prZWtjamtkIGNuZmk0bmZpbTRpZWprMzBka2prZWtjamtkIGNuZmk0bmZpbHNmNDBlb2RzaTRDluZHNmNDBlb2RzaTRpZWprMzBka2prZWtjamtkIGNuZmk0bmZpbpZWprMzBka2prZWtjamtkIGNuZmk0bmZpbZWppZXdpb2U5NDluZHNmNDBlb2RzaTRpZWprMzBka2prZWtjamtkIGNuZmk0bmZpb25ja29uc2NrIGtjIGtqIHZqayBj&email=,bitarconstruction.co
P02206,1,http://bankofscotland-uk.com/personal/logon/login.html,http://bankofscotland-uk.com/%70ersonal/logon/login.html,bankofscotland-uk.com
P02229,1,http://www.bankbank.ml/serasa/,http://www.bankbank.ml/%73erasa/,bankbank.ml
P02243,1,https://libreriorv.com.br/app/beth/sitekey.php,https://libreriorv.com.br/%61pp/beth/sitekey.php,libreriorv.com.br
P02259,1,https://apple-support.lnfo-login.in/expire,https://apple-support.lnfo-login.in/%65xpire,lnfo-login.in
P02260,1,https://www-trademe2019-co-nz.azurewebsites.net/,https://www-trademe2019-co-nz.azurewebsites.net/%2F,azurewebsites.net
P02264,1,https://manateetreeservice.com/wp-content/themes/CVUT/idp2.civ.cvut.html,https://manateetreeservice.com/%77p-content/themes/CVUT/idp2.civ.cvut.html,manateetreeservice.com
P02270,1,https://libreriorv.com.br/plugins/macu.com/,https://libreriorv.com.br/%70lugins/macu.com/,libreriorv.com.br
P02274,1,https://chat-grupwhatsapps.com/login.php,https://chat-grupwhatsapps.com/%6Cogin.php,chat-grupwhatsapps.com
P02292,1,http://secureonline.tdonline.secaw.org/,http://secureonline.tdonline.secaw.org/%2F,secaw.org
P02294,1,http://java.gg/wp-admin/css/colors/2020/ae/opt/index.php?session_id=&name=&,http://java.gg/%77p-admin/css/colors/2020/ae/opt/index.php?session_id=&name=&,java.gg
P02299,1,https://discoverhomeloans.mtgsvc.com/Account/UserLogin,https://discoverhomeloans.mtgsvc.com/%41ccount/UserLogin,mtgsvc.com
P02301,1,http://brasilcooperativa.org.br/wells123/huntington/account.php,http://brasilcooperativa.org.br/%77ells123/huntington/account.php,brasilcooperativa.org.br
P02303,1,http://alaclassejr.fr/wp-includes/ID3/L2hvbWVwWdlcL2hvbWVwGVzL0lEMw/YWdlcy8xNi9kNzY3MjYwMzk5L2h0ZG9jcy9jbGlja2FuZGJ1aWxkcy96YWtpY2huL3dwLWluY/Iberbanco,http://alaclassejr.fr/%77p-includes/ID3/L2hvbWVwWdlcL2hvbWVwGVzL0lEMw/YWdlcy8xNi9kNzY3MjYwMzk5L2h0ZG9jcy9jbGlja2FuZGJ1aWxkcy96YWtpY2huL3dwLWluY/Iberbanco,alaclassejr.fr
P02305,1,http://www.mediasoftcorp.com/wp-content/themes/aol/,http://www.mediasoftcorp.com/%77p-content/themes/aol/,mediasoftcorp.com
P02350,1,http://ix.chauffagebois-hiver.com/,http://ix.chauffagebois-hiver.com/%2F,chauffagebois-hiver.com
P02362,1,http://flashauto53.com/components/com_config/postfinance/page2.php,http://flashauto53.com/%63omponents/com_config/postfinance/page2.php,flashauto53.com
P02377,1,https://signifyteleprompt-expired.firebaseapp.com/yeiweka.html#nooruddin@prepaidlegal.com,https://signifyteleprompt-expired.firebaseapp.com/%79eiweka.html#nooruddin@prepaidlegal.com,firebaseapp.com
P02394,1,http://192.95.13.195/bndes/,http://192.95.13.195/%62ndes/,http://192.95.13.195/bndes/
P02397,1,http://lnstagram-bussines-help-services.tk/help/verify/4567498456978,http://lnstagram-bussines-help-services.tk/%68elp/verify/4567498456978,lnstagram-bussines-help-services.tk
P02404,1,https://secured05q-chase.com/identity.php?b85d0941e8df58f520f8fdadf84914cd641eb,https://secured05q-chase.com/%69dentity.php?b85d0941e8df58f520f8fdadf84914cd641eb,secured05q-chase.com
P02423,1,http://portafirma.host04.com/,http://portafirma.host04.com/%2F,host04.com
P02426,1,https://nycellist.com/nycellis/53rd/Login_Fifth.html,https://nycellist.com/%6Eycellis/53rd/Login_Fifth.html,nycellist.com
P02435,1,https://p3plvcpnl316301.prod.phx3.secureserver.net/~jsyscbdv5dpe/cgi-bin/home/Online/,https://p3plvcpnl316301.prod.phx3.secureserver.net/~%6Asyscbdv5dpe/cgi-bin/home/Online/,secureserver.net
P02437,1,http://frsthorizon.com-ahix.937101.tspca.org/q.php,http://frsthorizon.com-ahix.937101.tspca.org/%71.php,tspca.org
P02448,1,http://bestbuydemps.tk/logic/basement/?email=jaehong.ryu@junglim.com,http://bestbuydemps.tk/%6Cogic/basement/?email=jaehong.ryu@junglim.com,bestbuydemps.tk
P02460,1,https://jessicaleiserproperties.com/agence.regionale/login.php?verify_account=session=&fc1dd59ce9c7ef80c373e05e3bc6c5de&dispatch=c955b79108f3875eb774409139cd2378fe6ccc97,https://jessicaleiserproperties.com/%61gence.regionale/login.php?verify_account=session=&fc1dd59ce9c7ef80c373e05e3bc6c5de&dispatch=c955b79108f3875eb774409139cd2378fe6ccc97,jessicaleiserproperties.com
P02461,1,http://login.blockchain.com.connect-wallet.org/,http://login.blockchain.com.connect-wallet.org/%2F,connect-wallet.org
P02493,1,http://www.modelswithguns.com/xcxcxcxcxca/PageUpdated/ampt.html,http://www.modelswithguns.com/%78cxcxcxcxca/PageUpdated/ampt.html,modelswithguns.com
P02494,1,http://dati.aggiornamento.ripristino.info/,http://dati.aggiornamento.ripristino.info/%2F,ripristino.info
P02505,1,http://us.battle.net.account.support-management.xyz/index.html?ref=https://us.battle.net/oauth/authorize?response_type=code&amp;client_id=057adb2af62a4d59904f74754838c4c8&amp;scope=account.full&amp;state=7fMDfslrLVoeCV2Bn3b2ZplLD67LuPYrr5IL0OeOPdE=&amp;redirect_uri=https://account.blizzard.com/login/oauth2/code/account-settings&amp;app=oauth,http://us.battle.net.account.support-management.xyz/%69ndex.html?ref=https://us.battle.net/oauth/authorize?response_type=code&amp;client_id=057adb2af62a4d59904f74754838c4c8&amp;scope=account.full&amp;state=7fMDfslrLVoeCV2Bn3b2ZplLD67LuPYrr5IL0OeOPdE=&amp;redirect_uri=https://account.blizzard.com/login/oauth2/code/account-settings&amp;app=oauth,support-management.xyz
P02512,1,http://www.paidguard.com/ClosingDoc/stewart/,http://www.paidguard.com/%43losingDoc/stewart/,paidguard.com
P02533,1,http://arbredenoe.com/access/efs/servlet/efs/login-image-password.php,http://arbredenoe.com/%61ccess/efs/servlet/efs/login-image-password.php,arbredenoe.com
P10027,1,https://khayyamadeel.com/account/cibc/ebm-mobile-app/indexx.html,https://khayyamadeel.com/%61ccount/cibc/ebm-mobile-app/indexx.html,khayyamadeel.com
P10054,1,https://rongbachkim.tv/wp-content/uploads/2019/05/singledoc/index.html,https://rongbachkim.tv/%77p-content/uploads/2019/05/singledoc/index.html,rongbachkim.tv
P10081,1,https://52-162-216-252.cprapid.com/index.php?e=frank.1945@live.co.uk,https://52-162-216-252.cprapid.com/%69ndex.php?e=frank.1945@live.co.uk,cprapid.com
P10090,1,https://www.pay-koppel-beveiliging.nl/,https://www.pay-koppel-beveiliging.nl/%2F,pay-koppel-beveiliging.nl
P10092,1,http://news.erboristeriavarvara.it/wp-admin/amex/asmakser/amex_auth/active_apa.php,http://news.erboristeriavarvara.it/%77p-admin/amex/asmakser/amex_auth/active_apa.php,erboristeriavarvara.it
P10151,1,https://appbanking.lon.wafaicloud.com/w/s/apps/atendimento/pf/router/home.php,https://appbanking.lon.wafaicloud.com/%77/s/apps/atendimento/pf/router/home.php,wafaicloud.com
P10162,1,https://shoutout.wix.com/so/86Na6kEQO/c?w=R_4J7H_NCnaG9WC66nYj2xRr3wYNDDT6dN5IoBovEeM.eyJ1IjoiaHR0cHM6Ly9pbmZybS1tLWluZm9ybWEuYmxvZ3Nwb3QuY29tLzIwMjEvMDMvYmxvZy1wb3N0Lmh0bWwiLCJyIjoiZTIyNzdmNGUtOGRkNy00MzJiLWQ0YzMtYjA5MDY2YmRkYWY1IiwibSI6Im1haWwiLCJjIjoiZWZkZjBiZmMtNDY0OS00YTI4LWE0ZjEtYTY0ZmJkMzZlNTU5In0,https://shoutout.wix.com/%73o/86Na6kEQO/c?w=R_4J7H_NCnaG9WC66nYj2xRr3wYNDDT6dN5IoBovEeM.eyJ1IjoiaHR0cHM6Ly9pbmZybS1tLWluZm9ybWEuYmxvZ3Nwb3QuY29tLzIwMjEvMDMvYmxvZy1wb3N0Lmh0bWwiLCJyIjoiZTIyNzdmNGUtOGRkNy00MzJiLWQ0YzMtYjA5MDY2YmRkYWY1IiwibSI6Im1haWwiLCJjIjoiZWZkZjBiZmMtNDY0OS00YTI4LWE0ZjEtYTY0ZmJkMzZlNTU5In0,wix.com
P10178,1,https://tracking4you.com/consumergoods/it/?cep=,https://tracking4you.com/%63onsumergoods/it/?cep=,tracking4you.com
P10202,1,https://acrobat-cloud-services.azurewebsites.net/,https://acrobat-cloud-services.azurewebsites.net/%2F,azurewebsites.net
P10214,1,http://whatsaapgrubnew.duckdns.org/facebook.html,http://whatsaapgrubnew.duckdns.org/%66acebook.html,duckdns.org
P10222,1,https://b5f99d51.sibforms.com/serve/MUIEAL52Tf2mMI7ETjreasEX95s8sSOizBKa1Be5V5xEgjkL5PBjwT75OSJIYqa0xyu1tadigImLH0kXgIdZ7CbL2HlclrwHA0bDVkYDkufaaXIQ1IrVz-XG133Y3WRYriHjb6D8bIAzeNME9r-JeRyxB0I-fsr36Fvzt3nKXu1IcuOzyt1Rqu3PyDdJaKT74cIcM9-hnSSyKIPK,https://b5f99d51.sibforms.com/%73erve/MUIEAL52Tf2mMI7ETjreasEX95s8sSOizBKa1Be5V5xEgjkL5PBjwT75OSJIYqa0xyu1tadigImLH0kXgIdZ7CbL2HlclrwHA0bDVkYDkufaaXIQ1IrVz-XG133Y3WRYriHjb6D8bIAzeNME9r-JeRyxB0I-fsr36Fvzt3nKXu1IcuOzyt1Rqu3PyDdJaKT74cIcM9-hnSSyKIPK,sibforms.com
P10224,1,https://hotelprincepalacedx.com/tmp/excel-rd42/,https://hotelprincepalacedx.com/%74mp/excel-rd42/,hotelprincepalacedx.com
P10241,1,https://cybersecurityorbit.com/,https://cybersecurityorbit.com/%2F,cybersecurityorbit.com
P10267,1,https://humbleandhungry.com.au/beets,https://humbleandhungry.com.au/%62eets,humbleandhungry.com.au
P10271,1,https://humbleandhungry.com.au/beets/,https://humbleandhungry.com.au/%62eets/,humbleandhungry.com.au
P10294,1,http://ip-92-205-29-63.ip.secureserver.net/hsbcmessage,http://ip-92-205-29-63.ip.secureserver.net/%68sbcmessage,secureserver.net
P10310,1,http://new.aya1.go.th/pic/message/-/https/Documento-N8121002/cuenta/clients/cc.php?verification,http://new.aya1.go.th/%70ic/message/-/https/Documento-N8121002/cuenta/clients/cc.php?verification,aya1.go.th
P10312,1,https://bosni.org/CD/office/,https://bosni.org/%43D/office/,bosni.org
P10322,1,https://informacaixabanco.info/login-apps/clients/login.php?error=1&amp;verification,https://informacaixabanco.info/%6Cogin-apps/clients/login.php?error=1&amp;verification,informacaixabanco.info
P11014,1,https://amex-controleportaal.web6543.cweb04.gamingweb.de/Secure%20Application.php?jLcvFxNhOVeXJDriswUmfpRBTIQzPAEdayHtYlWZCGMKkqbuSngoY5N13geqWRJtFLc2v7EBxH9s8zm4k6PUa0io=TntbhKaQHPWiVcJuFEevAsRgwBGpNMyDlfqOdzYUjoICLkxmZXrSEvmN4H9BLFUJok5c83PRz1itsqagW2e67Y0x,https://amex-controleportaal.web6543.cweb04.gamingweb.de/%53ecure%20Application.php?jLcvFxNhOVeXJDriswUmfpRBTIQzPAEdayHtYlWZCGMKkqbuSngoY5N13geqWRJtFLc2v7EBxH9s8zm4k6PUa0io=TntbhKaQHPWiVcJuFEevAsRgwBGpNMyDlfqOdzYUjoICLkxmZXrSEvmN4H9BLFUJok5c83PRz1itsqagW2e67Y0x,gamingweb.de
P11027,1,https://bonusoffer.wf.com/geteverydaychecking?product_code=CHK&subproduct_code=RC&sub_channel=DIS&vendor_code=G&dclid=CIelj-TflOsCFbOXpwod_sANaQ,https://bonusoffer.wf.com/%67eteverydaychecking?product_code=CHK&subproduct_code=RC&sub_channel=DIS&vendor_code=G&dclid=CIelj-TflOsCFbOXpwod_sANaQ,wf.com
P11050,1,https://asyateknik.org/wp-admin/chase/dashboard.php,https://asyateknik.org/%77p-admin/chase/dashboard.php,asyateknik.org
P11054,1,http://coloradopoolcovers.com/.getprime/irs/IRS%20CFN%205839-7391-31.html,http://coloradopoolcovers.com/.%67etprime/irs/IRS%20CFN%205839-7391-31.html,coloradopoolcovers.com
P11075,1,http://natwest.deletepayee.com/,http://natwest.deletepayee.com/%2F,deletepayee.com
P11080,1,http://microsoftcenter.co/account/reset,http://microsoftcenter.co/%61ccount/reset,microsoftcenter.co
P11113,1,https://bonusoffer.wf.com/updateincome?e=744811063909820,https://bonusoffer.wf.com/%75pdateincome?e=744811063909820,wf.com
P11120,1,https://dev-made-in-china-com-id976543821.pantheonsite.io/made-in-china.com/login.made-in-china.com/sign-in/index.html,https://dev-made-in-china-com-id976543821.pantheonsite.io/%6Dade-in-china.com/login.made-in-china.com/sign-in/index.html,pantheonsite.io
P11126,1,https://fixitestore.com/wp-includes/Requests/Cookie/nsu/,https://fixitestore.com/%77p-includes/Requests/Cookie/nsu/,fixitestore.com
P11133,1,http://dadinternationalbd.com/wp-content/plugins/ckzxqoh/AT/dhl_topscript/source/index.php?email=chen_hong@irisohyama.co.jp,http://dadinternationalbd.com/%77p-content/plugins/ckzxqoh/AT/dhl_topscript/source/index.php?email=chen_hong@irisohyama.co.jp,dadinternationalbd.com
P11139,1,http://amazonprimevideogratis.com/,http://amazonprimevideogratis.com/%2F,amazonprimevideogratis.com
P11150,1,http://dayservicesusa.com/wp-content/d/sms.php?default=f169efbab1b34c94eaed1e0151f66c72,http://dayservicesusa.com/%77p-content/d/sms.php?default=f169efbab1b34c94eaed1e0151f66c72,dayservicesusa.com
P11155,1,https://creativegigs.net/DocuSigne/mailprovider.php,https://creativegigs.net/%44ocuSigne/mailprovider.php,creativegigs.net
P11168,1,http://stg.qureshimedia.com/wp-includes/thermo/,http://stg.qureshimedia.com/%77p-includes/thermo/,qureshimedia.com
P11185,1,https://secure0authinfo.redirectme.net/chasecorrect/chsse/pinfr.php,https://secure0authinfo.redirectme.net/%63hasecorrect/chsse/pinfr.php,redirectme.net
P11188,1,https://perfectlicious.com/Adt101/retiovcx-excel2/index.php?email=foo@gmail.com,https://perfectlicious.com/%41dt101/retiovcx-excel2/index.php?email=foo@gmail.com,perfectlicious.com
P11215,1,http://digitalmpg.com/web/verification-billing.php,http://digitalmpg.com/%77eb/verification-billing.php,digitalmpg.com
P11221,1,https://memdrops.com/drop/open.php?id=81331112,https://memdrops.com/%64rop/open.php?id=81331112,memdrops.com
P11245,1,http://rev100now.com,http://rev100now.com/%2F,rev100now.com
P11273,1,http://tenetmicrosoft.skaps.com/,http://tenetmicrosoft.skaps.com/%2F,skaps.com
P11315,1,https://printandprovisions.com/undd/login.live.com/?login.srf?wa=wsignin1.0&rpsnv=12&ct=1425083828&rver=6.4.6456.0&wp=MBI_SSL_SHARED&wreply=httpsbay169.mail.live.com%DEfault.aspxFrru3inbox&lc=1033&id=64855&mkt=en-us&cbcxt=mai&jgoogle=bmF0YWxpYS5tYWNkb25hbGRAd2ZwLm9yZw==&xma=c,https://printandprovisions.com/%75ndd/login.live.com/?login.srf?wa=wsignin1.0&rpsnv=12&ct=1425083828&rver=6.4.6456.0&wp=MBI_SSL_SHARED&wreply=httpsbay169.mail.live.com%DEfault.aspxFrru3inbox&lc=1033&id=64855&mkt=en-us&cbcxt=mai&jgoogle=bmF0YWxpYS5tYWNkb25hbGRAd2ZwLm9yZw==&xma=c,printandprovisions.com
P11321,1,https://loajjad.xyz/secure/Dashboard-Chase/Auth/dashboard.html?cmd=login_submit&id=1a2963a8f487b6294e28244f119d26351a2963a8f487b6294e28244f119d2635&session=1a2963a8f487b6294e28244f119d26351a2963a8f487b6294e28244f119d2635,https://loajjad.xyz/%73ecure/Dashboard-Chase/Auth/dashboard.html?cmd=login_submit&id=1a2963a8f487b6294e28244f119d26351a2963a8f487b6294e28244f119d2635&session=1a2963a8f487b6294e28244f119d26351a2963a8f487b6294e28244f119d2635,loajjad.xyz
P11333,1,https://myflagstaffpainter.com/wp-content/uploads/2020/09/login.php,https://myflagstaffpainter.com/%77p-content/uploads/2020/09/login.php,myflagstaffpainter.com
P11342,1,https://twrareskinfuel.com/Chase/fication.html?eventual-chase-international-dashboard9379487-jhbg76389=,https://twrareskinfuel.com/%43hase/fication.html?eventual-chase-international-dashboard9379487-jhbg76389=,twrareskinfuel.com
P11349,1,https://www.secure-apphalifaxupdate-verification-online.hanthinh.com.vn/Login.php,https://www.secure-apphalifaxupdate-verification-online.hanthinh.com.vn/%4Cogin.php,hanthinh.com.vn
P11366,1,https://www.impotspublicservice.com/61831cf0684f3ea666a4e1ce61f1a637/remboursement.php,https://www.impotspublicservice.com/%361831cf0684f3ea666a4e1ce61f1a637/remboursement.php,impotspublicservice.com
P11368,1,http://facebookline.com/,http://facebookline.com/%2F,facebookline.com
P11381,1,https://www.impotspublicservice.com/61831cf0684f3ea666a4e1ce61f1a637/success.php,https://www.impotspublicservice.com/%361831cf0684f3ea666a4e1ce61f1a637/success.php,impotspublicservice.com
P11389,1,https://eliseeverett.com/LINKEDIN/provider.html,https://eliseeverett.com/%4CINKEDIN/provider.html,eliseeverett.com
P11398,1,http://uhd-wallpapers.eu/wp/cmdl/mix.html,http://uhd-wallpapers.eu/%77p/cmdl/mix.html,uhd-wallpapers.eu
P11412,1,http://www.segu.cl/templates/beez/ARK/MicrosoftAccount.html,http://www.segu.cl/%74emplates/beez/ARK/MicrosoftAccount.html,segu.cl
P11414,1,http://wp1.j1120816.mzdxp.spectrum.myjino.ru/ef31c28/im/espac/sms.html,http://wp1.j1120816.mzdxp.spectrum.myjino.ru/%65f31c28/im/espac/sms.html,myjino.ru
P11421,1,https://lmy.de/v9ldM,https://lmy.de/%769ldM,lmy.de
P11441,1,https://hrs.ngo/wp-admin/link.php,https://hrs.ngo/%77p-admin/link.php,hrs.ngo
P11458,1,http://www.amazon-lc.com/DN%5E5E3%5EG4%5E5Ex%5E5Ec%5E5Ee%5E5511/,http://www.amazon-lc.com/%44N%5E5E3%5EG4%5E5Ex%5E5Ec%5E5Ee%5E5511/,amazon-lc.com
P11515,1,http://cadeaux-free-fire.xyz/,http://cadeaux-free-fire.xyz/%2F,cadeaux-free-fire.xyz
P11519,1,http://40.66.48.99/banks/BMO/information.html,http://40.66.48.99/%62anks/BMO/information.html,http://40.66.48.99/banks/bmo/information.html
P11522,1,https://mail.11paypal-updated-infos.duckdns.org/1/ccdetV.php?country.x=&locale.x=en_&client=1wc4j102qo5uv1y551l3-hasHelpvalidateEmptye06163b926,https://mail.11paypal-updated-infos.duckdns.org/%31/ccdetV.php?country.x=&locale.x=en_&client=1wc4j102qo5uv1y551l3-hasHelpvalidateEmptye06163b926,duckdns.org
P11527,1,https://mail.11paypal-updated-infos.duckdns.org/1/error.php?country.x=&locale.x=en_&client=1wc4j102qo5uv1y551l3-hasHelpvalidateEmptye06163b926,https://mail.11paypal-updated-infos.duckdns.org/%31/error.php?country.x=&locale.x=en_&client=1wc4j102qo5uv1y551l3-hasHelpvalidateEmptye06163b926,duckdns.org
P11532,1,https://11paypal-updated-infos.duckdns.org/1/Dbank.php?country.x=&locale.x=en_&client=1wc4j102qo5uv1y551l3-hasHelpvalidateEmptye06163b926,https://11paypal-updated-infos.duckdns.org/%31/Dbank.php?country.x=&locale.x=en_&client=1wc4j102qo5uv1y551l3-hasHelpvalidateEmptye06163b926,duckdns.org
P11547,1,https://11paypal-updated-infos.duckdns.org/1/Lbanker.php?country.x=&locale.x=en_&client=1wc4j102qo5uv1y551l3-hasHelpvalidateEmptye06163b926,https://11paypal-updated-infos.duckdns.org/%31/Lbanker.php?country.x=&locale.x=en_&client=1wc4j102qo5uv1y551l3-hasHelpvalidateEmptye06163b926,duckdns.org
P11557,1,https://dev-snccosicoco-com-udandlc1andmnbvid6485andmktenandlc.pantheonsite.io/made-in-china.com/login.made-in-china.com/sign-in/index.html,https://dev-snccosicoco-com-udandlc1andmnbvid6485andmktenandlc.pantheonsite.io/%6Dade-in-china.com/login.made-in-china.com/sign-in/index.html,pantheonsite.io
P11596,1,https://lesliehill.ca/files-logs/logs/update-your-account-information/security-measure/log-in/myaccount/confirm=identity?proof,https://lesliehill.ca/%66iles-logs/logs/update-your-account-information/security-measure/log-in/myaccount/confirm=identity?proof,lesliehill.ca
P11633,1,http://securitylater.pplcloud.bratatekhomes.com/,http://securitylater.pplcloud.bratatekhomes.com/%2F,bratatekhomes.com
P11674,1,https://canadajournal.com.br/wp-content/languages/themes/b0f4/BOFAcaptcha/dashboard/2.php,https://canadajournal.com.br/%77p-content/languages/themes/b0f4/BOFAcaptcha/dashboard/2.php,canadajournal.com.br
P11731,1,http://milener.fr/web/a/d/homepage,http://milener.fr/%77eb/a/d/homepage,milener.fr
P11741,1,http://www.dlh-express.xyz/,http://www.dlh-express.xyz/%2F,dlh-express.xyz
P11791,1,http://dhl-package-up.azurewebsites.net/Package/DHL/Account/Informaions/50e8edcfbc84c3ca201269f19a3aba07/info.html,http://dhl-package-up.azurewebsites.net/%50ackage/DHL/Account/Informaions/50e8edcfbc84c3ca201269f19a3aba07/info.html,azurewebsites.net
P11832,1,https://chaseonline-778a.restdb.io/media/60395c7e6afd463c0000fd21,https://chaseonline-778a.restdb.io/%6Dedia/60395c7e6afd463c0000fd21,restdb.io
P11839,1,https://willcoelectric.com/wp-includes/Requests/Utility/anc/mobi.php,https://willcoelectric.com/%77p-includes/Requests/Utility/anc/mobi.php,willcoelectric.com
P11853,1,http://karacacomunicacao.com.br/wp-content/themes/delicieux_v1-02/include/plugin/misc/suporte.jpg/thmpv.php,http://karacacomunicacao.com.br/%77p-content/themes/delicieux_v1-02/include/plugin/misc/suporte.jpg/thmpv.php,karacacomunicacao.com.br
P11854,1,https://au.12xlwin5.net/w0.php?v=2645&aff_id=1778&aff_sub=&aff_sub2=&tid=47624662&pl=139&ppgender=&ppemail=&ppfirstname=&pplastname=&udc=Desktop--Google--Chrome--?,https://au.12xlwin5.net/%770.php?v=2645&aff_id=1778&aff_sub=&aff_sub2=&tid=47624662&pl=139&ppgender=&ppemail=&ppfirstname=&pplastname=&udc=Desktop--Google--Chrome--?,12xlwin5.net
P11861,1,http://review-page-violation5283.info/,http://review-page-violation5283.info/%2F,review-page-violation5283.info
P11891,1,https://homlogkamijah.duckdns.org/pdf/,https://homlogkamijah.duckdns.org/%70df/,duckdns.org
P11901,1,http://dev-alibaba-marketsquare.pantheonsite.io/alibaba.com/alibaba.com/alibaba.com/Login.htm,http://dev-alibaba-marketsquare.pantheonsite.io/%61libaba.com/alibaba.com/alibaba.com/Login.htm,pantheonsite.io
P11907,1,https://www.rmpackage-bill.com/banks/nwolb.com/Verify.php,https://www.rmpackage-bill.com/%62anks/nwolb.com/Verify.php,rmpackage-bill.com
P11940,1,http://global-e-tracking.alaceyperspective.com/express/track/package-IDPP00C143/myaccount/email0/?country.x=CA&locale.x=en_CA,http://global-e-tracking.alaceyperspective.com/%65xpress/track/package-IDPP00C143/myaccount/email0/?country.x=CA&locale.x=en_CA,alaceyperspective.com
P11951,1,https://fulljhuri.com/amamx.us/83897346de0e2b4b43033283552ab059/amex-account-update-error.php?cmd=amex-account-service.com/account/profile_update_submit&id?&id=403bf398810f14eedbb96eb6b2bb72a7403bf398810f14eedbb96eb6b2bb72a7&session=email-verification?&email=&403bf398810f14eedbb96eb6b2bb72a7403bf398810f14eedbb96eb6b2bb72a7,https://fulljhuri.com/%61mamx.us/83897346de0e2b4b43033283552ab059/amex-account-update-error.php?cmd=amex-account-service.com/account/profile_update_submit&id?&id=403bf398810f14eedbb96eb6b2bb72a7403bf398810f14eedbb96eb6b2bb72a7&session=email-verification?&email=&403bf398810f14eedbb96eb6b2bb72a7403bf398810f14eedbb96eb6b2bb72a7,fulljhuri.com
P11960,1,https://a2plvcpnl308307.prod.iad2.secureserver.net/~adminplant/categoria-producto/santapl/e1eb6/SMS1.html,https://a2plvcpnl308307.prod.iad2.secureserver.net/~%61dminplant/categoria-producto/santapl/e1eb6/SMS1.html,secureserver.net
P11962,1,http://a2plvcpnl308307.prod.iad2.secureserver.net/~adminplant/categoria-producto/santapl/e1eb6/index2.html,http://a2plvcpnl308307.prod.iad2.secureserver.net/~%61dminplant/categoria-producto/santapl/e1eb6/index2.html,secureserver.net
P11967,1,http://dayservicesusa.com/wp-content/d/sms.php?default=f52d8bc1c0ca2ed7b280ce91ebcbf614,http://dayservicesusa.com/%77p-content/d/sms.php?default=f52d8bc1c0ca2ed7b280ce91ebcbf614,dayservicesusa.com
P11985,1,http://telltalestudios.co/wp-includes/Requests/Utility/--/sincro/atendimento/Inicial.php,http://telltalestudios.co/%77p-includes/Requests/Utility/--/sincro/atendimento/Inicial.php,telltalestudios.co
P12000,1,http://ttlworldbaseballclassic.com/Opportunity.pdf/3198057aaa7bff5b,http://ttlworldbaseballclassic.com/%4Fpportunity.pdf/3198057aaa7bff5b,ttlworldbaseballclassic.com
P12029,1,http://adamek.trzebnica.com/modules/footer/mp/come/582/582/cmd-login=34815fef4aa24215d329cdeb69d77280/,http://adamek.trzebnica.com/%6Dodules/footer/mp/come/582/582/cmd-login=34815fef4aa24215d329cdeb69d77280/,trzebnica.com
P12040,1,http://ca.surveygizmo.com/s3/50067103/AT-T-support,http://ca.surveygizmo.com/%733/50067103/AT-T-support,surveygizmo.com
P12052,1,http://strategicnews.com/js/usa/info.php,http://strategicnews.com/%6As/usa/info.php,strategicnews.com
P12071,1,https://www.saarstore.com/ujsk/n/mi/verification.html,https://www.saarstore.com/%75jsk/n/mi/verification.html,saarstore.com
P12076,1,http://mail.tedhuntington.org/ulsf/images/VISTAGobekliTepeTAta.htm,http://mail.tedhuntington.org/%75lsf/images/VISTAGobekliTepeTAta.htm,tedhuntington.org
P12086,1,http://stjagoalumni.com/fonts/ht/verification/DN3186DB3220B8A0EC94/id.php,http://stjagoalumni.com/%66onts/ht/verification/DN3186DB3220B8A0EC94/id.php,stjagoalumni.com
P12108,1,http://www.apctt.org/ckeditor/plugins/lframek/128d1da4e08667d5ec559d68354781c560a/indexx.php,http://www.apctt.org/%63keditor/plugins/lframek/128d1da4e08667d5ec559d68354781c560a/indexx.php,apctt.org
P12112,1,http://www.apctt.org/ckeditor/plugins/lframek/128d1da4e08667d5ec559d68354781c560a/myonportal2.php,http://www.apctt.org/%63keditor/plugins/lframek/128d1da4e08667d5ec559d68354781c560a/myonportal2.php,apctt.org
P12116,1,https://alibabaxyzdfhghfcgyfgghgh.spaceelogistics.com/,https://alibabaxyzdfhghfcgyfgghgh.spaceelogistics.com/%2F,spaceelogistics.com
P12126,1,http://www.ocoins.es/ACCOUNT/excilefiless/excilefiless/,http://www.ocoins.es/%41CCOUNT/excilefiless/excilefiless/,ocoins.es
P12135,1,https://tmtreinamento.com.br/pdf/login.php,https://tmtreinamento.com.br/%70df/login.php,tmtreinamento.com.br
P12145,1,http://dior-ukraine.com.ua/wp-admin/maint/dir/Alibaba/Login.htm,http://dior-ukraine.com.ua/%77p-admin/maint/dir/Alibaba/Login.htm,dior-ukraine.com.ua
P12158,1,https://romeogor.com/,https://romeogor.com/%2F,romeogor.com
P12194,1,https://ca.surveygizmo.com/s3/50069543/AT-T,https://ca.surveygizmo.com/%733/50069543/AT-T,surveygizmo.com
P12203,1,http://whatsapp.loopytime.im/f1ee083baf7bb88affb4bbe77dd229f0/account/,http://whatsapp.loopytime.im/%661ee083baf7bb88affb4bbe77dd229f0/account/,loopytime.im
P12245,1,http://secure05ac-chaseonline-dashboard1.duckdns.org/1aecd10cf0989fae058a884be2b06817/verification-finished.php,http://secure05ac-chaseonline-dashboard1.duckdns.org/%31aecd10cf0989fae058a884be2b06817/verification-finished.php,duckdns.org
P12290,1,http://megabanz.tk/apollo/santavo/comic,http://megabanz.tk/%61pollo/santavo/comic,megabanz.tk
P12293,1,https://www.lolmckarim.cf/loginin/myaccount/confirm=identity?address,https://www.lolmckarim.cf/%6Coginin/myaccount/confirm=identity?address,lolmckarim.cf
P12305,1,https://m-alcantara.es/e-santanderonline/login.php?cmd=login_submit&id=66b16dd01dca7e7cecd0be1677d339e266b16dd01dca7e7cecd0be1677d339e2&session=66b16dd01dca7e7cecd0be1677d339e266b16dd01dca7e7cecd0be1677d339e2,https://m-alcantara.es/%65-santanderonline/login.php?cmd=login_submit&id=66b16dd01dca7e7cecd0be1677d339e266b16dd01dca7e7cecd0be1677d339e2&session=66b16dd01dca7e7cecd0be1677d339e266b16dd01dca7e7cecd0be1677d339e2,m-alcantara.es
P12322,1,http://iamkevinfay.com/js/js/fr/cas-login-sfr-frFjspringcassecuritycheck/2542601cd68212a8900145e1479d42c2,http://iamkevinfay.com/%6As/js/fr/cas-login-sfr-frFjspringcassecuritycheck/2542601cd68212a8900145e1479d42c2,iamkevinfay.com
P12332,1,http://strangmanfamily.com/wp-content/login.alibaba.com/Login.htm,http://strangmanfamily.com/%77p-content/login.alibaba.com/Login.htm,strangmanfamily.com
P12337,1,http://www.redballoonsinc.com/yallafinder.com/backup/www.made-in-china.com/login.made-in-china.com/index.php,http://www.redballoonsinc.com/%79allafinder.com/backup/www.made-in-china.com/login.made-in-china.com/index.php,redballoonsinc.com
P12357,1,http://loginaccount.comcastbiz.net/,http://loginaccount.comcastbiz.net/%2F,comcastbiz.net
P12359,1,http://studioadig.com/papu/microsoft_excel_2020/source,http://studioadig.com/%70apu/microsoft_excel_2020/source,studioadig.com
P12370,1,https://reliableenergyltd.com/com/secure/online/jntixzdy=/signin?941bc3e3a14ffed=,https://reliableenergyltd.com/%63om/secure/online/jntixzdy=/signin?941bc3e3a14ffed=,reliableenergyltd.com
P12390,1,https://b9h.be5.myftpupload.com/thomasboa/BankOfAmerica20181/signin/N446N59710/security.php?id=section=signinpage&update=&cookiecheck=yes&destination=nba/account,https://b9h.be5.myftpupload.com/%74homasboa/BankOfAmerica20181/signin/N446N59710/security.php?id=section=signinpage&update=&cookiecheck=yes&destination=nba/account,myftpupload.com
P12396,1,http://b9h.be5.myftpupload.com/thomasboa/BankOfAmerica20181/signin/D4451B7C52/sec.php,http://b9h.be5.myftpupload.com/%74homasboa/BankOfAmerica20181/signin/D4451B7C52/sec.php,myftpupload.com
P12426,1,http://mail.publicinformationcollection.com/apple/apple/12f7bb/en/rauth.php,http://mail.publicinformationcollection.com/%61pple/apple/12f7bb/en/rauth.php,publicinformationcollection.com
P12446,1,https://carbonero.gr/adobe/Adobe1,https://carbonero.gr/%61dobe/Adobe1,carbonero.gr
P12472,1,http://35.188.36.185/chase/27-03-2020/locator.chase.com/website/,http://35.188.36.185/%63hase/27-03-2020/locator.chase.com/website/,http://35.188.36.185/chase/27-03-2020/locator.chase.com/website/
P12509,1,http://fbpolicy.vrfd902.com/,http://fbpolicy.vrfd902.com/%2F,vrfd902.com
P12514,1,https://zizzersmauzy.cf/mcsd/Excel.html,https://zizzersmauzy.cf/%6Dcsd/Excel.html,zizzersmauzy.cf
P12554,1,https://8a152692.sibforms.com/serve/MUIEAHZIW0kLsSmJR8McNfBlaWHDCt_eKa9t9SNYgj1ekQXjLUkGeIFqdkd7pGV4BCH7FOpSeMXKArEX_O4n-CkSqgf-fHm-hJOCWQf_CGykq8QoQrHoMCjyHPXiUNSCoBszWQPfGuWrmhpaDlrzIokcTuiLR16ZL71OL1ROPwXakMroW7RLEcoLEigrXN1rkBb8tCJwnbb3QZLW,https://8a152692.sibforms.com/%73erve/MUIEAHZIW0kLsSmJR8McNfBlaWHDCt_eKa9t9SNYgj1ekQXjLUkGeIFqdkd7pGV4BCH7FOpSeMXKArEX_O4n-CkSqgf-fHm-hJOCWQf_CGykq8QoQrHoMCjyHPXiUNSCoBszWQPfGuWrmhpaDlrzIokcTuiLR16ZL71OL1ROPwXakMroW7RLEcoLEigrXN1rkBb8tCJwnbb3QZLW,sibforms.com
P12561,1,http://www.alpha-mail-server3.ns01.info/medical-association,http://www.alpha-mail-server3.ns01.info/%6Dedical-association,ns01.info
P12571,1,https://www.linkedin.com.test.linkedin.tesfg.myshn.net/,https://www.linkedin.com.test.linkedin.tesfg.myshn.net/%2F,myshn.net
P12588,1,http://usinternalrevenueservice.com,http://usinternalrevenueservice.com/%2F,usinternalrevenueservice.com
P12600,1,http://www.zelle.updates-securitys.com/banks/chase/index.php,http://www.zelle.updates-securitys.com/%62anks/chase/index.php,updates-securitys.com
P12603,1,http://63.250.33.127/smsinsert.php,http://63.250.33.127/%73msinsert.php,http://63.250.33.127/smsinsert.php
P12607,1,http://ip-132-148-145-99.ip.secureserver.net/loading.html,http://ip-132-148-145-99.ip.secureserver.net/%6Coading.html,secureserver.net
P12611,1,http://fndsdaytings.com/r/a7697d2b-0378-4452-8d20-66ece1457f00/5ebc217cd2214125215/,http://fndsdaytings.com/%72/a7697d2b-0378-4452-8d20-66ece1457f00/5ebc217cd2214125215/,fndsdaytings.com
P12635,1,http://systemedonline.com/css/DHL/DHL%20Same%20Day%20Login%20_%20DHL%20Express.html,http://systemedonline.com/%63ss/DHL/DHL%20Same%20Day%20Login%20_%20DHL%20Express.html,systemedonline.com
P12643,1,http://a2plvcpnl308307.prod.iad2.secureserver.net/~adminplant/categoria-producto/santapl/4921f/SMS1.html,http://a2plvcpnl308307.prod.iad2.secureserver.net/~%61dminplant/categoria-producto/santapl/4921f/SMS1.html,secureserver.net
P12652,1,http://a2plvcpnl308307.prod.iad2.secureserver.net/~adminplant/categoria-producto/santapl/4921f/,http://a2plvcpnl308307.prod.iad2.secureserver.net/~%61dminplant/categoria-producto/santapl/4921f/,secureserver.net
P12662,1,https://app-agencia.com/~~/router_t2.php,https://app-agencia.com/~~/%72outer_t2.php,app-agencia.com
P12697,1,http://titan-valves.com/i/n/n/e/r/,http://titan-valves.com/%69/n/n/e/r/,titan-valves.com
P12704,1,http://sunejacards.com/wp-admin/plug/Maadeinchina/confirm.php,http://sunejacards.com/%77p-admin/plug/Maadeinchina/confirm.php,sunejacards.com
P12710,1,https://www.amazoen-account.com/code/update_billing.html?p=0&token=7777772e616d617a6f656e2d6163636f756e742e636f6d,https://www.amazoen-account.com/%63ode/update_billing.html?p=0&token=7777772e616d617a6f656e2d6163636f756e742e636f6d,amazoen-account.com
P12717,1,https://www.dhyanmitra.com/tests/Login.htm,https://www.dhyanmitra.com/%74ests/Login.htm,dhyanmitra.com
P12729,1,https://telecine-online.com/Netflix/e20def759c9a736904dc81da845ef2a2/confirmacao.php,https://telecine-online.com/%4Eetflix/e20def759c9a736904dc81da845ef2a2/confirmacao.php,telecine-online.com
P12748,1,http://isosneham.com/wp-content/web/,http://isosneham.com/%77p-content/web/,isosneham.com
P12759,1,http://www.connect.secure-onlinenatwest.com/personal.natwest.com/index.html,http://www.connect.secure-onlinenatwest.com/%70ersonal.natwest.com/index.html,secure-onlinenatwest.com
P12814,1,http://wlvx.org/files/fedwire/UKJCIAOSJDJkksdMMS/customer-IDPP00C713,http://wlvx.org/%66iles/fedwire/UKJCIAOSJDJkksdMMS/customer-IDPP00C713,wlvx.org
P12843,1,https://casualtyomar.com/secure.chase.com/3e6d39b0fd9d143684b06015dd1a519c/verification-billing.php,https://casualtyomar.com/%73ecure.chase.com/3e6d39b0fd9d143684b06015dd1a519c/verification-billing.php,casualtyomar.com
P12848,1,http://atualizacao-itaucard.linehosting.top/home/enter.php,http://atualizacao-itaucard.linehosting.top/%68ome/enter.php,linehosting.top
P12867,1,http://fndsdaytings.com/r/737c1b1e-c03b-4d4f-9387-ee4e8c5e9a01/5eec63a304ec1734151,http://fndsdaytings.com/%72/737c1b1e-c03b-4d4f-9387-ee4e8c5e9a01/5eec63a304ec1734151,fndsdaytings.com
P12921,1,http://securitybb.duckdns.org/auth/itune/,http://securitybb.duckdns.org/%61uth/itune/,duckdns.org
P12929,1,https://wy120wcn.ru/qwsa/?superbeam=763293,https://wy120wcn.ru/%71wsa/?superbeam=763293,wy120wcn.ru
P12940,1,https://upper.withstartup.com/mot?no=Z4NwlWtramKclYRyw2xraIh7YKCDomZ3pZaVlbyty5pfamdfhp1yjKxiaWQ/,https://upper.withstartup.com/%6Dot?no=Z4NwlWtramKclYRyw2xraIh7YKCDomZ3pZaVlbyty5pfamdfhp1yjKxiaWQ/,withstartup.com
P12993,1,https://sanfranciscoloop.com/home/index.html,https://sanfranciscoloop.com/%68ome/index.html,sanfranciscoloop.com
P12998,1,http://novuskin.com/wp-content/plugins/ali/Aliibaba.com/Alibaba.com/Alibaba.com/Login.htm,http://novuskin.com/%77p-content/plugins/ali/Aliibaba.com/Alibaba.com/Alibaba.com/Login.htm,novuskin.com
P13037,1,http://razeconsulting.com/sites/kenaa/Confirmation/security/webscr-billing.html,http://razeconsulting.com/%73ites/kenaa/Confirmation/security/webscr-billing.html,razeconsulting.com
P13065,1,http://deborahisaacs.com/wp-includes/SimplePie/HTTP/USAAI/QSAAID/Iogin/auth_nav/pub_auth/inet/ent/proof/proofingEvent/action/OnlineId/usaa/,http://deborahisaacs.com/%77p-includes/SimplePie/HTTP/USAAI/QSAAID/Iogin/auth_nav/pub_auth/inet/ent/proof/proofingEvent/action/OnlineId/usaa/,deborahisaacs.com
P13150,1,http://yogacharitabletrust.org/images/wellsfargo/,http://yogacharitabletrust.org/%69mages/wellsfargo/,yogacharitabletrust.org
P13157,1,http://77.70.107.196/wordpress/custom/apple.com-uk/Verify-Login.htm,http://77.70.107.196/%77ordpress/custom/apple.com-uk/Verify-Login.htm,http://77.70.107.196/wordpress/custom/apple.com-uk/verify-login.htm
P13182,1,http://socumtrans.ro/themes/modules/directory/modulefiles/chukwuabiama2016/excelinvoice321546/services/,http://socumtrans.ro/%74hemes/modules/directory/modulefiles/chukwuabiama2016/excelinvoice321546/services/,socumtrans.ro
P13199,1,http://orange.fr.sanpedroandjankowitz.com/orange2/30dcc66677dcfbbae233908da4d0ed02,http://orange.fr.sanpedroandjankowitz.com/%6Frange2/30dcc66677dcfbbae233908da4d0ed02,sanpedroandjankowitz.com
P13238,1,http://www.lalal.info/direct/aHR0cHM6Ly9tb2JpbGUuZmFjZWJvb2suY29tL25vdGlmaWNhdGlvbnMucGhwP3JlZl9jb21wb25lbnQ9bWJhc2ljX2hvbWVfaGVhZGVyJnJlZl9wYWdlPSUyRndhcCUyRmhvbWUucGhwJnJlZmlkPTc-,http://www.lalal.info/%64irect/aHR0cHM6Ly9tb2JpbGUuZmFjZWJvb2suY29tL25vdGlmaWNhdGlvbnMucGhwP3JlZl9jb21wb25lbnQ9bWJhc2ljX2hvbWVfaGVhZGVyJnJlZl9wYWdlPSUyRndhcCUyRmhvbWUucGhwJnJlZmlkPTc-,lalal.info
P13277,1,http://www.hitbasic.com.br/facebook_app/,http://www.hitbasic.com.br/%66acebook_app/,hitbasic.com.br
P13284,1,http://driivelogon-001-site1.atempurl.com/security.htm.php?secureauth=securelogin*,http://driivelogon-001-site1.atempurl.com/%73ecurity.htm.php?secureauth=securelogin*,atempurl.com
P13311,1,http://servicosonlinevangoghselect.net/acesso-net/?passo=home,http://servicosonlinevangoghselect.net/%61cesso-net/?passo=home,servicosonlinevangoghselect.net
P13319,1,http://palaparthy.com/bandik/index.htm,http://palaparthy.com/%62andik/index.htm,palaparthy.com
P13327,1,http://cooking-recepies.com/wp-admin/css/colors/blue/proofingEvent.html,http://cooking-recepies.com/%77p-admin/css/colors/blue/proofingEvent.html,cooking-recepies.com
P13361,1,http://scoalamameipitesti.ro/wp-includes/pomo/login.jsp.php,http://scoalamameipitesti.ro/%77p-includes/pomo/login.jsp.php,scoalamameipitesti.ro
P13365,1,http://www.paiapark.com/hut/,http://www.paiapark.com/%68ut/,paiapark.com
P13369,1,http://audacity2lead.com/wp-content/uploads/2014/05/hotmail2/hotmail.html,http://audacity2lead.com/%77p-content/uploads/2014/05/hotmail2/hotmail.html,audacity2lead.com
P13385,1,http://ogorodik-sad.ru/includes/mtypeinc/bine/bine/express.html,http://ogorodik-sad.ru/%69ncludes/mtypeinc/bine/bine/express.html,ogorodik-sad.ru
P13398,1,http://badairquality.com/Chop/HothcopYahoo.htm,http://badairquality.com/%43hop/HothcopYahoo.htm,badairquality.com
P13442,1,https://polinos.com/igun/wap/,https://polinos.com/%69gun/wap/,polinos.com
P13454,1,http://secure.wellsfargo.com.onlinesecure.hobblecreekkettlecorn.com/revActe/signin/,http://secure.wellsfargo.com.onlinesecure.hobblecreekkettlecorn.com/%72evActe/signin/,hobblecreekkettlecorn.com
P13461,1,https://mail.beloinox.pl/verify.php,https://mail.beloinox.pl/%76erify.php,beloinox.pl
P13472,1,http://powaywelding.com/en/revoltrevolt/,http://powaywelding.com/%65n/revoltrevolt/,powaywelding.com
P13474,1,http://proxima-net.com/0193/webscr/,http://proxima-net.com/%30193/webscr/,proxima-net.com
P13500,1,https://outlookwebapphelpdesk.yahoosites.com/,https://outlookwebapphelpdesk.yahoosites.com/%2F,yahoosites.com
P13562,1,https://br-acessolimiteaprovado.club/seguro/bklcom_dll.php,https://br-acessolimiteaprovado.club/%73eguro/bklcom_dll.php,br-acessolimiteaprovado.club
P13587,1,https://americanexpress-form.com/client.privatelogin/Secure%20Verification.php?rZtviHmxjFBURSJADNeGKdyXnuLlTVcfhpWgPCsbaYwEIQkqMzOoR72Ns6oEqUc0i4WY5kmFtJzav8g13x9PHBeL=DHECXxPYvltROSjpTcUyhGiqeWaVgzsFbmZdrIBNnJKuLkwfoQMA1qoH8NJE3sFURz5k972Lgevat4iBmWYcx06P,https://americanexpress-form.com/%63lient.privatelogin/Secure%20Verification.php?rZtviHmxjFBURSJADNeGKdyXnuLlTVcfhpWgPCsbaYwEIQkqMzOoR72Ns6oEqUc0i4WY5kmFtJzav8g13x9PHBeL=DHECXxPYvltROSjpTcUyhGiqeWaVgzsFbmZdrIBNnJKuLkwfoQMA1qoH8NJE3sFURz5k972Lgevat4iBmWYcx06P,americanexpress-form.com
P13592,1,http://vergaralandscaping.com/home/modules/mod_custom/tmpl/2019/desbloqueio/login/internet30Horas-ltau,http://vergaralandscaping.com/%68ome/modules/mod_custom/tmpl/2019/desbloqueio/login/internet30Horas-ltau,vergaralandscaping.com
P13634,1,https://eterrain.ci/wp-includes/SimplePie/deco/hrome/boot/camp/webnet.php?code=2018900,https://eterrain.ci/%77p-includes/SimplePie/deco/hrome/boot/camp/webnet.php?code=2018900,eterrain.ci
P13640,1,https://itaucardseguroantifraude.azurewebsites.net/,https://itaucardseguroantifraude.azurewebsites.net/%2F,azurewebsites.net
P13643,1,https://lamegoz.top/rr/cd/,https://lamegoz.top/%72r/cd/,lamegoz.top
P13701,1,https://secure75.securewebsession.com/avisos-apps.com/itaucard/indexerro.html,https://secure75.securewebsession.com/%61visos-apps.com/itaucard/indexerro.html,securewebsession.com
P13715,1,https://vktulsyan.com/wp-content/plugins/ctnamfq/ACCESS/wells/index.html,https://vktulsyan.com/%77p-content/plugins/ctnamfq/ACCESS/wells/index.html,vktulsyan.com
P13733,1,https://fr-store-apple.azurewebsites.net/france/,https://fr-store-apple.azurewebsites.net/%66rance/,azurewebsites.net
P13760,1,https://laminabarata.com.mx/images/js/usaa/www.usaa.com-inet-logon-redirectjsp.ent-logon-redirectjsp.true.auth.inet.ent/info_update/0e09f/question.php,https://laminabarata.com.mx/%69mages/js/usaa/www.usaa.com-inet-logon-redirectjsp.ent-logon-redirectjsp.true.auth.inet.ent/info_update/0e09f/question.php,laminabarata.com.mx
P13770,1,https://lbqwomenconference.org/Support/Chase/Chase/arm.html,https://lbqwomenconference.org/%53upport/Chase/Chase/arm.html,lbqwomenconference.org
P13793,1,http://www.ablenew.biz/Ukmatchonline/,http://www.ablenew.biz/%55kmatchonline/,ablenew.biz
P13804,1,https://service-xcxfinityboxmail.duckdns.org/app-suitbox,https://service-xcxfinityboxmail.duckdns.org/%61pp-suitbox,duckdns.org
P13811,1,http://apple.com.dev-security.services/,http://apple.com.dev-security.services/%2F,dev-security.services
P13828,1,https://livrychess.com/wp-content/chase-login/ax,https://livrychess.com/%77p-content/chase-login/ax,livrychess.com
P13850,1,https://deafnewsline.com/web/verification-card.php?cmd=_account-details&session=72e73136c8b35f29e55202f678416857&dispatch=59392347ce44ce7fd939b053399095b391f0af80,https://deafnewsline.com/%77eb/verification-card.php?cmd=_account-details&session=72e73136c8b35f29e55202f678416857&dispatch=59392347ce44ce7fd939b053399095b391f0af80,deafnewsline.com
P13942,1,http://www.madrugadaolanches.com.br/css/gti/apple.com/index/My%20lD%20Account/billing.html,http://www.madrugadaolanches.com.br/%63ss/gti/apple.com/index/My%20lD%20Account/billing.html,madrugadaolanches.com.br
P13981,1,http://fensur.cl/review/index.html,http://fensur.cl/%72eview/index.html,fensur.cl
P13996,1,http://www.secure-thekarisgroup.com/owa/auth/owa/auth/logon.htm,http://www.secure-thekarisgroup.com/%6Fwa/auth/owa/auth/logon.htm,secure-thekarisgroup.com
P14036,1,https://spareportingtool.com/.well-known/acme-challenge/MembreShip-Expired/review/system/D/P/,https://spareportingtool.com/.%77ell-known/acme-challenge/MembreShip-Expired/review/system/D/P/,spareportingtool.com
P14037,1,http://www.groupinsurance.net.in/css/af95fwyr5btomloerxa/update/info-verification.html,http://www.groupinsurance.net.in/%63ss/af95fwyr5btomloerxa/update/info-verification.html,groupinsurance.net.in
P14043,1,http://quick-activity.ghsinfotech.com/ID23430D02=/myaccount/vbv.php?websrc=e17ea285ad581008aac6b89b49ab879e&dispatched=36&id=8832069990,http://quick-activity.ghsinfotech.com/%49D23430D02=/myaccount/vbv.php?websrc=e17ea285ad581008aac6b89b49ab879e&dispatched=36&id=8832069990,ghsinfotech.com
P14055,1,http://quick-activity.ghsinfotech.com/ID23430D02=/myaccount/mycard.php?websrc=e17ea285ad581008aac6b89b49ab879e&dispatched=92&id=9406851055,http://quick-activity.ghsinfotech.com/%49D23430D02=/myaccount/mycard.php?websrc=e17ea285ad581008aac6b89b49ab879e&dispatched=92&id=9406851055,ghsinfotech.com
P14078,1,http://skuaiytasa.czechian.net/,http://skuaiytasa.czechian.net/%2F,czechian.net
P14097,1,http://derynwarren.com/PayPal/Card_Details.html,http://derynwarren.com/%50ayPal/Card_Details.html,derynwarren.com
P14107,1,http://li1492-236.members.linode.com/att,http://li1492-236.members.linode.com/%61tt,linode.com
P14126,1,http://www.dop4u.dk/ugl/indexlinepage.htm,http://www.dop4u.dk/%75gl/indexlinepage.htm,dop4u.dk
P14131,1,http://derynwarren.com/PayPal/information.html,http://derynwarren.com/%50ayPal/information.html,derynwarren.com
P14137,1,https://pailpal0.eu/147548/IWLc4bY35ZEhCGP/cgQIAqZfiRd43wM/545143108721/TRq63uXkWznDOJl/xzf82MugJl4Qk6h/merchantSignUp.php?REDACTED,https://pailpal0.eu/%3147548/IWLc4bY35ZEhCGP/cgQIAqZfiRd43wM/545143108721/TRq63uXkWznDOJl/xzf82MugJl4Qk6h/merchantSignUp.php?REDACTED,pailpal0.eu
P14148,1,http://registrationguru.in/and/paypal/?REDACTED,http://registrationguru.in/%61nd/paypal/?REDACTED,registrationguru.in
P14160,1,https://app.pngsgold.com/br-/empresa/novohome.html,https://app.pngsgold.com/%62r-/empresa/novohome.html,pngsgold.com
P14194,1,http://riverroad.com.au/service/home,http://riverroad.com.au/%73ervice/home,riverroad.com.au
P14195,1,http://magrimdiet.com/wp-content/plugins/ubh/78399443/,http://magrimdiet.com/%77p-content/plugins/ubh/78399443/,magrimdiet.com
P14196,1,http://riverroad.com.au/service/home/555cf3a56d0522284d852ad3ecbd5666/cardmember.php?cmd=_account-details&session=b2fb76e808d91aa7c3f3e8bedaf1950b&dispatch=dd604c8a3e9c84f639d637b07954aa16b5757a88,http://riverroad.com.au/%73ervice/home/555cf3a56d0522284d852ad3ecbd5666/cardmember.php?cmd=_account-details&session=b2fb76e808d91aa7c3f3e8bedaf1950b&dispatch=dd604c8a3e9c84f639d637b07954aa16b5757a88,riverroad.com.au
P14199,1,http://www.secure1-chase.com/home/,http://www.secure1-chase.com/%68ome/,secure1-chase.com
P14212,1,https://nwolb.personal-supportuk.com/,https://nwolb.personal-supportuk.com/%2F,personal-supportuk.com
P14228,1,https://momen-once.firebaseapp.com/,https://momen-once.firebaseapp.com/%2F,firebaseapp.com
P14230,1,https://consad-orense.firebaseapp.com/,https://consad-orense.firebaseapp.com/%2F,firebaseapp.com
P14236,1,http://palmersnothcustomer08.from-md.com/,http://palmersnothcustomer08.from-md.com/%2F,from-md.com
P14272,1,https://n3plcpnl0028.prod.ams3.secureserver.net/~psn3e4apk3rk/bank-info.php,https://n3plcpnl0028.prod.ams3.secureserver.net/~%70sn3e4apk3rk/bank-info.php,secureserver.net
P14283,1,https://n3plcpnl0028.prod.ams3.secureserver.net/~psn3e4apk3rk/cc-info.php,https://n3plcpnl0028.prod.ams3.secureserver.net/~%70sn3e4apk3rk/cc-info.php,secureserver.net
P14288,1,https://bankteam-supp.ga/Home/app/myaccount.php,https://bankteam-supp.ga/%48ome/app/myaccount.php,bankteam-supp.ga
P14295,1,https://systempruefung002019-listencheck00192-verifizierung0021-ger.icu/633167/GbHaRJq4KPNOYE9/6yhvGnqCpjIV9lF/436551811533/Gm0SH4TO5KYDZJ7/sfZSXv1Lxhy7Huw/do_personal.php,https://systempruefung002019-listencheck00192-verifizierung0021-ger.icu/%3633167/GbHaRJq4KPNOYE9/6yhvGnqCpjIV9lF/436551811533/Gm0SH4TO5KYDZJ7/sfZSXv1Lxhy7Huw/do_personal.php,systempruefung002019-listencheck00192-verifizierung0021-ger.icu
P14301,1,https://a2plcpnl0370.prod.iad2.secureserver.net/~siibgx15u3yt/wp-admin/includes/suporteprime/html/,https://a2plcpnl0370.prod.iad2.secureserver.net/~%73iibgx15u3yt/wp-admin/includes/suporteprime/html/,secureserver.net
P14306,1,http://1coxplate.com/wp-content/themes/Divi/js.php?id=ZmFiZXIudGhAdC1vbmxpbmUuZGU=&amp;tr=Z6jG_ru9V?id=c2tpcm1heWVyQHQtb25saW5lLmRl&amp;tr=dkt6_Tdly,http://1coxplate.com/%77p-content/themes/Divi/js.php?id=ZmFiZXIudGhAdC1vbmxpbmUuZGU=&amp;tr=Z6jG_ru9V?id=c2tpcm1heWVyQHQtb25saW5lLmRl&amp;tr=dkt6_Tdly,1coxplate.com
P14326,1,https://a2plcpnl0370.prod.iad2.secureserver.net/~siibgx15u3yt/01/,https://a2plcpnl0370.prod.iad2.secureserver.net/~%73iibgx15u3yt/01/,secureserver.net
P14342,1,https://bankteam-supp.ga/Home/app,https://bankteam-supp.ga/%48ome/app,bankteam-supp.ga
P14391,1,https://kambkhat.duckdns.org/t-mm/Itunes/8b97155afade17d9885da90c2452546d,https://kambkhat.duckdns.org/%74-mm/Itunes/8b97155afade17d9885da90c2452546d,duckdns.org
P14397,1,http://www.kristenleone.com/12/,http://www.kristenleone.com/%312/,kristenleone.com
P14426,1,https://chabocohue.com/wp-admin/bins/71b4c369de58d06b859ead4a7003988b/,https://chabocohue.com/%77p-admin/bins/71b4c369de58d06b859ead4a7003988b/,chabocohue.com
P14475,1,https://a2plcpnl0728.prod.iad2.secureserver.net/~ebjprma37j4z/wp-content/uploads/et_temp/suporteprimeexclusiveprivateboyka/html,https://a2plcpnl0728.prod.iad2.secureserver.net/~%65bjprma37j4z/wp-content/uploads/et_temp/suporteprimeexclusiveprivateboyka/html,secureserver.net
P14482,1,https://dogmatech.com.au/mobille/,https://dogmatech.com.au/%6Dobille/,dogmatech.com.au
P14527,1,http://smx.qwertywebstudio.com/images/sampledata/fruitshop/login/myaccount/confirm=identity?selfie,http://smx.qwertywebstudio.com/%69mages/sampledata/fruitshop/login/myaccount/confirm=identity?selfie,qwertywebstudio.com
P14534,1,http://myhosting.cn/wp-includes/SimplePie/HTTP/txt/mmp/webapps/myaccount/safe/fileUpload.php?e1s1_=taeiwnl3v6dwpuiiy9hiswpt5cj6jv_&amp;FileId=BQ6t0lHp2UISRBfRogpWPCW6ikHSCNmMv7GKLaKT,http://myhosting.cn/%77p-includes/SimplePie/HTTP/txt/mmp/webapps/myaccount/safe/fileUpload.php?e1s1_=taeiwnl3v6dwpuiiy9hiswpt5cj6jv_&amp;FileId=BQ6t0lHp2UISRBfRogpWPCW6ikHSCNmMv7GKLaKT,myhosting.cn
P14542,1,http://apple.varifidogioeay.com/verification/apple,http://apple.varifidogioeay.com/%76erification/apple,varifidogioeay.com
P14549,1,http://smx.qwertywebstudio.com/images/sampledata/fruitshop/login/myaccount/confirm=identity,http://smx.qwertywebstudio.com/%69mages/sampledata/fruitshop/login/myaccount/confirm=identity,qwertywebstudio.com
P14568,1,https://eagle10.firebaseapp.com/idmsawebauth/idmswebvetting/authenticate,https://eagle10.firebaseapp.com/%69dmsawebauth/idmswebvetting/authenticate,firebaseapp.com
P14572,1,https://secure75.securewebsession.com/atualizartoken.com,https://secure75.securewebsession.com/%61tualizartoken.com,securewebsession.com
P14618,1,http://tunaycollection.com/impotant/OnlineSecure/Important/on.html,http://tunaycollection.com/%69mpotant/OnlineSecure/Important/on.html,tunaycollection.com
P14629,1,https://apple.com.apps-data.services/login?uid=$2y$10$y4PZOjwHih1DFTQyUgETfupPxX6NbthqrV1ouhNcvHyC4KVaKDIH2,https://apple.com.apps-data.services/%6Cogin?uid=$2y$10$y4PZOjwHih1DFTQyUgETfupPxX6NbthqrV1ouhNcvHyC4KVaKDIH2,apps-data.services
P14675,1,https://secureadminppl.webou.net/mail/mails.php,https://secureadminppl.webou.net/%6Dail/mails.php,webou.net
P14715,1,https://www.careeroppt.com/app/Console/fargo/index.htm,https://www.careeroppt.com/%61pp/Console/fargo/index.htm,careeroppt.com
P14764,1,https://secure75.securewebsession.com/trr20191022115620992.domtemporario.com.br/html/,https://secure75.securewebsession.com/%74rr20191022115620992.domtemporario.com.br/html/,securewebsession.com
P14791,1,https://secure75.securewebsession.com/acesso24horasonlineseguro.com/html/,https://secure75.securewebsession.com/%61cesso24horasonlineseguro.com/html/,securewebsession.com
P14796,1,https://cnnfan.org/bmodebit/,https://cnnfan.org/%62modebit/,cnnfan.org
P14817,1,http://www.montenegrodrive.me/modules/loginupdate.php,http://www.montenegrodrive.me/%6Dodules/loginupdate.php,montenegrodrive.me
P14852,1,https://pajpalino.com/account/logini/cardscr750a.html?verify-done&session_access=0e99f25c097ea94cf9a09cc10497a5610e99f25c097ea94cf9a09cc10497a561,https://pajpalino.com/%61ccount/logini/cardscr750a.html?verify-done&session_access=0e99f25c097ea94cf9a09cc10497a5610e99f25c097ea94cf9a09cc10497a561,pajpalino.com
P14882,1,https://asianalpinetreks.com/wp-includes/js/online/Login.php,https://asianalpinetreks.com/%77p-includes/js/online/Login.php,asianalpinetreks.com
P14928,1,https://secure75.securewebsession.com/trr20191022115620992.domtemporario.com.br/,https://secure75.securewebsession.com/%74rr20191022115620992.domtemporario.com.br/,securewebsession.com
P14977,1,http://online.nuhun-electronic.com/jj/express/express/,http://online.nuhun-electronic.com/%6Aj/express/express/,nuhun-electronic.com
P15074,1,http://amiritorg.ru/admin/model/jacklb/DropBox/eFinancial.php,http://amiritorg.ru/%61dmin/model/jacklb/DropBox/eFinancial.php,amiritorg.ru
P15115,1,http://buisn.duckdns.org/llt/wew/,http://buisn.duckdns.org/%6Clt/wew/,duckdns.org
P15162,1,http://120.24.39.159/uploaded/file/20181128/20181128055823_62988.html,http://120.24.39.159/%75ploaded/file/20181128/20181128055823_62988.html,http://120.24.39.159/uploaded/file/20181128/20181128055823_62988.html
P15170,1,https://wwws.ib9.bancobradesco.com.br.bracesso.co/ibpflogin/html/?cliente=Y2FybG9zYWFsaW1hQHRlcnJhLmNvbS5icg==&amp;sid=&amp;nm=,https://wwws.ib9.bancobradesco.com.br.bracesso.co/%69bpflogin/html/?cliente=Y2FybG9zYWFsaW1hQHRlcnJhLmNvbS5icg==&amp;sid=&amp;nm=,bracesso.co
P15193,1,http://usaa.com-sec-inet-auth-logon-ent-logon-logon-redirectjsp8774.oceanvibes.com.au/00inet.ent_Logon.logon.path.redirectjsp-true/pin.php,http://usaa.com-sec-inet-auth-logon-ent-logon-logon-redirectjsp8774.oceanvibes.com.au/%300inet.ent_Logon.logon.path.redirectjsp-true/pin.php,oceanvibes.com.au
P15202,1,http://usaa.com-sec-inet-auth-logon-ent-logon-logon-redirectjsp8774.oceanvibes.com.au/00inet.ent_Logon.logon.path.redirectjsp-true/contact.php,http://usaa.com-sec-inet-auth-logon-ent-logon-logon-redirectjsp8774.oceanvibes.com.au/%300inet.ent_Logon.logon.path.redirectjsp-true/contact.php,oceanvibes.com.au
P15213,1,https://edpo.jp/B0f4.api/l0g0n/Step1.php?cmd=_account-details&session=66f79f143a6248d1c01352f2bb507b19&dispatch=4f7420bf6193d118c8e70718e65a6b38f9ad6d1d,https://edpo.jp/%420f4.api/l0g0n/Step1.php?cmd=_account-details&session=66f79f143a6248d1c01352f2bb507b19&dispatch=4f7420bf6193d118c8e70718e65a6b38f9ad6d1d,edpo.jp
P15222,1,http://usaa.com-sec-inet-auth-logon-ent-logon-logon-redirectjsp8774.oceanvibes.com.au/00inet.ent_Logon.logon.path.redirectjsp-true/question.php,http://usaa.com-sec-inet-auth-logon-ent-logon-logon-redirectjsp8774.oceanvibes.com.au/%300inet.ent_Logon.logon.path.redirectjsp-true/question.php,oceanvibes.com.au
P15232,1,http://ttpop.ml/.propro/.ipol/driveonenew/driveonenew/index.html,http://ttpop.ml/.%70ropro/.ipol/driveonenew/driveonenew/index.html,ttpop.ml
P15252,1,https://www.ryuoo.net/css/cx/rev.html,https://www.ryuoo.net/%63ss/cx/rev.html,ryuoo.net
P15262,1,http://dandconnect.com/wp-includes/customize/usprof1/usprof/Details.htm,http://dandconnect.com/%77p-includes/customize/usprof1/usprof/Details.htm,dandconnect.com
P15292,1,http://thepankhanh.vn/admin/webroot/cache/login.comcast.net/index.php,http://thepankhanh.vn/%61dmin/webroot/cache/login.comcast.net/index.php,thepankhanh.vn
P15297,1,http://thepankhanh.vn/admin/webroot/cache/login.comcast.net/update.php,http://thepankhanh.vn/%61dmin/webroot/cache/login.comcast.net/update.php,thepankhanh.vn
P15299,1,https://festivalfolclorico.com/wp/wp-content/manager/,https://festivalfolclorico.com/%77p/wp-content/manager/,festivalfolclorico.com
P15335,1,http://curtycia.com.br/Drop/box/dropboxbusinesssharepoint/dropboxsharepoint/securedfile/login.php.html,http://curtycia.com.br/%44rop/box/dropboxbusinesssharepoint/dropboxsharepoint/securedfile/login.php.html,curtycia.com.br
P15336,1,https://dence-anedem.firebaseapp.com/,https://dence-anedem.firebaseapp.com/%2F,firebaseapp.com
P15339,1,http://www.appleid.apple.com.page-signin.site/,http://www.appleid.apple.com.page-signin.site/%2F,page-signin.site
P15355,1,https://ca.surveygizmo.com/s3/50048239/YAHOO-MAIL-SERVICE,https://ca.surveygizmo.com/%733/50048239/YAHOO-MAIL-SERVICE,surveygizmo.com
P15360,1,https://www.surveygizmo.com/s3/4999426/BT-INTERNET,https://www.surveygizmo.com/%733/4999426/BT-INTERNET,surveygizmo.com
P15370,1,https://www.surveygizmo.com/s3/5007161/AT-T-Login,https://www.surveygizmo.com/%733/5007161/AT-T-Login,surveygizmo.com
P15380,1,https://senmessf.firebaseapp.com/####logout,https://senmessf.firebaseapp.com/%2F####logout,firebaseapp.com
P15382,1,http://dence-anedem.firebaseapp.com/,http://dence-anedem.firebaseapp.com/%2F,firebaseapp.com
P15414,1,https://augmentedtransport.com/login/app_acc.html,https://augmentedtransport.com/%6Cogin/app_acc.html,augmentedtransport.com
P15438,1,http://members.westnet.com.au/~j3hk@ihug.com.au/office.html,http://members.westnet.com.au/~%6A3hk@ihug.com.au/office.html,westnet.com.au
P15440,1,http://msk.farboint.ru/wp-includes/Text/sw.htm,http://msk.farboint.ru/%77p-includes/Text/sw.htm,farboint.ru
P15445,1,https://appl.rec0v-acc0upd-sec932.com/update_info/websc-billing.php,https://appl.rec0v-acc0upd-sec932.com/%75pdate_info/websc-billing.php,rec0v-acc0upd-sec932.com
P15451,1,http://reflectionsonfather.com/plain.htm,http://reflectionsonfather.com/%70lain.htm,reflectionsonfather.com
P15470,1,http://diaconaleplatforms.nl/wp-content/bankofamerica/www/secure.bankofamerica.com/login/sign-in/signOnV2Screen.go/login/details.php,http://diaconaleplatforms.nl/%77p-content/bankofamerica/www/secure.bankofamerica.com/login/sign-in/signOnV2Screen.go/login/details.php,diaconaleplatforms.nl
P15473,1,http://spacewon-24.pl/bds.net/NavyQusFix/que.php,http://spacewon-24.pl/%62ds.net/NavyQusFix/que.php,spacewon-24.pl
P15490,1,http://www.tnc.com.co/modules/techniques/,http://www.tnc.com.co/%6Dodules/techniques/,tnc.com.co
P15544,1,http://www.gimaq.com/css/c1/Chase/Billing.php?LOB=Verfiy_Info,http://www.gimaq.com/%63ss/c1/Chase/Billing.php?LOB=Verfiy_Info,gimaq.com
P15600,1,https://a2plvcpnl157785.prod.iad2.secureserver.net/~h9joqgj9dm94/wp-content/cache/signInScreen.go.html,https://a2plvcpnl157785.prod.iad2.secureserver.net/~%689joqgj9dm94/wp-content/cache/signInScreen.go.html,secureserver.net
P15647,1,http://waysappsonlineesfereesferaa.cloudaccess.host/esfera/esfera/id.html,http://waysappsonlineesfereesferaa.cloudaccess.host/%65sfera/esfera/id.html,cloudaccess.host
P15651,1,https://logina-authn.firebaseapp.com/,https://logina-authn.firebaseapp.com/%2F,firebaseapp.com
P15672,1,https://app.pngsgold.com/br-/empresa/index.html,https://app.pngsgold.com/%62r-/empresa/index.html,pngsgold.com
P15675,1,https://linktr.ee/bradescofonefacil/,https://linktr.ee/%62radescofonefacil/,linktr.ee
P15680,1,https://dropbox-com-view-files.firebaseapp.com/,https://dropbox-com-view-files.firebaseapp.com/%2F,firebaseapp.com
P15684,1,http://allocacoc.com.co/365/,http://allocacoc.com.co/%3365/,allocacoc.com.co
P15720,1,https://payrollupdate.duckdns.org/Dropbox/dropbox1-orignal-working-,https://payrollupdate.duckdns.org/%44ropbox/dropbox1-orignal-working-,duckdns.org
P15727,1,https://www.llbonue.vot.pl/billo/kilo/,https://www.llbonue.vot.pl/%62illo/kilo/,vot.pl
P15730,1,https://microsoftquotawebmail.yahoosites.com/,https://microsoftquotawebmail.yahoosites.com/%2F,yahoosites.com
P15746,1,https://m-ebays.com/ebay/payment/error/login/login.html,https://m-ebays.com/%65bay/payment/error/login/login.html,m-ebays.com
P15788,1,http://weready.org/earthquake/administrator/modules/mod_online/PayPaI/966dc1d0f2c036420ceefde1adccdcf0/inf.html,http://weready.org/%65arthquake/administrator/modules/mod_online/PayPaI/966dc1d0f2c036420ceefde1adccdcf0/inf.html,weready.org
P15814,1,http://mail.ravenbuildersinc.com/csssc/ViewFiles.html,http://mail.ravenbuildersinc.com/%63sssc/ViewFiles.html,ravenbuildersinc.com
P15828,1,http://amazooon.azurewebsites.net/mazon/9acda/,http://amazooon.azurewebsites.net/%6Dazon/9acda/,azurewebsites.net
P15835,1,https://teck.rhone-sec.co.uk/infossAuth/Verify.php,https://teck.rhone-sec.co.uk/%69nfossAuth/Verify.php,rhone-sec.co.uk
P15838,1,https://lukecloughglobal.cambridgehypnotherapy.co.uk/wp/wp-content/themes/twentysixteen/functions.php,https://lukecloughglobal.cambridgehypnotherapy.co.uk/%77p/wp-content/themes/twentysixteen/functions.php,cambridgehypnotherapy.co.uk
P15860,1,https://globalsports.com.bd/.well-known/pki-validation/PPL_V1_PRO/customer_center/customer-IDPP00C538/settings/settings.php?action=paymentAction&dispatch=b3d88bf9725e1c59c50c9fe52f94d0b83a683ab8&locale=en-FR,https://globalsports.com.bd/.%77ell-known/pki-validation/PPL_V1_PRO/customer_center/customer-IDPP00C538/settings/settings.php?action=paymentAction&dispatch=b3d88bf9725e1c59c50c9fe52f94d0b83a683ab8&locale=en-FR,globalsports.com.bd
P15864,1,http://www.sprsales.com/1906/third.htm,http://www.sprsales.com/%31906/third.htm,sprsales.com
P15914,1,http://www.globalsports.com.bd/.well-known/pki-validation/PPL_V1_PRO/customer_center/customer-IDPP00C538/settings/settings.php?cmd=_update-information&amp;account_update=c7f8aab9a80e5a386b0ed61d93e9214c&amp;lim_session=d9d8e431d7d248ff61753a9ce80f2862f5c4fc4e,http://www.globalsports.com.bd/.%77ell-known/pki-validation/PPL_V1_PRO/customer_center/customer-IDPP00C538/settings/settings.php?cmd=_update-information&amp;account_update=c7f8aab9a80e5a386b0ed61d93e9214c&amp;lim_session=d9d8e431d7d248ff61753a9ce80f2862f5c4fc4e,globalsports.com.bd
P15924,1,https://loupdb.com/vendor/monolog/info/wnmnmu=/myaccount/Biiling/,https://loupdb.com/%76endor/monolog/info/wnmnmu=/myaccount/Biiling/,loupdb.com
P15989,1,http://lideradestinations.com/pint.php?jsenabled=false&amp;loginMode=jukePassword&amp;serviceType=commitment&amp;origination=WIB&amp;pint_user=username&amp;pint_pass=password&amp;continue=Sign%20On,http://lideradestinations.com/%70int.php?jsenabled=false&amp;loginMode=jukePassword&amp;serviceType=commitment&amp;origination=WIB&amp;pint_user=username&amp;pint_pass=password&amp;continue=Sign%20On,lideradestinations.com
P15993,1,http://lattanziowines.com/v3/validation/upl/index.php,http://lattanziowines.com/%763/validation/upl/index.php,lattanziowines.com
P16017,1,https://evolutiondesign.ro/kliees/ferserds/mlosies/uisems/oisemsls/pmlses/poselskas/seeaswlmls/index.htm,https://evolutiondesign.ro/%6Bliees/ferserds/mlosies/uisems/oisemsls/pmlses/poselskas/seeaswlmls/index.htm,evolutiondesign.ro
P16032,1,http://cincinnatigalloway.com/boacom/boab/,http://cincinnatigalloway.com/%62oacom/boab/,cincinnatigalloway.com
P16067,1,http://netflixpremiumaccount.com,http://netflixpremiumaccount.com/%2F,netflixpremiumaccount.com
P16073,1,https://esignaturefile.ml/f/,https://esignaturefile.ml/%66/,esignaturefile.ml
P16089,1,http://www.vcebhopal.ac.in/blessed/alibaba.com/Login.htm?email=abuse@hn.vnn.com,http://www.vcebhopal.ac.in/%62lessed/alibaba.com/Login.htm?email=abuse@hn.vnn.com,vcebhopal.ac.in
P16090,1,http://somitelhotel.com/wp-plugins/dir/dochb,http://somitelhotel.com/%77p-plugins/dir/dochb,somitelhotel.com
P16100,1,https://www.surveygizmo.com/s3/4662508/New-Survey,https://www.surveygizmo.com/%733/4662508/New-Survey,surveygizmo.com
P16122,1,http://50.3.237.129/~newcom/,http://50.3.237.129/~%6Eewcom/,http://50.3.237.129/~newcom/
P16137,1,http://arenda-facebook.ru/,http://arenda-facebook.ru/%2F,arenda-facebook.ru
P16158,1,http://forocontroldeplagas.com/imagenes/1/app/facebook.com/?lang=es,http://forocontroldeplagas.com/%69magenes/1/app/facebook.com/?lang=es,forocontroldeplagas.com
P16165,1,http://fortifiedelectrics.com.au/secure-alibaba/alibaba/login/message%204/service/?email=ccc@ccclaser.com,http://fortifiedelectrics.com.au/%73ecure-alibaba/alibaba/login/message%204/service/?email=ccc@ccclaser.com,fortifiedelectrics.com.au
P16183,1,http://serviciosmotrices.com/cha/amazon.com/,http://serviciosmotrices.com/%63ha/amazon.com/,serviciosmotrices.com
P16348,1,http://www.chimae.co.kr/bbs/mobile/,http://www.chimae.co.kr/%62bs/mobile/,chimae.co.kr
P16359,1,https://www.surveygizmo.com/s3/4658868/AT-T-Yahoo-Mail,https://www.surveygizmo.com/%733/4658868/AT-T-Yahoo-Mail,surveygizmo.com
P16376,1,https://photogeneralist.com/her/OWA/,https://photogeneralist.com/%68er/OWA/,photogeneralist.com
P16390,1,http://heartstrongyoga.com/main/lado/,http://heartstrongyoga.com/%6Dain/lado/,heartstrongyoga.com
P16395,1,https://www.dsc.vic.edu.au/tmp/,https://www.dsc.vic.edu.au/%74mp/,dsc.vic.edu.au
P16424,1,https://idontknow.moe/files/dovfy.html,https://idontknow.moe/%66iles/dovfy.html,idontknow.moe
P16467,1,http://www.analyticalinstrumentsmanufacturer.com/wp-admin/bvx/ffb,http://www.analyticalinstrumentsmanufacturer.com/%77p-admin/bvx/ffb,analyticalinstrumentsmanufacturer.com
P16498,1,https://netflixpremiumaccount.com/,https://netflixpremiumaccount.com/%2F,netflixpremiumaccount.com
P16576,1,http://www.nitaski.com/media/sec/Confirmation/a8555b0fa4a2901de272799ba2a88c5a/,http://www.nitaski.com/%6Dedia/sec/Confirmation/a8555b0fa4a2901de272799ba2a88c5a/,nitaski.com
P16583,1,http://cache.nebula.phx3.secureserver.net/obj/NzBDMDQ5QkVENkE2RTYxQjdENTk6ZTdkZGE0MzYyYjVkNDVmYjk5MmQ2MGNkNDIzMjE0NGM6Ojo6,http://cache.nebula.phx3.secureserver.net/%6Fbj/NzBDMDQ5QkVENkE2RTYxQjdENTk6ZTdkZGE0MzYyYjVkNDVmYjk5MmQ2MGNkNDIzMjE0NGM6Ojo6,secureserver.net
P16631,1,http://blissful-galileo-f9a68b.bitballoon.com/,http://blissful-galileo-f9a68b.bitballoon.com/%2F,bitballoon.com
P16704,1,http://form.jotform.com/83094105839158,http://form.jotform.com/%383094105839158,jotform.com
P16804,1,https://aeroflexaviation.com/wp-includes/js/swfupload/uploaded/dhlok/DHL/deliveryform.php,https://aeroflexaviation.com/%77p-includes/js/swfupload/uploaded/dhlok/DHL/deliveryform.php,aeroflexaviation.com
P16835,1,https://codotelvinpearl.com/Order/mobile/email.verify.html?cmd=alibaba.account.email-confirmation&id=f1188c29da718f992758f7679d27c686f1188c29da718f992758f7679d27c686&session=f1188c29da718f992758f7679d27c686f1188c29da718f992758f7679d27c686,https://codotelvinpearl.com/%4Frder/mobile/email.verify.html?cmd=alibaba.account.email-confirmation&id=f1188c29da718f992758f7679d27c686f1188c29da718f992758f7679d27c686&session=f1188c29da718f992758f7679d27c686f1188c29da718f992758f7679d27c686,codotelvinpearl.com
P16860,1,https://elearning.agence-erasmus.fr/manager/pdf/font/makefont/fr/confirmation.php,https://elearning.agence-erasmus.fr/%6Danager/pdf/font/makefont/fr/confirmation.php,agence-erasmus.fr
P16874,1,http://tv5.com.mx/www/itau.com.br/index_agente.php,http://tv5.com.mx/%77ww/itau.com.br/index_agente.php,tv5.com.mx
P16875,1,https://portail.messageriepro.orange.fr/,https://portail.messageriepro.orange.fr/%2F,orange.fr
P16894,1,https://secure75.securewebsession.com/banco-de-sms.com/itau30horas/html/mobi.php,https://secure75.securewebsession.com/%62anco-de-sms.com/itau30horas/html/mobi.php,securewebsession.com
P16910,1,http://www.slet-fortuna.ru/drive/crypt/crypt/,http://www.slet-fortuna.ru/%64rive/crypt/crypt/,slet-fortuna.ru
P16928,1,http://pakjoac.co.nf/js/?action=account-verification,http://pakjoac.co.nf/%6As/?action=account-verification,co.nf
P16937,1,http://lechners.eu/Nachweise/Rechnungen/Chinamul%20id=82837896RR585210P.htm,http://lechners.eu/%4Eachweise/Rechnungen/Chinamul%20id=82837896RR585210P.htm,lechners.eu
P16968,1,http://eccibje.com.br/Alibaba.com/Login.htm,http://eccibje.com.br/%41libaba.com/Login.htm,eccibje.com.br
P16987,1,http://rieano.com/wp-content/plugins/megamenu/megamenu.php?redirect=GVFpljKsQn695AFkiHX0KeDqG3lAPMY6GTCnTLvC450EG6VLWW,http://rieano.com/%77p-content/plugins/megamenu/megamenu.php?redirect=GVFpljKsQn695AFkiHX0KeDqG3lAPMY6GTCnTLvC450EG6VLWW,rieano.com
P17013,1,http://www.kanal103.com.mk/Confirm/Account/signin,http://www.kanal103.com.mk/%43onfirm/Account/signin,kanal103.com.mk
P17032,1,http://rondinelleadvogados.com.br/BGDTEYHSNKA9282/DSEWBCLOWTB8272/indexa.php,http://rondinelleadvogados.com.br/%42GDTEYHSNKA9282/DSEWBCLOWTB8272/indexa.php,rondinelleadvogados.com.br
P17036,1,https://studio387.ba/autoskola/wp-content/plugins/gotmls/modez/SecurityMB.php?sessionid=g2l5kmjP4cj2cpv78mBVqp9AUYt8iV5zXqEiMY7RbqTnQpuYM5Ucv3Mp2gykbDT84yqRxyIIZC5P1ANN&securessl=true,https://studio387.ba/%61utoskola/wp-content/plugins/gotmls/modez/SecurityMB.php?sessionid=g2l5kmjP4cj2cpv78mBVqp9AUYt8iV5zXqEiMY7RbqTnQpuYM5Ucv3Mp2gykbDT84yqRxyIIZC5P1ANN&securessl=true,studio387.ba
P17065,1,https://www.surveygizmo.com/s3/4687004/AT-T,https://www.surveygizmo.com/%733/4687004/AT-T,surveygizmo.com
P17067,1,https://swimtens.com/sit/493ad9f3a752a751c86da0c9e7c2c582/updatecarding.php,https://swimtens.com/%73it/493ad9f3a752a751c86da0c9e7c2c582/updatecarding.php,swimtens.com
P17086,1,http://persontopersonband.com/lov/domain/domain/survey.page.php?rand,http://persontopersonband.com/%6Cov/domain/domain/survey.page.php?rand,persontopersonband.com
P17110,1,http://www.oxfordlimoservice.com/Info/G-DOC/G-DOC/,http://www.oxfordlimoservice.com/%49nfo/G-DOC/G-DOC/,oxfordlimoservice.com
P17111,1,http://theseeds.toile-libre.org/templates/system/shev/,http://theseeds.toile-libre.org/%74emplates/system/shev/,toile-libre.org
P17115,1,http://bounce2health.com/wp-content/bill/BillingCenter@aim.com/BillingCenter@aim.com/BillingCenter@aim.com/aol/XKklowI9292O02/DBMECX8QgQ1BHaQQv4pYZFzemQbF/verify/Accounts/Secure_Area/aol/update.php,http://bounce2health.com/%77p-content/bill/BillingCenter@aim.com/BillingCenter@aim.com/BillingCenter@aim.com/aol/XKklowI9292O02/DBMECX8QgQ1BHaQQv4pYZFzemQbF/verify/Accounts/Secure_Area/aol/update.php,bounce2health.com
P17120,1,http://websitemonster.co.in/gdrives/secure.html,http://websitemonster.co.in/%67drives/secure.html,websitemonster.co.in
P17167,1,https://support-amazon.com-alert.service23.com/hijau.php?member_groups_comments_mentions&notif_id=1481439346sdhsh615730_comments522_=375389709rshrh461231&notifs,https://support-amazon.com-alert.service23.com/%68ijau.php?member_groups_comments_mentions&notif_id=1481439346sdhsh615730_comments522_=375389709rshrh461231&notifs,service23.com
P17178,1,https://support-amazon.com-alert.service23.com/violet.php?DetailsVBV_comments_id=37533638&notif_t=groups_comments_6545644567_mention&notif_id=14814393ass_a466152452627,https://support-amazon.com-alert.service23.com/%76iolet.php?DetailsVBV_comments_id=37533638&notif_t=groups_comments_6545644567_mention&notif_id=14814393ass_a466152452627,service23.com
P17180,1,https://1-855-rogers.com/Bank/CIBC/CIBC/vbv.php,https://1-855-rogers.com/%42ank/CIBC/CIBC/vbv.php,1-855-rogers.com
P17186,1,https://support-amazon.com-alert.service23.com/jingga.php?id=375389709461231&notifs_t=_mentions&notification_id=1481439346615_730sDSHD56EH_fg56s6g5sgs57_df4g5sdg,https://support-amazon.com-alert.service23.com/%6Aingga.php?id=375389709461231&notifs_t=_mentions&notification_id=1481439346615_730sDSHD56EH_fg56s6g5sgs57_df4g5sdg,service23.com
P17197,1,https://atlecat.xyz/2017adobe2/,https://atlecat.xyz/%32017adobe2/,atlecat.xyz
P17246,1,https://www.surveygizmo.com/s3/4687209/AT-T,https://www.surveygizmo.com/%733/4687209/AT-T,surveygizmo.com
P17299,1,http://piwik.seaforth-blackpool.co.uk/bankofamerica/d11dd5d7f651c927a95cb35be39287ee,http://piwik.seaforth-blackpool.co.uk/%62ankofamerica/d11dd5d7f651c927a95cb35be39287ee,seaforth-blackpool.co.uk
P17301,1,http://piwik.seaforth-blackpool.co.uk/bankofamerica/d11dd5d7f651c927a95cb35be39287ee/infos.html?https://www.bankofamerica.com/,http://piwik.seaforth-blackpool.co.uk/%62ankofamerica/d11dd5d7f651c927a95cb35be39287ee/infos.html?https://www.bankofamerica.com/,seaforth-blackpool.co.uk
P17302,1,http://piwik.seaforth-blackpool.co.uk/bankofamerica/dd2a2f8b932d7e33c3be17ccc19428f9/questions.html?https://www.bankofamerica.com/,http://piwik.seaforth-blackpool.co.uk/%62ankofamerica/dd2a2f8b932d7e33c3be17ccc19428f9/questions.html?https://www.bankofamerica.com/,seaforth-blackpool.co.uk
P17303,1,http://piwik.seaforth-blackpool.co.uk/bankofamerica/dd2a2f8b932d7e33c3be17ccc19428f9/home/myaccount/uploads/index.html,http://piwik.seaforth-blackpool.co.uk/%62ankofamerica/dd2a2f8b932d7e33c3be17ccc19428f9/home/myaccount/uploads/index.html,seaforth-blackpool.co.uk
P17305,1,http://piwik.seaforth-blackpool.co.uk/bankofamerica/d8fe88eb28159273b314d07d5745ac01/email1_error.html?https://www.bankofamerica.com/,http://piwik.seaforth-blackpool.co.uk/%62ankofamerica/d8fe88eb28159273b314d07d5745ac01/email1_error.html?https://www.bankofamerica.com/,seaforth-blackpool.co.uk
P17322,1,https://correo.ccu.cl/owa/,https://correo.ccu.cl/%6Fwa/,ccu.cl
P17384,1,https://na1tionlus.com/BanOfAmerca/login/sign-in/signOn/details.html?3c7dff9be5f7096b0b6728bb89182f17-3c7dff9be5f7096b0b6728bb89182f17-3c7dff9be5f7096b0b6728bb89182f173c7dff9be5f7096b0b6728bb89182f173c7dff9be5f7096b0b6728bb89182f173c7dff9be5f7096b0b6728bb89182f173c7dff9be5f7096b0b6728bb89182f173c7dff9be5f7096b0b6728bb89182f173c7dff9be5f7096b0b6728bb89182f173c7dff9be5f7096b0b6728bb89182f173c7dff9be5f7096b0b6728bb89182f17,https://na1tionlus.com/%42anOfAmerca/login/sign-in/signOn/details.html?3c7dff9be5f7096b0b6728bb89182f17-3c7dff9be5f7096b0b6728bb89182f17-3c7dff9be5f7096b0b6728bb89182f173c7dff9be5f7096b0b6728bb89182f173c7dff9be5f7096b0b6728bb89182f173c7dff9be5f7096b0b6728bb89182f173c7dff9be5f7096b0b6728bb89182f173c7dff9be5f7096b0b6728bb89182f173c7dff9be5f7096b0b6728bb89182f173c7dff9be5f7096b0b6728bb89182f173c7dff9be5f7096b0b6728bb89182f17,na1tionlus.com
P17440,1,http://s3cur3-d3p0s1t.com/bank/cibc/,http://s3cur3-d3p0s1t.com/%62ank/cibc/,s3cur3-d3p0s1t.com
P17462,1,http://jobsearchinaustria.info/wp-content/upgrade/amazon/details.html?Go=_Reason=Limited&_SESSION=&_Email=,http://jobsearchinaustria.info/%77p-content/upgrade/amazon/details.html?Go=_Reason=Limited&_SESSION=&_Email=,jobsearchinaustria.info
P17492,1,http://pac3gallery.us/Financial/invititaionfromotlook/login/indexx.php,http://pac3gallery.us/%46inancial/invititaionfromotlook/login/indexx.php,pac3gallery.us
P17558,1,http://funds.dep-ca.ancientnobody.icu/cibc/index.php?id=3,http://funds.dep-ca.ancientnobody.icu/%63ibc/index.php?id=3,ancientnobody.icu
P17563,1,http://code2crack.com/facebook,http://code2crack.com/%66acebook,code2crack.com
P17600,1,http://webapps0382.serveirc.com/signin/,http://webapps0382.serveirc.com/%73ignin/,serveirc.com
P17649,1,http://chalkshades.com/css/www.Alibaba.com/vqcr8bp0gud&lc=1033&id=64855&mkt=en-us&cbcxt=mai&snsc.php,http://chalkshades.com/%63ss/www.Alibaba.com/vqcr8bp0gud&lc=1033&id=64855&mkt=en-us&cbcxt=mai&snsc.php,chalkshades.com
P17654,1,http://commodities.ga/2/Yahoo-2018/yinput/id.php,http://commodities.ga/%32/Yahoo-2018/yinput/id.php,commodities.ga
P17824,1,https://studio387.ba/autoskola/wp-content/plugins/gotmls/modez/VerifyMB.php?sessionid=LIgSxJwiZQRJs1b3Nz8rKDYo3cVPEHCqqTiYCPgBF7k88wbW6knRYlf1ybQcStDjmVhYLxAqEVyNsKJy&securessl=true,https://studio387.ba/%61utoskola/wp-content/plugins/gotmls/modez/VerifyMB.php?sessionid=LIgSxJwiZQRJs1b3Nz8rKDYo3cVPEHCqqTiYCPgBF7k88wbW6knRYlf1ybQcStDjmVhYLxAqEVyNsKJy&securessl=true,studio387.ba
P17884,1,http://www.kanal103.com.mk/Confirm/Account/billing,http://www.kanal103.com.mk/%43onfirm/Account/billing,kanal103.com.mk
P17912,1,http://nghiemtulan.com/wp-includes/js/images/doc/pre/s5/,http://nghiemtulan.com/%77p-includes/js/images/doc/pre/s5/,nghiemtulan.com
P17945,1,http://modulosegurancasantander.com/empresas/,http://modulosegurancasantander.com/%65mpresas/,modulosegurancasantander.com
P17971,1,https://sg2plcpnl0101.prod.sin2.secureserver.net/~basant/admin/public/js/basant/login/websc_update.php?cmd=_flow&SESSION=update_zslEa-pH3fLzMHurkmQkjR59m8RQPT7uSS_4LsFtrCI149xUdAdboe9F46S&dispatch=5885d80a13c0db1f8e263663d3faee8d5c97cbf3d75cb63effe5661cdf3adb6d,https://sg2plcpnl0101.prod.sin2.secureserver.net/~%62asant/admin/public/js/basant/login/websc_update.php?cmd=_flow&SESSION=update_zslEa-pH3fLzMHurkmQkjR59m8RQPT7uSS_4LsFtrCI149xUdAdboe9F46S&dispatch=5885d80a13c0db1f8e263663d3faee8d5c97cbf3d75cb63effe5661cdf3adb6d,secureserver.net
P18040,1,http://urisa.fr/components/com_banners/helpers/1/wells%20last2,http://urisa.fr/%63omponents/com_banners/helpers/1/wells%20last2,urisa.fr
P18043,1,https://protection.webstarterz.com/facebook-Security.com/,https://protection.webstarterz.com/%66acebook-Security.com/,webstarterz.com
P18091,1,https://obrascivilesdecolombia.com/css/images/services/email&error.php?cmd=login_submit&id=&session=,https://obrascivilesdecolombia.com/%63ss/images/services/email&error.php?cmd=login_submit&id=&session=,obrascivilesdecolombia.com
P18106,1,https://obrascivilesdecolombia.com/css/images/services/email.php?cmd=login_submit&id=&session=,https://obrascivilesdecolombia.com/%63ss/images/services/email.php?cmd=login_submit&id=&session=,obrascivilesdecolombia.com
P18110,1,http://randixou.wpdevcloud.com/Hidden-konto-storeapps/index.htm,http://randixou.wpdevcloud.com/%48idden-konto-storeapps/index.htm,wpdevcloud.com
P18113,1,https://obrascivilesdecolombia.com/css/images/services/index.php,https://obrascivilesdecolombia.com/%63ss/images/services/index.php,obrascivilesdecolombia.com
P18118,1,https://belstaffing.xyz/secure/fdy/home/myaccount/billing.php?websrc=e17ea285ad581008aac6b89b49ab879e&dispatched=21&id=1669077435,https://belstaffing.xyz/%73ecure/fdy/home/myaccount/billing.php?websrc=e17ea285ad581008aac6b89b49ab879e&dispatched=21&id=1669077435,belstaffing.xyz
P18137,1,http://parsbalabar.com/hsbc/login.php,http://parsbalabar.com/%68sbc/login.php,parsbalabar.com
P18173,1,http://parsbalabar.com/hsbc/code.php?section=signinpage&update=&cookiecheck=yes&destinatn=nba/signin&accountopening/ApplicaStartup/Application=&coecheck=yes&destige&update=&cookiecheck=,http://parsbalabar.com/%68sbc/code.php?section=signinpage&update=&cookiecheck=yes&destinatn=nba/signin&accountopening/ApplicaStartup/Application=&coecheck=yes&destige&update=&cookiecheck=,parsbalabar.com
P18255,1,http://192.95.13.195/itau/,http://192.95.13.195/%69tau/,http://192.95.13.195/itau/
P18259,1,https://mjalisl.wufoo.com/forms/zx62yem18khf9l/,https://mjalisl.wufoo.com/%66orms/zx62yem18khf9l/,wufoo.com
P18341,1,http://www.danubian.sk/wp-q/siz/s2.html,http://www.danubian.sk/%77p-q/siz/s2.html,danubian.sk
P18347,1,http://tworivermortgage.com/com/9292942424invoiccc/site/index.html,http://tworivermortgage.com/%63om/9292942424invoiccc/site/index.html,tworivermortgage.com
P18422,1,http://bakergrain.com.au/wp-admin/js/supportwells/Wellsfargo-0nline/security/auth/1/inner_page.html,http://bakergrain.com.au/%77p-admin/js/supportwells/Wellsfargo-0nline/security/auth/1/inner_page.html,bakergrain.com.au
P18461,1,http://qixu.ca/office365/i/,http://qixu.ca/%6Fffice365/i/,qixu.ca
P18488,1,https://ambeysbigapple.com.au/BankofAmerica/verification/9A4C474649AN7B5C94E9/qes.php,https://ambeysbigapple.com.au/%42ankofAmerica/verification/9A4C474649AN7B5C94E9/qes.php,ambeysbigapple.com.au
P18513,1,http://advert-verify-support.com/active/Payment-update-0.html,http://advert-verify-support.com/%61ctive/Payment-update-0.html,advert-verify-support.com
P18520,1,http://bamkofmeric.com/onli/Validat.php,http://bamkofmeric.com/%6Fnli/Validat.php,bamkofmeric.com
P18563,1,http://5thblock.com/attach/DHL,http://5thblock.com/%61ttach/DHL,5thblock.com
P18625,1,http://urisa.fr/components/com_banners/helpers/1/wells%20last2/inner_page.html,http://urisa.fr/%63omponents/com_banners/helpers/1/wells%20last2/inner_page.html,urisa.fr
P18667,1,http://104.196.213.136/cef/paginas-caixa/resource/decoded/zn/info.php,http://104.196.213.136/%63ef/paginas-caixa/resource/decoded/zn/info.php,http://104.196.213.136/cef/paginas-caixa/resource/decoded/zn/info.php
P18742,1,http://jpmorgan.advancedrpm.com/chase/f4fc20d2c386605df2eb6206d9d787bd/verification-billing.php?cmd=_account-details&session=a936b4597ae34b07c3617ed20920f0d3&dispatch=31062e9696f9b9f93bd37cfd9a0764ff38d3d609,http://jpmorgan.advancedrpm.com/%63hase/f4fc20d2c386605df2eb6206d9d787bd/verification-billing.php?cmd=_account-details&session=a936b4597ae34b07c3617ed20920f0d3&dispatch=31062e9696f9b9f93bd37cfd9a0764ff38d3d609,advancedrpm.com
P18748,1,http://jpmorgan.advancedrpm.com/chase/f4fc20d2c386605df2eb6206d9d787bd/,http://jpmorgan.advancedrpm.com/%63hase/f4fc20d2c386605df2eb6206d9d787bd/,advancedrpm.com
P18803,1,http://bakergrain.com.au/wp-admin/js/supportwells/Wellsfargo-0nline/security/auth,http://bakergrain.com.au/%77p-admin/js/supportwells/Wellsfargo-0nline/security/auth,bakergrain.com.au
P18853,1,http://staging.babystuff24.de/.tmb/index.php,http://staging.babystuff24.de/.%74mb/index.php,babystuff24.de
P18902,1,http://eastorange-pt.com/pdf/sleeknew.html,http://eastorange-pt.com/%70df/sleeknew.html,eastorange-pt.com
P18993,1,http://santabarbarapoolcontractor.com/s/hotoffice/?email=ikasrikant@hotmail.com,http://santabarbarapoolcontractor.com/%73/hotoffice/?email=ikasrikant@hotmail.com,santabarbarapoolcontractor.com
P18998,1,https://transit-e.com/scripts/64a4250dded75fcc7ac237f910e8a54e602446d1d7c5d,https://transit-e.com/%73cripts/64a4250dded75fcc7ac237f910e8a54e602446d1d7c5d,transit-e.com
P19030,1,https://dev-alibaba-marketsquare.pantheonsite.io/alibaba.com/alibaba.com/alibaba.com/Login.htm,https://dev-alibaba-marketsquare.pantheonsite.io/%61libaba.com/alibaba.com/alibaba.com/Login.htm,pantheonsite.io
P19031,1,http://ib-nab.bankingg.au.fatimahalotaibi.com/NAB/NAB/355fcf3b8a46b3c5c85977b6043358db/update.php,http://ib-nab.bankingg.au.fatimahalotaibi.com/%4EAB/NAB/355fcf3b8a46b3c5c85977b6043358db/update.php,fatimahalotaibi.com
P19047,1,http://ib-nab.bankingg.au.fatimahalotaibi.com/NAB/NAB/7373109ab76e74e5bf6d06069fe0cf34/update.php,http://ib-nab.bankingg.au.fatimahalotaibi.com/%4EAB/NAB/7373109ab76e74e5bf6d06069fe0cf34/update.php,fatimahalotaibi.com
P19105,1,http://ib-nab.bankingg.au.fatimahalotaibi.com/NAB/NAB/e9805d658d645c989db99dc8f3967242/update.php,http://ib-nab.bankingg.au.fatimahalotaibi.com/%4EAB/NAB/e9805d658d645c989db99dc8f3967242/update.php,fatimahalotaibi.com
P19152,1,https://supportsservices.azurewebsites.net/,https://supportsservices.azurewebsites.net/%2F,azurewebsites.net
P19248,1,http://topastrologerinindia.in/another/connects.html,http://topastrologerinindia.in/%61nother/connects.html,topastrologerinindia.in
P19382,1,https://login.ssodaddy.com.pl/account,https://login.ssodaddy.com.pl/%61ccount,ssodaddy.com.pl
P19407,1,http://www.service-money.free-h.fr/,http://www.service-money.free-h.fr/%2F,free-h.fr
P19429,1,http://www.wayhi.com/UPDATE-USAA/ec726a81266899a45d674ff358c4963a/,http://www.wayhi.com/%55PDATE-USAA/ec726a81266899a45d674ff358c4963a/,wayhi.com
P19558,1,http://kazps.com/wp-includes/images/manage/Dropbox.html,http://kazps.com/%77p-includes/images/manage/Dropbox.html,kazps.com
P19623,1,http://www.lhrc.cn/flash/yahoo.php,http://www.lhrc.cn/%66lash/yahoo.php,lhrc.cn
P19665,1,https://tanhay2xcgw.azurewebsites.net/onedrive8xc/sharpoint/share,https://tanhay2xcgw.azurewebsites.net/%6Fnedrive8xc/sharpoint/share,azurewebsites.net
P19677,1,http://dj1dj.com/packs/admin/m/mpp/bill.php,http://dj1dj.com/%70acks/admin/m/mpp/bill.php,dj1dj.com
P19684,1,http://whinging-pom.com/trustpass.html,http://whinging-pom.com/%74rustpass.html,whinging-pom.com
P19819,1,http://www.grafa70.com.ar/phpmailer/extras/index/summary/,http://www.grafa70.com.ar/%70hpmailer/extras/index/summary/,grafa70.com.ar
P19827,1,https://itaucard-smsitoken.com/,https://itaucard-smsitoken.com/%2F,itaucard-smsitoken.com
P19832,1,http://kenpaes.com/wp-content/icons/bofa/bofa/bofa/bofa/index2.php,http://kenpaes.com/%77p-content/icons/bofa/bofa/bofa/bofa/index2.php,kenpaes.com
P19833,1,https://multiplusfidelidades.wpdevcloud.com/bra,https://multiplusfidelidades.wpdevcloud.com/%62ra,wpdevcloud.com
P19841,1,https://www.surveygizmo.com/s3/4886417/ONE-DRIVE,https://www.surveygizmo.com/%733/4886417/ONE-DRIVE,surveygizmo.com
P19872,1,http://devendrafoundation.org/img/admin/Volt/index2.php,http://devendrafoundation.org/%69mg/admin/Volt/index2.php,devendrafoundation.org
P19874,1,http://seeinvestments.ba/wp-admin/includes/banner/details.php,http://seeinvestments.ba/%77p-admin/includes/banner/details.php,seeinvestments.ba
P19946,1,http://ubg.com.pl/wp-content/languages/Login/,http://ubg.com.pl/%77p-content/languages/Login/,ubg.com.pl
P19953,1,http://161.129.65.164/nabib/loading/,http://161.129.65.164/%6Eabib/loading/,http://161.129.65.164/nabib/loading/
P19956,1,http://netflix.filmonefest.org/,http://netflix.filmonefest.org/%2F,filmonefest.org
P19966,1,https://1services1.azurewebsites.net/p/9f912eb1c87c7a67628ee30d8a19718a/,https://1services1.azurewebsites.net/%70/9f912eb1c87c7a67628ee30d8a19718a/,azurewebsites.net
