sample_id,target_model,attack_algorithm,success,query_count,mutation_count,original_probability,final_target_probability,V2_probability,Semantic_V4_probability,Baseline_V3_probability,Hardened_V4_probability,mutations_used,runtime,timeout_error,adversarial_html_path
P_0,Structural_V2,BeamSearch,FAILURE,2,1,0.9541627944574355,0.9530617768926058,0.9530617768926058,0.9995904002841394,0.9944546746870798,0.9994533941922279,url_remove_suspicious_keywords,1.3411402702331543,NONE,results\fast_track\html_samples\P_0_Structural_V2_BeamSearch_adv.html
P_2,Structural_V2,BeamSearch,FAILURE,2,1,0.9468412724243672,0.936755070467686,0.936755070467686,0.9320451549198477,0.9922538878635152,0.9989062548245096,url_remove_suspicious_keywords,0.5078935623168945,NONE,results\fast_track\html_samples\P_2_Structural_V2_BeamSearch_adv.html
P_3,Structural_V2,BeamSearch,FAILURE,2,0,0.9456482450765136,0.9456482450765136,0.9456482450765136,0.9877063554995072,0.9939266616509187,0.9993645242210274,,0.45286107063293457,NONE,results\fast_track\html_samples\P_3_Structural_V2_BeamSearch_adv.html
P_4,Structural_V2,BeamSearch,FAILURE,2,0,0.740929845249318,0.740929845249318,0.740929845249318,0.9710848948640519,0.967460184913017,0.9973395881079229,,0.2392575740814209,NONE,results\fast_track\html_samples\P_4_Structural_V2_BeamSearch_adv.html
P_6,Structural_V2,BeamSearch,FAILURE,2,0,0.9340399431674942,0.9340399431674942,0.9340399431674942,0.7833780002182714,0.9768717718769611,0.9959214907079207,,0.18062782287597656,NONE,results\fast_track\html_samples\P_6_Structural_V2_BeamSearch_adv.html
P_7,Structural_V2,BeamSearch,FAILURE,2,1,0.9398177025131677,0.933782269287871,0.933782269287871,0.948735488317481,0.9934365767706262,0.9990370245581541,url_remove_suspicious_keywords,0.30776238441467285,NONE,results\fast_track\html_samples\P_7_Structural_V2_BeamSearch_adv.html
P_8,Structural_V2,BeamSearch,FAILURE,2,1,0.6447788339828061,0.6425123279084425,0.6425123279084425,0.977655184078344,0.9611561784169468,0.9953433843409495,url_remove_suspicious_keywords,0.24808883666992188,NONE,results\fast_track\html_samples\P_8_Structural_V2_BeamSearch_adv.html
P_9,Structural_V2,BeamSearch,FAILURE,2,0,0.914353247759056,0.914353247759056,0.914353247759056,0.974031377132311,0.9929379574236241,0.999127950299535,,0.24134469032287598,NONE,results\fast_track\html_samples\P_9_Structural_V2_BeamSearch_adv.html
P_10,Structural_V2,BeamSearch,FAILURE,2,0,0.956221183500142,0.956221183500142,0.956221183500142,0.9814230653491732,0.9933068211504795,0.9993717906048092,,0.29392409324645996,NONE,results\fast_track\html_samples\P_10_Structural_V2_BeamSearch_adv.html
P_11,Structural_V2,BeamSearch,FAILURE,2,1,0.944653059687455,0.7375130873654155,0.7375130873654155,0.9933160410474365,0.9799563325067662,0.997761725073442,url_remove_suspicious_keywords,0.37082910537719727,NONE,results\fast_track\html_samples\P_11_Structural_V2_BeamSearch_adv.html
P_12,Structural_V2,BeamSearch,FAILURE,2,1,0.9236516206961277,0.9229300672387041,0.9229300672387041,0.9990000045728534,0.9933753337627311,0.9993359192112098,url_remove_suspicious_keywords,0.13327455520629883,NONE,results\fast_track\html_samples\P_12_Structural_V2_BeamSearch_adv.html
P_13,Structural_V2,BeamSearch,FAILURE,2,1,0.9487758111626866,0.9480398421804616,0.9480398421804616,0.9932154680688848,0.9941151361668047,0.9994034796145559,url_remove_suspicious_keywords,0.23437047004699707,NONE,results\fast_track\html_samples\P_13_Structural_V2_BeamSearch_adv.html
P_14,Structural_V2,BeamSearch,FAILURE,2,1,0.9595136218082535,0.9594271915184122,0.9594271915184122,0.9990986449340695,0.9911230588572202,0.9994725808850733,url_remove_suspicious_keywords,0.2071990966796875,NONE,results\fast_track\html_samples\P_14_Structural_V2_BeamSearch_adv.html
P_15,Structural_V2,BeamSearch,FAILURE,2,0,0.6680819965009288,0.6680819965009288,0.6680819965009288,0.9633773588942637,0.8524398341470829,0.9955067098095364,,0.535956621170044,NONE,results\fast_track\html_samples\P_15_Structural_V2_BeamSearch_adv.html
P_16,Structural_V2,BeamSearch,FAILURE,2,1,0.9504514071376668,0.9500673556689149,0.9500673556689149,0.9979780994145925,0.994175422696904,0.9994350854831643,url_remove_suspicious_keywords,0.5320839881896973,NONE,results\fast_track\html_samples\P_16_Structural_V2_BeamSearch_adv.html
P_17,Structural_V2,BeamSearch,FAILURE,2,1,0.868381200613736,0.8677128979067655,0.8677128979067655,0.9985060970465324,0.9914957138514542,0.9990561773144764,url_remove_suspicious_keywords,0.3869175910949707,NONE,results\fast_track\html_samples\P_17_Structural_V2_BeamSearch_adv.html
P_18,Structural_V2,BeamSearch,FAILURE,2,0,0.6402361305987009,0.6402361305987009,0.6402361305987009,0.990802272222997,0.6821289884477948,0.9957880843061255,,1.3128244876861572,NONE,results\fast_track\html_samples\P_18_Structural_V2_BeamSearch_adv.html
P_19,Structural_V2,BeamSearch,FAILURE,2,1,0.958605215385051,0.9388175728770087,0.9388175728770087,0.9813733011255795,0.9941142672300028,0.9992988235652197,url_remove_suspicious_keywords,1.3451855182647705,NONE,results\fast_track\html_samples\P_19_Structural_V2_BeamSearch_adv.html
P_20,Structural_V2,BeamSearch,FAILURE,2,1,0.9528556429835048,0.9527101792779266,0.9527101792779266,0.9967091196004606,0.993984383055889,0.9994381922852503,url_remove_suspicious_keywords,0.549410343170166,NONE,results\fast_track\html_samples\P_20_Structural_V2_BeamSearch_adv.html
P_21,Structural_V2,BeamSearch,FAILURE,2,0,0.9499275890598949,0.9499275890598949,0.9499275890598949,0.9834111494584677,0.9929166144284639,0.9993577008413601,,1.3599882125854492,NONE,results\fast_track\html_samples\P_21_Structural_V2_BeamSearch_adv.html
P_22,Structural_V2,BeamSearch,FAILURE,2,0,0.8737543623992535,0.8737543623992535,0.8737543623992535,0.9968728232126202,0.9902991987428491,0.9990782768044056,,1.149648904800415,NONE,results\fast_track\html_samples\P_22_Structural_V2_BeamSearch_adv.html
P_23,Structural_V2,BeamSearch,FAILURE,2,1,0.8293703723350069,0.8214589667269864,0.8214589667269864,0.9465829756738892,0.9873451653899323,0.9980123295983677,url_remove_suspicious_keywords,0.5056698322296143,NONE,results\fast_track\html_samples\P_23_Structural_V2_BeamSearch_adv.html
P_24,Structural_V2,BeamSearch,FAILURE,2,0,0.9561441021874941,0.9561441021874941,0.9561441021874941,0.9112007010926837,0.9937229463925097,0.9988380752423273,,0.28826117515563965,NONE,results\fast_track\html_samples\P_24_Structural_V2_BeamSearch_adv.html
P_0,Structural_V2,SimulatedAnnealing,FAILURE,50,1,0.9541627944574355,0.9530617768926058,0.9530617768926058,0.9995904002841394,0.9944546746870798,0.9994533941922279,url_remove_suspicious_keywords,8.216781854629517,NONE,results\fast_track\html_samples\P_0_Structural_V2_SimulatedAnnealing_adv.html
P_2,Structural_V2,SimulatedAnnealing,FAILURE,50,1,0.9468412724243672,0.936755070467686,0.936755070467686,0.9320451549198477,0.9922538878635152,0.9989062548245096,url_remove_suspicious_keywords,40.40483522415161,NONE,results\fast_track\html_samples\P_2_Structural_V2_SimulatedAnnealing_adv.html
P_3,Structural_V2,SimulatedAnnealing,FAILURE,50,0,0.9456482450765136,0.9456482450765136,0.9456482450765136,0.9877063554995072,0.9939266616509187,0.9993645242210274,,28.61417841911316,NONE,results\fast_track\html_samples\P_3_Structural_V2_SimulatedAnnealing_adv.html
P_4,Structural_V2,SimulatedAnnealing,FAILURE,50,0,0.740929845249318,0.740929845249318,0.740929845249318,0.9710848948640519,0.967460184913017,0.9973395881079229,,24.66530704498291,NONE,results\fast_track\html_samples\P_4_Structural_V2_SimulatedAnnealing_adv.html
P_6,Structural_V2,SimulatedAnnealing,FAILURE,50,0,0.9340399431674942,0.9340399431674942,0.9340399431674942,0.7833780002182714,0.9768717718769611,0.9959214907079207,,12.36797285079956,NONE,results\fast_track\html_samples\P_6_Structural_V2_SimulatedAnnealing_adv.html
P_7,Structural_V2,SimulatedAnnealing,FAILURE,50,1,0.9398177025131677,0.933782269287871,0.933782269287871,0.948735488317481,0.9934365767706262,0.9990370245581541,url_remove_suspicious_keywords,23.86786937713623,NONE,results\fast_track\html_samples\P_7_Structural_V2_SimulatedAnnealing_adv.html
P_8,Structural_V2,SimulatedAnnealing,FAILURE,50,1,0.6447788339828061,0.6425123279084425,0.6425123279084425,0.977655184078344,0.9611561784169468,0.9953433843409495,url_remove_suspicious_keywords,22.314762353897095,NONE,results\fast_track\html_samples\P_8_Structural_V2_SimulatedAnnealing_adv.html
P_9,Structural_V2,SimulatedAnnealing,FAILURE,50,0,0.914353247759056,0.914353247759056,0.914353247759056,0.974031377132311,0.9929379574236241,0.999127950299535,,23.830333709716797,NONE,results\fast_track\html_samples\P_9_Structural_V2_SimulatedAnnealing_adv.html
P_10,Structural_V2,SimulatedAnnealing,FAILURE,50,0,0.956221183500142,0.956221183500142,0.956221183500142,0.9814230653491732,0.9933068211504795,0.9993717906048092,,25.43838930130005,NONE,results\fast_track\html_samples\P_10_Structural_V2_SimulatedAnnealing_adv.html
P_11,Structural_V2,SimulatedAnnealing,FAILURE,50,1,0.944653059687455,0.7375130873654155,0.7375130873654155,0.9933160410474365,0.9799563325067662,0.997761725073442,url_remove_suspicious_keywords,34.5800838470459,NONE,results\fast_track\html_samples\P_11_Structural_V2_SimulatedAnnealing_adv.html
P_12,Structural_V2,SimulatedAnnealing,FAILURE,50,1,0.9236516206961277,0.9229300672387041,0.9229300672387041,0.9990000045728534,0.9933753337627311,0.9993359192112098,url_remove_suspicious_keywords,23.083237171173096,NONE,results\fast_track\html_samples\P_12_Structural_V2_SimulatedAnnealing_adv.html
P_13,Structural_V2,SimulatedAnnealing,FAILURE,50,1,0.9487758111626866,0.9480398421804616,0.9480398421804616,0.9932154680688848,0.9941151361668047,0.9994034796145559,url_remove_suspicious_keywords,25.091442108154297,NONE,results\fast_track\html_samples\P_13_Structural_V2_SimulatedAnnealing_adv.html
P_14,Structural_V2,SimulatedAnnealing,FAILURE,50,1,0.9595136218082535,0.9594271915184122,0.9594271915184122,0.9990986449340695,0.9911230588572202,0.9994725808850733,url_remove_suspicious_keywords,10.932931900024414,NONE,results\fast_track\html_samples\P_14_Structural_V2_SimulatedAnnealing_adv.html
P_15,Structural_V2,SimulatedAnnealing,FAILURE,50,0,0.6680819965009288,0.6680819965009288,0.6680819965009288,0.9633773588942637,0.8524398341470829,0.9955067098095364,,20.495724201202393,NONE,results\fast_track\html_samples\P_15_Structural_V2_SimulatedAnnealing_adv.html
P_16,Structural_V2,SimulatedAnnealing,FAILURE,50,1,0.9504514071376668,0.9500673556689149,0.9500673556689149,0.9979780994145925,0.994175422696904,0.9994350854831643,url_remove_suspicious_keywords,7.772253036499023,NONE,results\fast_track\html_samples\P_16_Structural_V2_SimulatedAnnealing_adv.html
P_17,Structural_V2,SimulatedAnnealing,FAILURE,50,1,0.868381200613736,0.8677128979067655,0.8677128979067655,0.9985060970465324,0.9914957138514542,0.9990561773144764,url_remove_suspicious_keywords,6.65950608253479,NONE,results\fast_track\html_samples\P_17_Structural_V2_SimulatedAnnealing_adv.html
P_18,Structural_V2,SimulatedAnnealing,FAILURE,50,0,0.6402361305987009,0.6402361305987009,0.6402361305987009,0.990802272222997,0.6821289884477948,0.9957880843061255,,14.64066481590271,NONE,results\fast_track\html_samples\P_18_Structural_V2_SimulatedAnnealing_adv.html
P_19,Structural_V2,SimulatedAnnealing,FAILURE,50,1,0.958605215385051,0.9388175728770087,0.9388175728770087,0.9813733011255795,0.9941142672300028,0.9992988235652197,url_remove_suspicious_keywords,7.790078401565552,NONE,results\fast_track\html_samples\P_19_Structural_V2_SimulatedAnnealing_adv.html
P_20,Structural_V2,SimulatedAnnealing,FAILURE,50,1,0.9528556429835048,0.9527101792779266,0.9527101792779266,0.9967091196004606,0.993984383055889,0.9994381922852503,url_remove_suspicious_keywords,7.2360007762908936,NONE,results\fast_track\html_samples\P_20_Structural_V2_SimulatedAnnealing_adv.html
P_21,Structural_V2,SimulatedAnnealing,FAILURE,50,0,0.9499275890598949,0.9499275890598949,0.9499275890598949,0.9834111494584677,0.9929166144284639,0.9993577008413601,,13.888781785964966,NONE,results\fast_track\html_samples\P_21_Structural_V2_SimulatedAnnealing_adv.html
P_22,Structural_V2,SimulatedAnnealing,FAILURE,50,0,0.8737543623992535,0.8737543623992535,0.8737543623992535,0.9968728232126202,0.9902991987428491,0.9990782768044056,,15.604769945144653,NONE,results\fast_track\html_samples\P_22_Structural_V2_SimulatedAnnealing_adv.html
P_23,Structural_V2,SimulatedAnnealing,FAILURE,50,1,0.8293703723350069,0.8214589667269864,0.8214589667269864,0.9465829756738892,0.9873451653899323,0.9980123295983677,url_remove_suspicious_keywords,15.13451862335205,NONE,results\fast_track\html_samples\P_23_Structural_V2_SimulatedAnnealing_adv.html
P_24,Structural_V2,SimulatedAnnealing,FAILURE,50,0,0.9561441021874941,0.9561441021874941,0.9561441021874941,0.9112007010926837,0.9937229463925097,0.9988380752423273,,9.117435455322266,NONE,results\fast_track\html_samples\P_24_Structural_V2_SimulatedAnnealing_adv.html
P_0,Structural_V2,MCTS,FAILURE,50,1,0.9541627944574355,0.9530617768926058,0.9530617768926058,0.9995904002841394,0.9944546746870798,0.9994533941922279,url_remove_suspicious_keywords,6.563518047332764,NONE,results\fast_track\html_samples\P_0_Structural_V2_MCTS_adv.html
P_2,Structural_V2,MCTS,FAILURE,50,1,0.9468412724243672,0.936755070467686,0.936755070467686,0.9320451549198477,0.9922538878635152,0.9989062548245096,url_remove_suspicious_keywords,15.899673700332642,NONE,results\fast_track\html_samples\P_2_Structural_V2_MCTS_adv.html
P_3,Structural_V2,MCTS,FAILURE,50,0,0.9456482450765136,0.9456482450765136,0.9456482450765136,0.9877063554995072,0.9939266616509187,0.9993645242210274,,12.470266580581665,NONE,results\fast_track\html_samples\P_3_Structural_V2_MCTS_adv.html
P_4,Structural_V2,MCTS,FAILURE,50,0,0.740929845249318,0.740929845249318,0.740929845249318,0.9710848948640519,0.967460184913017,0.9973395881079229,,12.173176765441895,NONE,results\fast_track\html_samples\P_4_Structural_V2_MCTS_adv.html
P_6,Structural_V2,MCTS,FAILURE,50,0,0.9340399431674942,0.9340399431674942,0.9340399431674942,0.7833780002182714,0.9768717718769611,0.9959214907079207,,7.233766317367554,NONE,results\fast_track\html_samples\P_6_Structural_V2_MCTS_adv.html
P_7,Structural_V2,MCTS,FAILURE,50,1,0.9398177025131677,0.933782269287871,0.933782269287871,0.948735488317481,0.9934365767706262,0.9990370245581541,url_remove_suspicious_keywords,12.106492042541504,NONE,results\fast_track\html_samples\P_7_Structural_V2_MCTS_adv.html
P_8,Structural_V2,MCTS,FAILURE,50,1,0.6447788339828061,0.6425123279084425,0.6425123279084425,0.977655184078344,0.9611561784169468,0.9953433843409495,url_remove_suspicious_keywords,10.697842359542847,NONE,results\fast_track\html_samples\P_8_Structural_V2_MCTS_adv.html
P_9,Structural_V2,MCTS,FAILURE,50,0,0.914353247759056,0.914353247759056,0.914353247759056,0.974031377132311,0.9929379574236241,0.999127950299535,,12.81224274635315,NONE,results\fast_track\html_samples\P_9_Structural_V2_MCTS_adv.html
P_10,Structural_V2,MCTS,FAILURE,50,0,0.956221183500142,0.956221183500142,0.956221183500142,0.9814230653491732,0.9933068211504795,0.9993717906048092,,11.73071551322937,NONE,results\fast_track\html_samples\P_10_Structural_V2_MCTS_adv.html
P_11,Structural_V2,MCTS,FAILURE,50,1,0.944653059687455,0.7375130873654155,0.7375130873654155,0.9933160410474365,0.9799563325067662,0.997761725073442,url_remove_suspicious_keywords,16.238996982574463,NONE,results\fast_track\html_samples\P_11_Structural_V2_MCTS_adv.html
P_12,Structural_V2,MCTS,FAILURE,50,1,0.9236516206961277,0.9229300672387041,0.9229300672387041,0.9990000045728534,0.9933753337627311,0.9993359192112098,url_remove_suspicious_keywords,6.112992763519287,NONE,results\fast_track\html_samples\P_12_Structural_V2_MCTS_adv.html
P_13,Structural_V2,MCTS,FAILURE,50,1,0.9487758111626866,0.9480398421804616,0.9480398421804616,0.9932154680688848,0.9941151361668047,0.9994034796145559,url_remove_suspicious_keywords,8.365100860595703,NONE,results\fast_track\html_samples\P_13_Structural_V2_MCTS_adv.html
P_14,Structural_V2,MCTS,FAILURE,50,1,0.9595136218082535,0.9594271915184122,0.9594271915184122,0.9990986449340695,0.9911230588572202,0.9994725808850733,url_remove_suspicious_keywords,10.184406757354736,NONE,results\fast_track\html_samples\P_14_Structural_V2_MCTS_adv.html
P_15,Structural_V2,MCTS,FAILURE,50,0,0.6680819965009288,0.6680819965009288,0.6680819965009288,0.9633773588942637,0.8524398341470829,0.9955067098095364,,20.333267211914062,NONE,results\fast_track\html_samples\P_15_Structural_V2_MCTS_adv.html
P_16,Structural_V2,MCTS,FAILURE,50,1,0.9504514071376668,0.9500673556689149,0.9500673556689149,0.9979780994145925,0.994175422696904,0.9994350854831643,url_remove_suspicious_keywords,8.01327133178711,NONE,results\fast_track\html_samples\P_16_Structural_V2_MCTS_adv.html
P_17,Structural_V2,MCTS,FAILURE,50,1,0.868381200613736,0.8677128979067655,0.8677128979067655,0.9985060970465324,0.9914957138514542,0.9990561773144764,url_remove_suspicious_keywords,6.277909755706787,NONE,results\fast_track\html_samples\P_17_Structural_V2_MCTS_adv.html
P_18,Structural_V2,MCTS,FAILURE,50,0,0.6402361305987009,0.6402361305987009,0.6402361305987009,0.990802272222997,0.6821289884477948,0.9957880843061255,,15.474957942962646,NONE,results\fast_track\html_samples\P_18_Structural_V2_MCTS_adv.html
P_19,Structural_V2,MCTS,FAILURE,50,1,0.958605215385051,0.9388175728770087,0.9388175728770087,0.9813733011255795,0.9941142672300028,0.9992988235652197,url_remove_suspicious_keywords,9.211690425872803,NONE,results\fast_track\html_samples\P_19_Structural_V2_MCTS_adv.html
P_20,Structural_V2,MCTS,FAILURE,50,1,0.9528556429835048,0.9527101792779266,0.9527101792779266,0.9967091196004606,0.993984383055889,0.9994381922852503,url_remove_suspicious_keywords,7.866791486740112,NONE,results\fast_track\html_samples\P_20_Structural_V2_MCTS_adv.html
P_21,Structural_V2,MCTS,FAILURE,50,0,0.9499275890598949,0.9499275890598949,0.9499275890598949,0.9834111494584677,0.9929166144284639,0.9993577008413601,,12.478421449661255,NONE,results\fast_track\html_samples\P_21_Structural_V2_MCTS_adv.html
P_22,Structural_V2,MCTS,FAILURE,50,0,0.8737543623992535,0.8737543623992535,0.8737543623992535,0.9968728232126202,0.9902991987428491,0.9990782768044056,,14.650752544403076,NONE,results\fast_track\html_samples\P_22_Structural_V2_MCTS_adv.html
P_23,Structural_V2,MCTS,FAILURE,50,1,0.8293703723350069,0.8214589667269864,0.8214589667269864,0.9465829756738892,0.9873451653899323,0.9980123295983677,url_remove_suspicious_keywords,13.624663352966309,NONE,results\fast_track\html_samples\P_23_Structural_V2_MCTS_adv.html
P_24,Structural_V2,MCTS,FAILURE,50,0,0.9561441021874941,0.9561441021874941,0.9561441021874941,0.9112007010926837,0.9937229463925097,0.9988380752423273,,7.900762319564819,NONE,results\fast_track\html_samples\P_24_Structural_V2_MCTS_adv.html
P_0,Semantic_V4,BeamSearch,FAILURE,50,1,0.9995904002841394,0.9941017251404559,0.9541627944574355,0.9941017251404559,0.9944853908026918,0.9994304503203996,html_prepend_massive_padding,9.792696952819824,NONE,results\fast_track\html_samples\P_0_Semantic_V4_BeamSearch_adv.html
P_1,Semantic_V4,BeamSearch,FAILURE,50,1,0.999009410808569,0.9260525764326643,0.3113206722150495,0.9260525764326643,0.8711186538643436,0.9442034785312953,html_prepend_massive_padding,10.89742922782898,NONE,results\fast_track\html_samples\P_1_Semantic_V4_BeamSearch_adv.html
P_2,Semantic_V4,BeamSearch,FAILURE,50,1,0.9320451549198477,0.9265676410512722,0.9468412724243672,0.9265676410512722,0.9923905221141373,0.9989230607827408,html_convert_links_to_buttons,14.269662380218506,NONE,results\fast_track\html_samples\P_2_Semantic_V4_BeamSearch_adv.html
P_3,Semantic_V4,BeamSearch,FAILURE,50,2,0.9877063554995072,0.721587410488483,0.9456482450765136,0.721587410488483,0.9939008821589771,0.9935025466292244,"html_convert_links_to_buttons,html_prepend_massive_padding",12.954667091369629,NONE,results\fast_track\html_samples\P_3_Semantic_V4_BeamSearch_adv.html
P_4,Semantic_V4,BeamSearch,FAILURE,50,2,0.9710848948640519,0.8961414941528815,0.740929845249318,0.8961414941528815,0.967460184913017,0.9948840072586836,"html_convert_links_to_buttons,html_prepend_massive_padding",12.161461114883423,NONE,results\fast_track\html_samples\P_4_Semantic_V4_BeamSearch_adv.html
P_5,Semantic_V4,BeamSearch,FAILURE,50,1,0.9589506039907797,0.9162115205327918,0.10815920140387948,0.9162115205327918,0.23665547140302867,0.8121315712946326,html_convert_links_to_buttons,24.063689470291138,NONE,results\fast_track\html_samples\P_5_Semantic_V4_BeamSearch_adv.html
P_6,Semantic_V4,BeamSearch,FAILURE,50,0,0.7833780002182714,0.7833780002182714,0.9340399431674942,0.7833780002182714,0.9768717718769611,0.9959214907079207,,8.645405769348145,NONE,results\fast_track\html_samples\P_6_Semantic_V4_BeamSearch_adv.html
P_7,Semantic_V4,BeamSearch,FAILURE,50,0,0.948735488317481,0.948735488317481,0.9398177025131677,0.948735488317481,0.9936332260478724,0.9990728809014315,,14.55475926399231,NONE,results\fast_track\html_samples\P_7_Semantic_V4_BeamSearch_adv.html
P_8,Semantic_V4,BeamSearch,FAILURE,50,1,0.977655184078344,0.9742255412118063,0.6447788339828061,0.9742255412118063,0.9606830308670061,0.995269701264308,html_convert_links_to_buttons,11.438493013381958,NONE,results\fast_track\html_samples\P_8_Semantic_V4_BeamSearch_adv.html
P_9,Semantic_V4,BeamSearch,FAILURE,50,2,0.974031377132311,0.7273383458724384,0.914353247759056,0.7273383458724384,0.9929379574236241,0.9924845431692826,"html_prepend_massive_padding,html_prepend_massive_padding",12.661084651947021,NONE,results\fast_track\html_samples\P_9_Semantic_V4_BeamSearch_adv.html
P_10,Semantic_V4,BeamSearch,FAILURE,50,1,0.9814230653491732,0.9726496161542892,0.956221183500142,0.9726496161542892,0.993156335815132,0.9993216513429116,html_convert_links_to_buttons,12.959580183029175,NONE,results\fast_track\html_samples\P_10_Semantic_V4_BeamSearch_adv.html
P_11,Semantic_V4,BeamSearch,FAILURE,50,2,0.9933160410474365,0.9649738724955881,0.944653059687455,0.9649738724955881,0.9928990568282048,0.9992197741282511,"html_prepend_massive_padding,html_prepend_massive_padding",17.902766704559326,NONE,results\fast_track\html_samples\P_11_Semantic_V4_BeamSearch_adv.html
P_12,Semantic_V4,BeamSearch,FAILURE,50,1,0.9990000045728534,0.9556702878344611,0.9236516206961277,0.9556702878344611,0.9933993785364034,0.9990341163467057,html_prepend_massive_padding,9.878129482269287,NONE,results\fast_track\html_samples\P_12_Semantic_V4_BeamSearch_adv.html
P_13,Semantic_V4,BeamSearch,FAILURE,50,2,0.9932154680688848,0.9421331700741348,0.9487758111626866,0.9421331700741348,0.994136937877138,0.9990715380747209,"html_obfuscate_text,html_prepend_massive_padding",11.030898094177246,NONE,results\fast_track\html_samples\P_13_Semantic_V4_BeamSearch_adv.html
P_14,Semantic_V4,BeamSearch,FAILURE,50,2,0.9990986449340695,0.987570099291551,0.9595136218082535,0.987570099291551,0.9862597692654671,0.9994168974337888,"html_paraphrase_credentials,html_prepend_massive_padding",11.348682165145874,NONE,results\fast_track\html_samples\P_14_Semantic_V4_BeamSearch_adv.html
P_15,Semantic_V4,BeamSearch,FAILURE,50,0,0.9633773588942637,0.9633773588942637,0.6680819965009288,0.9633773588942637,0.8524398341470829,0.9955067098095364,,23.801584005355835,NONE,results\fast_track\html_samples\P_15_Semantic_V4_BeamSearch_adv.html
P_16,Semantic_V4,BeamSearch,FAILURE,50,1,0.9979780994145925,0.9204044916976261,0.9504514071376668,0.9204044916976261,0.994186693573486,0.9988889042465701,html_prepend_massive_padding,12.092396974563599,NONE,results\fast_track\html_samples\P_16_Semantic_V4_BeamSearch_adv.html
P_17,Semantic_V4,BeamSearch,FAILURE,50,2,0.9985060970465324,0.9099939832658044,0.868381200613736,0.9099939832658044,0.9915242527591319,0.997961789920132,"html_add_benign_text,html_prepend_massive_padding",9.886626482009888,NONE,results\fast_track\html_samples\P_17_Semantic_V4_BeamSearch_adv.html
P_18,Semantic_V4,BeamSearch,FAILURE,50,1,0.990802272222997,0.9537873852077638,0.6402361305987009,0.9537873852077638,0.6821289884477948,0.9941847532077376,html_prepend_massive_padding,17.33318018913269,NONE,results\fast_track\html_samples\P_18_Semantic_V4_BeamSearch_adv.html
P_19,Semantic_V4,BeamSearch,FAILURE,50,1,0.9813733011255795,0.9250027134288895,0.958605215385051,0.9250027134288895,0.994673404951211,0.9989860438577045,html_add_massive_benign_text,11.279691219329834,NONE,results\fast_track\html_samples\P_19_Semantic_V4_BeamSearch_adv.html
P_20,Semantic_V4,BeamSearch,FAILURE,50,1,0.9967091196004606,0.8633433493939631,0.9528556429835048,0.8633433493939631,0.9939887938316166,0.9981973343708065,html_prepend_massive_padding,11.494370460510254,NONE,results\fast_track\html_samples\P_20_Semantic_V4_BeamSearch_adv.html
P_21,Semantic_V4,BeamSearch,FAILURE,50,2,0.9834111494584677,0.9257735839405262,0.9499275890598949,0.9257735839405262,0.9929166144284639,0.9989363907481664,"html_add_massive_benign_text,html_prepend_massive_padding",13.882362127304077,NONE,results\fast_track\html_samples\P_21_Semantic_V4_BeamSearch_adv.html
P_22,Semantic_V4,BeamSearch,FAILURE,50,2,0.9968728232126202,0.9325776787270438,0.8737543623992535,0.9325776787270438,0.9904677692804916,0.998382484947849,"html_convert_links_to_buttons,html_prepend_massive_padding",15.59959077835083,NONE,results\fast_track\html_samples\P_22_Semantic_V4_BeamSearch_adv.html
P_23,Semantic_V4,BeamSearch,FAILURE,50,3,0.9465829756738892,0.8807638233271052,0.8293703723350069,0.8807638233271052,0.985360567520615,0.9966389813196314,"html_convert_links_to_buttons,html_add_massive_benign_text,html_prepend_massive_padding",14.159324407577515,NONE,results\fast_track\html_samples\P_23_Semantic_V4_BeamSearch_adv.html
P_24,Semantic_V4,BeamSearch,FAILURE,50,3,0.9112007010926837,0.88419036812232,0.9561441021874941,0.88419036812232,0.9937229463925097,0.9985284373724732,"html_prepend_massive_padding,html_prepend_massive_padding,html_prepend_massive_padding",12.184279441833496,NONE,results\fast_track\html_samples\P_24_Semantic_V4_BeamSearch_adv.html
P_0,Semantic_V4,SimulatedAnnealing,FAILURE,50,32,0.9995904002841394,0.9929763477434297,0.9541627944574355,0.9929763477434297,0.9941666700179737,0.9994248122855887,"html_paraphrase_credentials,html_swap_password_input,html_convert_links_to_buttons,html_add_massive_benign_text,html_obfuscate_text,html_insert_benign_meta,html_add_iframe,html_add_external_link,html_add_external_link,html_convert_links_to_buttons,html_swap_password_input,html_insert_benign_meta,html_add_dummy_script,html_add_external_link,html_convert_links_to_buttons,html_add_cosmetic_div,html_convert_links_to_buttons,html_add_cosmetic_div,html_text_to_image,html_add_iframe,html_obfuscate_text,html_add_cosmetic_div,html_add_cosmetic_div,html_swap_password_input,html_swap_password_input,html_obfuscate_form_action,html_add_benign_text,html_prepend_massive_padding,html_convert_links_to_buttons,html_add_benign_text,html_text_to_image,html_prepend_massive_padding",19.065285444259644,NONE,results\fast_track\html_samples\P_0_Semantic_V4_SimulatedAnnealing_adv.html
P_1,Semantic_V4,SimulatedAnnealing,FAILURE,50,12,0.999009410808569,0.9333032606227223,0.3113206722150495,0.9333032606227223,0.8713607188293787,0.9474561097606764,"html_add_benign_text,html_convert_links_to_buttons,html_text_to_image,html_add_benign_text,html_add_iframe,html_add_dummy_script,html_swap_password_input,html_paraphrase_credentials,html_add_benign_text,html_add_benign_text,html_add_iframe,html_prepend_massive_padding",23.89936137199402,NONE,results\fast_track\html_samples\P_1_Semantic_V4_SimulatedAnnealing_adv.html
P_2,Semantic_V4,SimulatedAnnealing,FAILURE,50,11,0.9320451549198477,0.9182192984503342,0.9468412724243672,0.9182192984503342,0.9903318643035226,0.99884146507668,"html_obfuscate_text,html_add_benign_text,html_swap_password_input,html_convert_links_to_buttons,html_add_external_link,html_add_massive_benign_text,html_paraphrase_credentials,html_obfuscate_form_action,html_add_cosmetic_div,html_add_massive_benign_text,html_obfuscate_text",37.39337348937988,NONE,results\fast_track\html_samples\P_2_Semantic_V4_SimulatedAnnealing_adv.html
P_3,Semantic_V4,SimulatedAnnealing,FAILURE,50,16,0.9877063554995072,0.8117382434172825,0.9456482450765136,0.8117382434172825,0.9931777246368207,0.9970393132774392,"html_obfuscate_text,html_add_dummy_script,html_add_iframe,html_add_dummy_script,html_add_benign_text,html_add_external_link,html_add_massive_benign_text,html_add_iframe,html_insert_benign_meta,html_add_dummy_script,html_obfuscate_text,html_insert_benign_meta,html_obfuscate_text,html_convert_links_to_buttons,html_obfuscate_text,html_prepend_massive_padding",32.32302165031433,NONE,results\fast_track\html_samples\P_3_Semantic_V4_SimulatedAnnealing_adv.html
P_4,Semantic_V4,SimulatedAnnealing,FAILURE,50,24,0.9710848948640519,0.8858442091089594,0.740929845249318,0.8858442091089594,0.9688373599196874,0.9944038852167519,"html_add_cosmetic_div,html_text_to_image,html_prepend_massive_padding,html_add_iframe,html_swap_password_input,html_swap_password_input,html_insert_benign_meta,html_convert_links_to_buttons,html_obfuscate_form_action,html_add_iframe,html_obfuscate_text,html_text_to_image,html_add_benign_text,html_add_iframe,html_add_benign_text,html_obfuscate_text,html_add_iframe,html_add_cosmetic_div,html_swap_password_input,html_add_benign_text,html_add_benign_text,html_convert_links_to_buttons,html_add_dummy_script,html_prepend_massive_padding",31.720402479171753,NONE,results\fast_track\html_samples\P_4_Semantic_V4_SimulatedAnnealing_adv.html
P_5,Semantic_V4,SimulatedAnnealing,FAILURE,50,0,0.9589506039907797,0.9589506039907797,0.10815920140387948,0.9589506039907797,0.19648639175200416,0.8627392576771673,,86.57623267173767,NONE,results\fast_track\html_samples\P_5_Semantic_V4_SimulatedAnnealing_adv.html
P_6,Semantic_V4,SimulatedAnnealing,FAILURE,50,0,0.7833780002182714,0.7833780002182714,0.9340399431674942,0.7833780002182714,0.9768717718769611,0.9959214907079207,,25.156134605407715,NONE,results\fast_track\html_samples\P_6_Semantic_V4_SimulatedAnnealing_adv.html
P_7,Semantic_V4,SimulatedAnnealing,FAILURE,50,0,0.948735488317481,0.948735488317481,0.9398177025131677,0.948735488317481,0.9936332260478724,0.9990728809014315,,38.87745976448059,NONE,results\fast_track\html_samples\P_7_Semantic_V4_SimulatedAnnealing_adv.html
P_8,Semantic_V4,SimulatedAnnealing,FAILURE,50,0,0.977655184078344,0.977655184078344,0.6447788339828061,0.977655184078344,0.9615831807650957,0.9954090293894542,,30.00110650062561,NONE,results\fast_track\html_samples\P_8_Semantic_V4_SimulatedAnnealing_adv.html
P_9,Semantic_V4,SimulatedAnnealing,FAILURE,50,2,0.974031377132311,0.7456531981741852,0.914353247759056,0.7456531981741852,0.9930581964688472,0.9935911849166044,"html_paraphrase_credentials,html_prepend_massive_padding",29.904348850250244,NONE,results\fast_track\html_samples\P_9_Semantic_V4_SimulatedAnnealing_adv.html
P_10,Semantic_V4,SimulatedAnnealing,FAILURE,50,1,0.9814230653491732,0.9726496161542892,0.956221183500142,0.9726496161542892,0.993156335815132,0.9993216513429116,html_convert_links_to_buttons,27.543315887451172,NONE,results\fast_track\html_samples\P_10_Semantic_V4_SimulatedAnnealing_adv.html
P_11,Semantic_V4,SimulatedAnnealing,FAILURE,50,35,0.9933160410474365,0.9862745938601072,0.944653059687455,0.9862745938601072,0.9881585223906604,0.9993524706370035,"html_add_cosmetic_div,html_add_massive_benign_text,html_add_benign_text,html_paraphrase_credentials,html_obfuscate_text,html_insert_benign_meta,html_obfuscate_form_action,html_obfuscate_text,html_obfuscate_text,html_obfuscate_form_action,html_prepend_massive_padding,html_insert_benign_meta,html_obfuscate_text,html_add_iframe,html_add_external_link,html_add_benign_text,html_add_benign_text,html_swap_password_input,html_insert_benign_meta,html_add_external_link,html_add_cosmetic_div,html_add_iframe,html_add_cosmetic_div,html_add_iframe,html_convert_links_to_buttons,html_add_dummy_script,html_add_cosmetic_div,html_insert_benign_meta,html_add_massive_benign_text,html_add_benign_text,html_add_dummy_script,html_add_cosmetic_div,html_add_cosmetic_div,html_add_dummy_script,html_prepend_massive_padding",63.89760112762451,NONE,results\fast_track\html_samples\P_11_Semantic_V4_SimulatedAnnealing_adv.html
P_12,Semantic_V4,SimulatedAnnealing,FAILURE,50,45,0.9990000045728534,0.9632407979817047,0.9236516206961277,0.9632407979817047,0.9932173530347607,0.9990960241146349,"html_add_iframe,html_paraphrase_credentials,html_swap_password_input,html_swap_password_input,html_add_cosmetic_div,html_add_massive_benign_text,html_insert_benign_meta,html_add_dummy_script,html_add_cosmetic_div,html_add_external_link,html_obfuscate_form_action,html_add_benign_text,html_add_benign_text,html_add_massive_benign_text,html_obfuscate_text,html_insert_benign_meta,html_swap_password_input,html_add_dummy_script,html_add_benign_text,html_add_dummy_script,html_obfuscate_text,html_add_cosmetic_div,html_add_cosmetic_div,html_swap_password_input,html_obfuscate_text,html_obfuscate_text,html_add_iframe,html_add_dummy_script,html_add_benign_text,html_obfuscate_text,html_convert_links_to_buttons,html_insert_benign_meta,html_add_massive_benign_text,html_insert_benign_meta,html_add_massive_benign_text,html_obfuscate_text,html_add_benign_text,html_add_cosmetic_div,html_add_benign_text,html_insert_benign_meta,html_convert_links_to_buttons,html_insert_benign_meta,html_convert_links_to_buttons,html_add_external_link,html_prepend_massive_padding",20.16947627067566,NONE,results\fast_track\html_samples\P_12_Semantic_V4_SimulatedAnnealing_adv.html
P_13,Semantic_V4,SimulatedAnnealing,FAILURE,50,19,0.9932154680688848,0.952132406227679,0.9487758111626866,0.952132406227679,0.9937746746626328,0.9991493219535407,"html_prepend_massive_padding,html_add_iframe,html_add_external_link,html_obfuscate_form_action,html_paraphrase_credentials,html_add_external_link,html_convert_links_to_buttons,html_add_benign_text,html_add_benign_text,html_add_iframe,html_add_benign_text,html_prepend_massive_padding,html_obfuscate_form_action,html_add_external_link,html_add_massive_benign_text,html_add_cosmetic_div,html_obfuscate_form_action,html_convert_links_to_buttons,html_prepend_massive_padding",36.817238330841064,NONE,results\fast_track\html_samples\P_13_Semantic_V4_SimulatedAnnealing_adv.html
P_14,Semantic_V4,SimulatedAnnealing,FAILURE,50,4,0.9990986449340695,0.9934477260675848,0.9595136218082535,0.9934477260675848,0.9911269156141664,0.9994461377590321,"html_add_cosmetic_div,html_obfuscate_form_action,html_obfuscate_form_action,html_prepend_massive_padding",33.6968834400177,NONE,results\fast_track\html_samples\P_14_Semantic_V4_SimulatedAnnealing_adv.html
P_15,Semantic_V4,SimulatedAnnealing,FAILURE,50,0,0.9633773588942637,0.9633773588942637,0.6680819965009288,0.9633773588942637,0.8524398341470829,0.9955067098095364,,146.47305274009705,NONE,results\fast_track\html_samples\P_15_Semantic_V4_SimulatedAnnealing_adv.html
P_16,Semantic_V4,SimulatedAnnealing,FAILURE,50,20,0.9979780994145925,0.9168661108283184,0.9504514071376668,0.9168661108283184,0.9941697999653036,0.9988539732872043,"html_add_dummy_script,html_add_dummy_script,html_add_dummy_script,html_convert_links_to_buttons,html_add_massive_benign_text,html_obfuscate_form_action,html_convert_links_to_buttons,html_add_massive_benign_text,html_add_iframe,html_add_benign_text,html_obfuscate_text,html_add_dummy_script,html_add_massive_benign_text,html_convert_links_to_buttons,html_insert_benign_meta,html_add_cosmetic_div,html_obfuscate_text,html_paraphrase_credentials,html_convert_links_to_buttons,html_prepend_massive_padding",32.46026396751404,NONE,results\fast_track\html_samples\P_16_Semantic_V4_SimulatedAnnealing_adv.html
P_17,Semantic_V4,SimulatedAnnealing,FAILURE,50,36,0.9985060970465324,0.9119370441821488,0.868381200613736,0.9119370441821488,0.990715144425261,0.9979961125080284,"html_obfuscate_text,html_add_massive_benign_text,html_add_massive_benign_text,html_obfuscate_text,html_prepend_massive_padding,html_text_to_image,html_obfuscate_text,html_add_dummy_script,html_add_cosmetic_div,html_swap_password_input,html_swap_password_input,html_add_external_link,html_add_external_link,html_add_external_link,html_swap_password_input,html_convert_links_to_buttons,html_add_iframe,html_add_dummy_script,html_obfuscate_form_action,html_obfuscate_form_action,html_insert_benign_meta,html_convert_links_to_buttons,html_add_cosmetic_div,html_add_massive_benign_text,html_prepend_massive_padding,html_obfuscate_form_action,html_add_benign_text,html_insert_benign_meta,html_insert_benign_meta,html_add_benign_text,html_add_benign_text,html_insert_benign_meta,html_convert_links_to_buttons,html_add_external_link,html_paraphrase_credentials,html_prepend_massive_padding",24.98123049736023,NONE,results\fast_track\html_samples\P_17_Semantic_V4_SimulatedAnnealing_adv.html
P_18,Semantic_V4,SimulatedAnnealing,FAILURE,50,13,0.990802272222997,0.9491747109040926,0.6402361305987009,0.9491747109040926,0.6324450223994552,0.9939464710050248,"html_text_to_image,html_obfuscate_form_action,html_text_to_image,html_add_iframe,html_add_benign_text,html_add_cosmetic_div,html_add_cosmetic_div,html_add_benign_text,html_swap_password_input,html_add_external_link,html_insert_benign_meta,html_add_dummy_script,html_prepend_massive_padding",71.26510071754456,NONE,results\fast_track\html_samples\P_18_Semantic_V4_SimulatedAnnealing_adv.html
P_19,Semantic_V4,SimulatedAnnealing,FAILURE,50,34,0.9813733011255795,0.9554331360965811,0.958605215385051,0.9554331360965811,0.9944463135160877,0.9992230764319027,"html_add_iframe,html_obfuscate_form_action,html_add_dummy_script,html_swap_password_input,html_swap_password_input,html_prepend_massive_padding,html_add_external_link,html_add_benign_text,html_obfuscate_text,html_obfuscate_form_action,html_obfuscate_text,html_add_benign_text,html_obfuscate_text,html_add_iframe,html_add_cosmetic_div,html_convert_links_to_buttons,html_add_massive_benign_text,html_insert_benign_meta,html_swap_password_input,html_add_benign_text,html_add_iframe,html_add_dummy_script,html_swap_password_input,html_paraphrase_credentials,html_convert_links_to_buttons,html_obfuscate_form_action,html_add_massive_benign_text,html_convert_links_to_buttons,html_add_benign_text,html_convert_links_to_buttons,html_add_cosmetic_div,html_obfuscate_form_action,html_add_iframe,html_obfuscate_text",21.03885531425476,NONE,results\fast_track\html_samples\P_19_Semantic_V4_SimulatedAnnealing_adv.html
P_20,Semantic_V4,SimulatedAnnealing,FAILURE,50,19,0.9967091196004606,0.8397103178426829,0.9528556429835048,0.8397103178426829,0.9941927546069241,0.9977837190372137,"html_add_massive_benign_text,html_add_cosmetic_div,html_insert_benign_meta,html_add_external_link,html_add_iframe,html_prepend_massive_padding,html_paraphrase_credentials,html_add_cosmetic_div,html_add_iframe,html_insert_benign_meta,html_insert_benign_meta,html_prepend_massive_padding,html_insert_benign_meta,html_obfuscate_text,html_swap_password_input,html_swap_password_input,html_add_cosmetic_div,html_obfuscate_form_action,html_prepend_massive_padding",26.070523977279663,NONE,results\fast_track\html_samples\P_20_Semantic_V4_SimulatedAnnealing_adv.html
P_21,Semantic_V4,SimulatedAnnealing,FAILURE,50,37,0.9834111494584677,0.956390244577601,0.9499275890598949,0.956390244577601,0.9878917253566788,0.9991863483903697,"html_add_cosmetic_div,html_paraphrase_credentials,html_add_iframe,html_add_external_link,html_add_massive_benign_text,html_obfuscate_form_action,html_obfuscate_form_action,html_convert_links_to_buttons,html_add_iframe,html_convert_links_to_buttons,html_obfuscate_text,html_obfuscate_text,html_add_benign_text,html_add_external_link,html_convert_links_to_buttons,html_add_external_link,html_add_external_link,html_add_cosmetic_div,html_add_iframe,html_add_external_link,html_add_massive_benign_text,html_add_cosmetic_div,html_add_massive_benign_text,html_add_cosmetic_div,html_obfuscate_text,html_insert_benign_meta,html_add_massive_benign_text,html_add_iframe,html_prepend_massive_padding,html_add_benign_text,html_add_cosmetic_div,html_add_iframe,html_add_iframe,html_swap_password_input,html_insert_benign_meta,html_add_iframe,html_prepend_massive_padding",41.441502809524536,NONE,results\fast_track\html_samples\P_21_Semantic_V4_SimulatedAnnealing_adv.html
P_22,Semantic_V4,SimulatedAnnealing,FAILURE,50,12,0.9968728232126202,0.9525249145433673,0.8737543623992535,0.9525249145433673,0.9857367262710558,0.9986414036088832,"html_obfuscate_text,html_add_external_link,html_obfuscate_text,html_add_benign_text,html_obfuscate_text,html_insert_benign_meta,html_add_dummy_script,html_obfuscate_form_action,html_convert_links_to_buttons,html_add_dummy_script,html_add_benign_text,html_prepend_massive_padding",46.20535922050476,NONE,results\fast_track\html_samples\P_22_Semantic_V4_SimulatedAnnealing_adv.html
P_23,Semantic_V4,SimulatedAnnealing,FAILURE,50,10,0.9465829756738892,0.8548215347944664,0.8293703723350069,0.8548215347944664,0.9806671239230869,0.9957852504654336,"html_obfuscate_text,html_add_dummy_script,html_swap_password_input,html_convert_links_to_buttons,html_obfuscate_text,html_obfuscate_form_action,html_obfuscate_form_action,html_add_cosmetic_div,html_add_iframe,html_prepend_massive_padding",37.4756543636322,NONE,results\fast_track\html_samples\P_23_Semantic_V4_SimulatedAnnealing_adv.html
P_24,Semantic_V4,SimulatedAnnealing,FAILURE,50,1,0.9112007010926837,0.9044674070290244,0.9561441021874941,0.9044674070290244,0.9937229463925097,0.9987675825594609,html_prepend_massive_padding,24.64760446548462,NONE,results\fast_track\html_samples\P_24_Semantic_V4_SimulatedAnnealing_adv.html
P_0,Semantic_V4,MCTS,FAILURE,50,4,0.9995904002841394,0.9952369293237044,0.9541627944574355,0.9952369293237044,0.9944703146018574,0.9994360816292602,"html_add_benign_text,html_add_iframe,html_convert_links_to_buttons,html_prepend_massive_padding",12.65086317062378,NONE,results\fast_track\html_samples\P_0_Semantic_V4_MCTS_adv.html
P_1,Semantic_V4,MCTS,FAILURE,50,2,0.999009410808569,0.9233204147044294,0.3113206722150495,0.9233204147044294,0.8711186538643436,0.9429293745539201,"html_add_cosmetic_div,html_prepend_massive_padding",18.4210045337677,NONE,results\fast_track\html_samples\P_1_Semantic_V4_MCTS_adv.html
P_2,Semantic_V4,MCTS,FAILURE,50,1,0.9320451549198477,0.9265676410512722,0.9468412724243672,0.9265676410512722,0.9923905221141373,0.9989230607827408,html_convert_links_to_buttons,35.86329483985901,NONE,results\fast_track\html_samples\P_2_Semantic_V4_MCTS_adv.html
P_3,Semantic_V4,MCTS,FAILURE,50,2,0.9877063554995072,0.8386626900640635,0.9456482450765136,0.8386626900640635,0.9939266616509187,0.9976597948967054,"html_prepend_massive_padding,html_prepend_massive_padding",27.544912576675415,NONE,results\fast_track\html_samples\P_3_Semantic_V4_MCTS_adv.html
P_4,Semantic_V4,MCTS,FAILURE,50,4,0.9710848948640519,0.8050435681861623,0.740929845249318,0.8050435681861623,0.967460184913017,0.9887092599278762,"html_insert_benign_meta,html_add_external_link,html_add_cosmetic_div,html_prepend_massive_padding",23.6415274143219,NONE,results\fast_track\html_samples\P_4_Semantic_V4_MCTS_adv.html
P_5,Semantic_V4,MCTS,FAILURE,50,1,0.9589506039907797,0.9162115205327918,0.10815920140387948,0.9162115205327918,0.23665547140302867,0.8121315712946326,html_convert_links_to_buttons,63.35860347747803,NONE,results\fast_track\html_samples\P_5_Semantic_V4_MCTS_adv.html
P_6,Semantic_V4,MCTS,FAILURE,50,0,0.7833780002182714,0.7833780002182714,0.9340399431674942,0.7833780002182714,0.9768717718769611,0.9959214907079207,,11.094963788986206,NONE,results\fast_track\html_samples\P_6_Semantic_V4_MCTS_adv.html
P_7,Semantic_V4,MCTS,FAILURE,50,0,0.948735488317481,0.948735488317481,0.9398177025131677,0.948735488317481,0.9936332260478724,0.9990728809014315,,23.4323992729187,NONE,results\fast_track\html_samples\P_7_Semantic_V4_MCTS_adv.html
P_8,Semantic_V4,MCTS,FAILURE,50,1,0.977655184078344,0.9742255412118063,0.6447788339828061,0.9742255412118063,0.9606830308670061,0.995269701264308,html_convert_links_to_buttons,15.563955068588257,NONE,results\fast_track\html_samples\P_8_Semantic_V4_MCTS_adv.html
P_9,Semantic_V4,MCTS,FAILURE,50,4,0.974031377132311,0.7165998417061491,0.914353247759056,0.7165998417061491,0.9930727236965559,0.9917495397799279,"html_convert_links_to_buttons,html_swap_password_input,html_convert_links_to_buttons,html_prepend_massive_padding",16.664074420928955,NONE,results\fast_track\html_samples\P_9_Semantic_V4_MCTS_adv.html
P_10,Semantic_V4,MCTS,FAILURE,50,1,0.9814230653491732,0.9726496161542892,0.956221183500142,0.9726496161542892,0.993156335815132,0.9993216513429116,html_convert_links_to_buttons,16.03540539741516,NONE,results\fast_track\html_samples\P_10_Semantic_V4_MCTS_adv.html
P_11,Semantic_V4,MCTS,FAILURE,50,4,0.9933160410474365,0.9798868347619335,0.944653059687455,0.9798868347619335,0.9928997757505482,0.999315238231451,"html_prepend_massive_padding,html_insert_benign_meta,html_paraphrase_credentials,html_prepend_massive_padding",37.609986543655396,NONE,results\fast_track\html_samples\P_11_Semantic_V4_MCTS_adv.html
P_12,Semantic_V4,MCTS,FAILURE,50,4,0.9990000045728534,0.9189814139491713,0.9236516206961277,0.9189814139491713,0.9934033055718076,0.9986685827437978,"html_text_to_image,html_add_iframe,html_prepend_massive_padding,html_prepend_massive_padding",9.987022876739502,NONE,results\fast_track\html_samples\P_12_Semantic_V4_MCTS_adv.html
P_13,Semantic_V4,MCTS,FAILURE,50,2,0.9932154680688848,0.933512703240338,0.9487758111626866,0.933512703240338,0.9941372171748205,0.9989987997883345,"html_convert_links_to_buttons,html_prepend_massive_padding",17.616053819656372,NONE,results\fast_track\html_samples\P_13_Semantic_V4_MCTS_adv.html
P_14,Semantic_V4,MCTS,FAILURE,50,2,0.9990986449340695,0.9935085688794484,0.9595136218082535,0.9935085688794484,0.9903507452901815,0.9994464326494775,"html_text_to_image,html_prepend_massive_padding",16.870213985443115,NONE,results\fast_track\html_samples\P_14_Semantic_V4_MCTS_adv.html
P_15,Semantic_V4,MCTS,FAILURE,50,0,0.9633773588942637,0.9633773588942637,0.6680819965009288,0.9633773588942637,0.8524398341470829,0.9955067098095364,,84.13508152961731,NONE,results\fast_track\html_samples\P_15_Semantic_V4_MCTS_adv.html
P_16,Semantic_V4,MCTS,FAILURE,50,4,0.9979780994145925,0.9196154656199561,0.9504514071376668,0.9196154656199561,0.9942148652624382,0.998881208266159,"html_add_cosmetic_div,html_add_iframe,html_add_massive_benign_text,html_prepend_massive_padding",15.590409994125366,NONE,results\fast_track\html_samples\P_16_Semantic_V4_MCTS_adv.html
P_17,Semantic_V4,MCTS,FAILURE,50,2,0.9985060970465324,0.9149261966245926,0.868381200613736,0.9149261966245926,0.9915242527591319,0.9980477905769629,"html_add_cosmetic_div,html_prepend_massive_padding",11.62312626838684,NONE,results\fast_track\html_samples\P_17_Semantic_V4_MCTS_adv.html
P_18,Semantic_V4,MCTS,FAILURE,50,3,0.990802272222997,0.9126736961792119,0.6402361305987009,0.9126736961792119,0.6952247899585646,0.9916851730580342,"html_add_iframe,html_add_cosmetic_div,html_prepend_massive_padding",46.509076833724976,NONE,results\fast_track\html_samples\P_18_Semantic_V4_MCTS_adv.html
P_19,Semantic_V4,MCTS,FAILURE,50,1,0.9813733011255795,0.9250027134288895,0.958605215385051,0.9250027134288895,0.994673404951211,0.9989860438577045,html_add_massive_benign_text,10.911789417266846,NONE,results\fast_track\html_samples\P_19_Semantic_V4_MCTS_adv.html
P_20,Semantic_V4,MCTS,FAILURE,50,1,0.9967091196004606,0.8427431362244604,0.9528556429835048,0.8427431362244604,0.9939887938316166,0.9978416864244514,html_prepend_massive_padding,11.343613862991333,NONE,results\fast_track\html_samples\P_20_Semantic_V4_MCTS_adv.html
P_21,Semantic_V4,MCTS,FAILURE,50,3,0.9834111494584677,0.943430067197427,0.9499275890598949,0.943430067197427,0.9933742484886356,0.9990886382108767,"html_add_iframe,html_add_benign_text,html_prepend_massive_padding",22.79064702987671,NONE,results\fast_track\html_samples\P_21_Semantic_V4_MCTS_adv.html
P_22,Semantic_V4,MCTS,FAILURE,50,1,0.9968728232126202,0.9231410739621853,0.8737543623992535,0.9231410739621853,0.9902991987428491,0.9982433691942422,html_prepend_massive_padding,26.054948091506958,NONE,results\fast_track\html_samples\P_22_Semantic_V4_MCTS_adv.html
P_23,Semantic_V4,MCTS,FAILURE,50,4,0.9465829756738892,0.8827231413806167,0.8293703723350069,0.8827231413806167,0.9839540131969723,0.9966959745871156,"html_add_iframe,html_obfuscate_text,html_insert_benign_meta,html_convert_links_to_buttons",22.085394144058228,NONE,results\fast_track\html_samples\P_23_Semantic_V4_MCTS_adv.html
P_24,Semantic_V4,MCTS,FAILURE,50,4,0.9112007010926837,0.8799308940163388,0.9561441021874941,0.8799308940163388,0.9937229463925097,0.9984725900327831,"html_add_external_link,html_swap_password_input,html_obfuscate_text,html_prepend_massive_padding",12.047778129577637,NONE,results\fast_track\html_samples\P_24_Semantic_V4_MCTS_adv.html
P_0,Baseline_V3,BeamSearch,FAILURE,50,2,0.9944853908026918,0.994439514982035,0.9530617768926058,0.9995904002841394,0.994439514982035,0.9994533941922279,"url_remove_suspicious_keywords,html_add_iframe",9.277880907058716,NONE,results\fast_track\html_samples\P_0_Baseline_V3_BeamSearch_adv.html
P_1,Baseline_V3,BeamSearch,FAILURE,50,2,0.8711186538643436,0.8706945170902491,0.3113206722150495,0.9971299096880399,0.8706945170902491,0.9692647249495916,"html_add_dummy_script,html_convert_links_to_buttons",10.34103274345398,NONE,results\fast_track\html_samples\P_1_Baseline_V3_BeamSearch_adv.html
P_2,Baseline_V3,BeamSearch,FAILURE,50,2,0.9926374163837729,0.9797116421781709,0.9468412724243672,0.9494092843454195,0.9797116421781709,0.9991181464620011,"html_obfuscate_text,html_paraphrase_credentials",10.978341817855835,NONE,results\fast_track\html_samples\P_2_Baseline_V3_BeamSearch_adv.html
P_3,Baseline_V3,BeamSearch,FAILURE,50,3,0.9939266616509187,0.9938732843831747,0.9456482450765136,0.9861559760635997,0.9938732843831747,0.9993558423201839,"html_add_dummy_script,html_add_dummy_script,html_obfuscate_text",11.075053691864014,NONE,results\fast_track\html_samples\P_3_Baseline_V3_BeamSearch_adv.html
P_4,Baseline_V3,BeamSearch,FAILURE,50,2,0.967460184913017,0.955976344855257,0.740929845249318,0.9782009876625589,0.955976344855257,0.9974999297213748,"html_paraphrase_credentials,html_add_dummy_script",10.568287372589111,NONE,results\fast_track\html_samples\P_4_Baseline_V3_BeamSearch_adv.html
P_5,Baseline_V3,BeamSearch,SUCCESS,1,0,0.19648639175200416,0.19648639175200416,0.10815920140387948,0.9589506039907797,0.19648639175200416,0.8627392576771673,,0.0,NONE,results\fast_track\html_samples\P_5_Baseline_V3_BeamSearch_adv.html
P_6,Baseline_V3,BeamSearch,FAILURE,50,2,0.9768717718769611,0.9730216845012368,0.9340399431674942,0.835011447903836,0.9730216845012368,0.9974013043566273,"html_convert_links_to_buttons,html_add_dummy_script",9.832323551177979,NONE,results\fast_track\html_samples\P_6_Baseline_V3_BeamSearch_adv.html
P_7,Baseline_V3,BeamSearch,FAILURE,50,3,0.9936332260478724,0.9933615560986522,0.933782269287871,0.948735488317481,0.9933615560986522,0.9990370245581541,"url_remove_suspicious_keywords,html_add_dummy_script,html_add_dummy_script",12.817510604858398,NONE,results\fast_track\html_samples\P_7_Baseline_V3_BeamSearch_adv.html
P_8,Baseline_V3,BeamSearch,FAILURE,50,3,0.9615831807650957,0.9489096084311002,0.6425123279084425,0.977655184078344,0.9489096084311002,0.9953433843409495,"html_add_dummy_script,html_add_dummy_script,url_remove_suspicious_keywords",10.09235954284668,NONE,results\fast_track\html_samples\P_8_Baseline_V3_BeamSearch_adv.html
P_9,Baseline_V3,BeamSearch,FAILURE,50,2,0.9929379574236241,0.9855057739361063,0.914353247759056,0.974031377132311,0.9855057739361063,0.999127950299535,"html_obfuscate_text,html_paraphrase_credentials",9.612000226974487,NONE,results\fast_track\html_samples\P_9_Baseline_V3_BeamSearch_adv.html
P_10,Baseline_V3,BeamSearch,FAILURE,50,2,0.9933068211504795,0.9923464101544223,0.956221183500142,0.9726496161542892,0.9923464101544223,0.9993216513429116,"html_add_dummy_script,html_convert_links_to_buttons",10.206544399261475,NONE,results\fast_track\html_samples\P_10_Baseline_V3_BeamSearch_adv.html
P_11,Baseline_V3,BeamSearch,FAILURE,50,2,0.9928990568282048,0.9795147441720445,0.7375130873654155,0.9933160410474365,0.9795147441720445,0.997761725073442,"url_remove_suspicious_keywords,html_add_iframe",13.861534833908081,NONE,results\fast_track\html_samples\P_11_Baseline_V3_BeamSearch_adv.html
P_12,Baseline_V3,BeamSearch,FAILURE,50,2,0.9933993785364034,0.993354442041259,0.9229300672387041,0.9990000045728534,0.993354442041259,0.9993359192112098,"url_remove_suspicious_keywords,html_add_dummy_script",9.881307125091553,NONE,results\fast_track\html_samples\P_12_Baseline_V3_BeamSearch_adv.html
P_13,Baseline_V3,BeamSearch,FAILURE,50,3,0.994136937877138,0.994048110393875,0.9480398421804616,0.9930574745038899,0.994048110393875,0.9994026541250842,"html_add_dummy_script,html_paraphrase_credentials,url_remove_suspicious_keywords",10.255474328994751,NONE,results\fast_track\html_samples\P_13_Baseline_V3_BeamSearch_adv.html
P_14,Baseline_V3,BeamSearch,FAILURE,50,2,0.9911269156141664,0.9845264996752456,0.9595136218082535,0.9987615079581529,0.9845264996752456,0.9994713096135087,"html_paraphrase_credentials,html_add_dummy_script",10.668402194976807,NONE,results\fast_track\html_samples\P_14_Baseline_V3_BeamSearch_adv.html
P_15,Baseline_V3,BeamSearch,FAILURE,50,2,0.8524398341470829,0.7256577987575382,0.6680819965009288,0.9633773588942637,0.7256577987575382,0.9955067098095364,"html_text_to_image,html_paraphrase_credentials",20.423676013946533,NONE,results\fast_track\html_samples\P_15_Baseline_V3_BeamSearch_adv.html
P_16,Baseline_V3,BeamSearch,FAILURE,50,2,0.994186693573486,0.9941513603888246,0.9500673556689149,0.9982100531830341,0.9941513603888246,0.9994362312705983,"html_paraphrase_credentials,url_remove_suspicious_keywords",10.30307126045227,NONE,results\fast_track\html_samples\P_16_Baseline_V3_BeamSearch_adv.html
P_17,Baseline_V3,BeamSearch,FAILURE,50,2,0.9915242527591319,0.9914859200618193,0.8677128979067655,0.9985180429559144,0.9914859200618193,0.9990562759612102,"url_remove_suspicious_keywords,html_paraphrase_credentials",9.747216939926147,NONE,results\fast_track\html_samples\P_17_Baseline_V3_BeamSearch_adv.html
P_18,Baseline_V3,BeamSearch,SUCCESS,13,1,0.6821289884477948,0.48645356510694865,0.6402361305987009,0.9912471367745984,0.48645356510694865,0.9958043938418153,html_paraphrase_credentials,3.5925452709198,NONE,results\fast_track\html_samples\P_18_Baseline_V3_BeamSearch_adv.html
P_19,Baseline_V3,BeamSearch,FAILURE,50,3,0.994673404951211,0.9941034640901526,0.9388175728770087,0.9813733011255795,0.9941034640901526,0.9992988235652197,"url_remove_suspicious_keywords,html_add_iframe,html_add_dummy_script",9.6048583984375,NONE,results\fast_track\html_samples\P_19_Baseline_V3_BeamSearch_adv.html
P_20,Baseline_V3,BeamSearch,FAILURE,50,3,0.9939887938316166,0.9939109324139154,0.9527101792779266,0.9967091196004606,0.9939109324139154,0.9994381922852503,"html_add_dummy_script,html_add_dummy_script,url_remove_suspicious_keywords",9.52616834640503,NONE,results\fast_track\html_samples\P_20_Baseline_V3_BeamSearch_adv.html
P_21,Baseline_V3,BeamSearch,FAILURE,50,1,0.9929166144284639,0.9929136411067612,0.9499275890598949,0.9834111494584677,0.9929136411067612,0.9993577008413601,html_add_dummy_script,11.050053596496582,NONE,results\fast_track\html_samples\P_21_Baseline_V3_BeamSearch_adv.html
P_22,Baseline_V3,BeamSearch,FAILURE,50,3,0.9902991987428491,0.9887259377330679,0.8737543623992535,0.9968728232126202,0.9887259377330679,0.9990782768044056,"html_add_dummy_script,html_add_dummy_script,html_add_dummy_script",12.001529216766357,NONE,results\fast_track\html_samples\P_22_Baseline_V3_BeamSearch_adv.html
P_23,Baseline_V3,BeamSearch,FAILURE,50,3,0.9878369426486349,0.9818129013315466,0.8293703723350069,0.8827231413806167,0.9818129013315466,0.9966959745871156,"html_convert_links_to_buttons,html_add_dummy_script,html_add_dummy_script",11.176490306854248,NONE,results\fast_track\html_samples\P_23_Baseline_V3_BeamSearch_adv.html
P_24,Baseline_V3,BeamSearch,FAILURE,50,3,0.9937229463925097,0.993626482880935,0.9561441021874941,0.9112007010926837,0.993626482880935,0.9988380752423273,"html_add_dummy_script,html_add_dummy_script,html_add_dummy_script",9.785345077514648,NONE,results\fast_track\html_samples\P_24_Baseline_V3_BeamSearch_adv.html
P_0,Baseline_V3,SimulatedAnnealing,FAILURE,50,46,0.9944853908026918,0.9940237479595107,0.9530617768926058,0.9947792388538218,0.9940237479595107,0.9994298835633593,"html_paraphrase_credentials,html_obfuscate_text,html_prepend_massive_padding,html_add_dummy_script,html_add_massive_benign_text,html_swap_password_input,html_obfuscate_form_action,html_add_massive_benign_text,html_obfuscate_text,html_swap_password_input,url_remove_suspicious_keywords,url_remove_suspicious_keywords,html_add_benign_text,html_convert_links_to_buttons,html_text_to_image,html_convert_links_to_buttons,html_add_cosmetic_div,html_add_dummy_script,html_prepend_massive_padding,html_add_benign_text,html_text_to_image,html_add_dummy_script,html_add_iframe,html_add_dummy_script,html_add_external_link,html_prepend_massive_padding,html_add_massive_benign_text,html_obfuscate_text,html_add_external_link,html_add_benign_text,html_add_external_link,html_text_to_image,html_add_benign_text,html_obfuscate_text,html_obfuscate_text,html_obfuscate_text,html_convert_links_to_buttons,html_add_massive_benign_text,html_swap_password_input,html_convert_links_to_buttons,html_insert_benign_meta,html_convert_links_to_buttons,html_text_to_image,html_add_cosmetic_div,url_remove_suspicious_keywords,html_add_iframe",16.135064840316772,NONE,results\fast_track\html_samples\P_0_Baseline_V3_SimulatedAnnealing_adv.html
P_1,Baseline_V3,SimulatedAnnealing,FAILURE,50,34,0.8711186538643436,0.8648367186562899,0.3113206722150495,0.92867552061529,0.8648367186562899,0.9454014309375735,"html_add_dummy_script,url_remove_suspicious_keywords,html_insert_benign_meta,html_obfuscate_text,html_convert_links_to_buttons,html_swap_password_input,html_insert_benign_meta,html_add_dummy_script,html_prepend_massive_padding,url_remove_suspicious_keywords,html_convert_links_to_buttons,html_obfuscate_text,html_add_iframe,html_obfuscate_form_action,html_swap_password_input,html_convert_links_to_buttons,url_remove_suspicious_keywords,html_paraphrase_credentials,html_insert_benign_meta,html_add_dummy_script,html_add_benign_text,html_swap_password_input,html_add_benign_text,html_obfuscate_text,html_prepend_massive_padding,html_add_dummy_script,html_add_massive_benign_text,html_add_external_link,html_swap_password_input,html_add_cosmetic_div,html_insert_benign_meta,html_obfuscate_text,html_add_dummy_script,html_convert_links_to_buttons",18.185569524765015,NONE,results\fast_track\html_samples\P_1_Baseline_V3_SimulatedAnnealing_adv.html
P_2,Baseline_V3,SimulatedAnnealing,FAILURE,50,43,0.9926374163837729,0.9345060341404436,0.936755070467686,0.9602204341795565,0.9345060341404436,0.9991452212915274,"html_obfuscate_text,html_add_iframe,html_obfuscate_form_action,html_add_external_link,html_obfuscate_form_action,html_paraphrase_credentials,html_swap_password_input,html_convert_links_to_buttons,html_prepend_massive_padding,html_obfuscate_form_action,html_obfuscate_text,html_add_dummy_script,html_convert_links_to_buttons,html_obfuscate_text,html_swap_password_input,html_obfuscate_form_action,html_prepend_massive_padding,html_obfuscate_text,html_swap_password_input,html_add_massive_benign_text,html_add_iframe,html_add_cosmetic_div,html_add_iframe,html_obfuscate_text,html_insert_benign_meta,html_add_dummy_script,html_add_benign_text,html_obfuscate_text,html_add_external_link,html_obfuscate_text,url_remove_suspicious_keywords,html_add_external_link,html_obfuscate_text,html_swap_password_input,html_add_external_link,html_convert_links_to_buttons,html_add_dummy_script,html_add_benign_text,html_convert_links_to_buttons,html_obfuscate_form_action,html_swap_password_input,html_add_dummy_script,html_add_iframe",28.635868310928345,NONE,results\fast_track\html_samples\P_2_Baseline_V3_SimulatedAnnealing_adv.html
P_3,Baseline_V3,SimulatedAnnealing,FAILURE,50,46,0.9939266616509187,0.992416924738911,0.9457703792647895,0.8805680154635386,0.992416924738911,0.998378773811354,"html_add_benign_text,html_insert_benign_meta,html_insert_benign_meta,html_add_external_link,html_prepend_massive_padding,html_add_benign_text,html_insert_benign_meta,html_obfuscate_text,html_add_iframe,html_add_external_link,html_add_iframe,html_swap_password_input,url_remove_suspicious_keywords,html_add_cosmetic_div,html_obfuscate_form_action,html_add_massive_benign_text,html_obfuscate_text,html_obfuscate_text,html_add_dummy_script,html_prepend_massive_padding,html_prepend_massive_padding,html_add_iframe,html_obfuscate_form_action,html_add_dummy_script,html_add_cosmetic_div,url_remove_suspicious_keywords,html_add_benign_text,html_obfuscate_text,html_obfuscate_text,html_convert_links_to_buttons,html_add_external_link,html_add_external_link,html_swap_password_input,html_add_cosmetic_div,html_swap_password_input,html_add_massive_benign_text,url_remove_suspicious_keywords,html_add_iframe,html_insert_benign_meta,html_prepend_massive_padding,html_obfuscate_text,url_remove_suspicious_keywords,html_add_benign_text,html_obfuscate_form_action,html_add_dummy_script,html_add_iframe",26.032061100006104,NONE,results\fast_track\html_samples\P_3_Baseline_V3_SimulatedAnnealing_adv.html
P_4,Baseline_V3,SimulatedAnnealing,FAILURE,50,48,0.967460184913017,0.9520560820100848,0.759666554338207,0.9400352472213854,0.9520560820100848,0.9968979633038728,"html_obfuscate_form_action,html_convert_links_to_buttons,html_paraphrase_credentials,html_add_benign_text,html_add_cosmetic_div,html_obfuscate_text,html_obfuscate_form_action,html_convert_links_to_buttons,html_text_to_image,html_obfuscate_form_action,html_obfuscate_form_action,html_add_dummy_script,html_insert_benign_meta,html_add_dummy_script,html_add_iframe,html_obfuscate_text,html_obfuscate_text,html_add_benign_text,url_remove_suspicious_keywords,url_remove_suspicious_keywords,html_add_massive_benign_text,html_add_iframe,html_obfuscate_text,html_insert_benign_meta,html_obfuscate_text,html_text_to_image,html_obfuscate_text,html_text_to_image,html_add_dummy_script,html_insert_benign_meta,html_swap_password_input,html_add_external_link,html_text_to_image,html_add_cosmetic_div,html_add_massive_benign_text,html_swap_password_input,html_insert_benign_meta,html_add_cosmetic_div,html_convert_links_to_buttons,html_add_external_link,html_swap_password_input,html_text_to_image,html_prepend_massive_padding,html_swap_password_input,html_obfuscate_form_action,html_add_massive_benign_text,url_remove_suspicious_keywords,html_add_dummy_script",25.147607564926147,NONE,results\fast_track\html_samples\P_4_Baseline_V3_SimulatedAnnealing_adv.html
P_5,Baseline_V3,SimulatedAnnealing,SUCCESS,1,0,0.19648639175200416,0.19648639175200416,0.10815920140387948,0.9589506039907797,0.19648639175200416,0.8627392576771673,,0.0,NONE,results\fast_track\html_samples\P_5_Baseline_V3_SimulatedAnnealing_adv.html
P_6,Baseline_V3,SimulatedAnnealing,FAILURE,50,47,0.9768717718769611,0.9748582331681214,0.9345285472055385,0.9303747885835157,0.9748582331681214,0.9988745118321756,"html_obfuscate_text,html_insert_benign_meta,url_remove_suspicious_keywords,html_add_cosmetic_div,html_obfuscate_form_action,html_add_iframe,html_obfuscate_form_action,html_add_dummy_script,html_convert_links_to_buttons,url_remove_suspicious_keywords,html_swap_password_input,html_insert_benign_meta,html_add_external_link,url_remove_suspicious_keywords,html_add_dummy_script,html_swap_password_input,html_add_massive_benign_text,html_add_benign_text,html_add_benign_text,html_swap_password_input,url_remove_suspicious_keywords,html_insert_benign_meta,html_add_iframe,html_insert_benign_meta,html_add_cosmetic_div,html_add_cosmetic_div,html_add_benign_text,html_obfuscate_form_action,html_add_massive_benign_text,html_swap_password_input,html_add_external_link,html_add_massive_benign_text,html_swap_password_input,html_prepend_massive_padding,html_convert_links_to_buttons,html_prepend_massive_padding,html_add_dummy_script,url_remove_suspicious_keywords,url_remove_suspicious_keywords,html_add_external_link,html_add_dummy_script,html_swap_password_input,html_obfuscate_text,html_convert_links_to_buttons,html_add_dummy_script,html_obfuscate_form_action,html_add_dummy_script",19.209967851638794,NONE,results\fast_track\html_samples\P_6_Baseline_V3_SimulatedAnnealing_adv.html
P_7,Baseline_V3,SimulatedAnnealing,FAILURE,50,44,0.9936332260478724,0.9924993103991265,0.933782269287871,0.9626193646230996,0.9924993103991265,0.9991471847569668,"html_insert_benign_meta,html_obfuscate_text,html_paraphrase_credentials,html_swap_password_input,html_add_cosmetic_div,html_obfuscate_form_action,html_swap_password_input,html_add_external_link,html_obfuscate_text,html_swap_password_input,html_obfuscate_form_action,html_obfuscate_form_action,url_remove_suspicious_keywords,html_add_external_link,html_insert_benign_meta,html_obfuscate_form_action,html_obfuscate_form_action,html_swap_password_input,html_add_iframe,html_convert_links_to_buttons,html_obfuscate_text,url_remove_suspicious_keywords,html_insert_benign_meta,html_add_dummy_script,html_add_benign_text,html_add_dummy_script,html_obfuscate_text,html_add_dummy_script,html_obfuscate_text,url_remove_suspicious_keywords,html_obfuscate_text,html_obfuscate_text,html_add_benign_text,url_remove_suspicious_keywords,html_add_cosmetic_div,html_convert_links_to_buttons,html_obfuscate_text,html_add_cosmetic_div,url_remove_suspicious_keywords,html_add_benign_text,html_add_external_link,html_obfuscate_text,html_insert_benign_meta,html_add_iframe",28.03729557991028,NONE,results\fast_track\html_samples\P_7_Baseline_V3_SimulatedAnnealing_adv.html
P_8,Baseline_V3,SimulatedAnnealing,FAILURE,50,42,0.9615831807650957,0.9445228648157806,0.6425123279084425,0.9723934702384261,0.9445228648157806,0.9951248467840234,"html_add_cosmetic_div,html_obfuscate_text,html_add_massive_benign_text,html_add_iframe,html_insert_benign_meta,html_add_benign_text,html_prepend_massive_padding,html_obfuscate_text,html_paraphrase_credentials,html_add_iframe,html_add_cosmetic_div,html_obfuscate_text,html_obfuscate_text,html_prepend_massive_padding,html_obfuscate_form_action,html_add_iframe,html_swap_password_input,html_add_massive_benign_text,html_obfuscate_text,html_insert_benign_meta,html_swap_password_input,html_obfuscate_text,html_add_dummy_script,html_swap_password_input,html_obfuscate_form_action,url_remove_suspicious_keywords,html_prepend_massive_padding,html_add_dummy_script,html_add_massive_benign_text,html_add_massive_benign_text,html_obfuscate_text,html_obfuscate_form_action,html_insert_benign_meta,html_add_cosmetic_div,html_obfuscate_text,url_remove_suspicious_keywords,html_add_benign_text,html_add_dummy_script,html_obfuscate_text,html_add_massive_benign_text,html_add_iframe,html_convert_links_to_buttons",21.724833250045776,NONE,results\fast_track\html_samples\P_8_Baseline_V3_SimulatedAnnealing_adv.html
P_9,Baseline_V3,SimulatedAnnealing,FAILURE,50,21,0.9929379574236241,0.9899390200934686,0.9157422418277649,0.8817732527902638,0.9899390200934686,0.9980627263730976,"html_prepend_massive_padding,html_insert_benign_meta,html_add_iframe,html_swap_password_input,html_add_cosmetic_div,html_add_massive_benign_text,html_convert_links_to_buttons,html_obfuscate_form_action,url_remove_suspicious_keywords,html_text_to_image,html_swap_password_input,html_insert_benign_meta,html_paraphrase_credentials,html_add_cosmetic_div,html_text_to_image,url_remove_suspicious_keywords,url_remove_suspicious_keywords,html_add_external_link,html_convert_links_to_buttons,html_swap_password_input,html_obfuscate_text",20.44545078277588,NONE,results\fast_track\html_samples\P_9_Baseline_V3_SimulatedAnnealing_adv.html
P_10,Baseline_V3,SimulatedAnnealing,FAILURE,50,40,0.9933068211504795,0.9856671990980862,0.95668272145249,0.9837602408953392,0.9856671990980862,0.9993862949049434,"html_obfuscate_form_action,html_obfuscate_text,html_prepend_massive_padding,html_obfuscate_form_action,html_insert_benign_meta,html_add_iframe,html_add_iframe,html_add_massive_benign_text,html_add_external_link,html_add_benign_text,html_add_iframe,html_add_dummy_script,html_add_dummy_script,html_add_massive_benign_text,html_add_massive_benign_text,html_prepend_massive_padding,html_insert_benign_meta,html_obfuscate_text,url_remove_suspicious_keywords,html_obfuscate_text,html_add_dummy_script,html_convert_links_to_buttons,html_add_iframe,html_obfuscate_text,html_swap_password_input,html_add_massive_benign_text,html_paraphrase_credentials,html_add_external_link,html_obfuscate_form_action,html_add_cosmetic_div,html_add_dummy_script,html_add_dummy_script,html_obfuscate_form_action,html_swap_password_input,html_convert_links_to_buttons,html_convert_links_to_buttons,html_convert_links_to_buttons,html_convert_links_to_buttons,html_add_external_link,html_add_dummy_script",21.6333065032959,NONE,results\fast_track\html_samples\P_10_Baseline_V3_SimulatedAnnealing_adv.html
P_11,Baseline_V3,SimulatedAnnealing,FAILURE,50,43,0.9928990568282048,0.9800362668457684,0.944653059687455,0.9874423069106835,0.9800362668457684,0.9993590548543801,"html_prepend_massive_padding,html_add_dummy_script,html_add_dummy_script,html_add_external_link,html_add_external_link,html_text_to_image,html_paraphrase_credentials,html_obfuscate_text,html_insert_benign_meta,html_add_external_link,html_add_iframe,html_obfuscate_form_action,html_swap_password_input,html_obfuscate_form_action,html_swap_password_input,html_add_cosmetic_div,html_add_cosmetic_div,html_add_external_link,html_add_iframe,html_add_cosmetic_div,html_obfuscate_form_action,html_add_massive_benign_text,html_convert_links_to_buttons,html_add_cosmetic_div,html_add_external_link,html_prepend_massive_padding,html_add_dummy_script,html_convert_links_to_buttons,html_swap_password_input,html_add_dummy_script,html_add_massive_benign_text,html_add_dummy_script,html_add_cosmetic_div,html_prepend_massive_padding,html_prepend_massive_padding,html_add_massive_benign_text,html_add_dummy_script,html_add_benign_text,html_add_external_link,html_add_iframe,html_add_iframe,html_convert_links_to_buttons,html_add_dummy_script",47.31539034843445,NONE,results\fast_track\html_samples\P_11_Baseline_V3_SimulatedAnnealing_adv.html
P_12,Baseline_V3,SimulatedAnnealing,FAILURE,50,47,0.9933993785364034,0.9932864202855343,0.9229300672387041,0.9615230303675241,0.9932864202855343,0.9990781616566371,"html_add_iframe,html_text_to_image,html_add_dummy_script,html_swap_password_input,html_add_dummy_script,html_add_benign_text,html_obfuscate_form_action,html_text_to_image,html_paraphrase_credentials,html_obfuscate_text,html_prepend_massive_padding,html_add_massive_benign_text,html_add_dummy_script,html_add_cosmetic_div,url_remove_suspicious_keywords,html_obfuscate_text,html_swap_password_input,html_prepend_massive_padding,html_insert_benign_meta,html_swap_password_input,url_remove_suspicious_keywords,html_add_iframe,html_add_massive_benign_text,html_add_benign_text,html_insert_benign_meta,html_add_iframe,html_add_dummy_script,html_add_massive_benign_text,html_add_benign_text,html_add_cosmetic_div,html_add_dummy_script,html_add_cosmetic_div,url_remove_suspicious_keywords,url_remove_suspicious_keywords,html_prepend_massive_padding,html_convert_links_to_buttons,html_prepend_massive_padding,html_obfuscate_form_action,html_convert_links_to_buttons,html_add_external_link,html_add_benign_text,html_add_massive_benign_text,html_add_massive_benign_text,html_swap_password_input,html_add_dummy_script,html_add_external_link,html_add_iframe",16.49954915046692,NONE,results\fast_track\html_samples\P_12_Baseline_V3_SimulatedAnnealing_adv.html
P_13,Baseline_V3,SimulatedAnnealing,FAILURE,50,40,0.994136937877138,0.9937234450399658,0.9480398421804616,0.9927307824007809,0.9937234450399658,0.9994009435917048,"html_add_external_link,html_add_external_link,html_obfuscate_text,url_remove_suspicious_keywords,html_convert_links_to_buttons,html_convert_links_to_buttons,html_obfuscate_form_action,html_add_benign_text,html_obfuscate_text,url_remove_suspicious_keywords,url_remove_suspicious_keywords,html_add_cosmetic_div,html_add_iframe,html_convert_links_to_buttons,html_obfuscate_form_action,html_add_iframe,html_insert_benign_meta,html_add_massive_benign_text,html_swap_password_input,html_obfuscate_form_action,html_add_benign_text,html_convert_links_to_buttons,html_insert_benign_meta,html_add_benign_text,html_obfuscate_form_action,html_add_cosmetic_div,html_add_cosmetic_div,html_paraphrase_credentials,html_add_dummy_script,html_swap_password_input,html_add_massive_benign_text,html_insert_benign_meta,html_add_benign_text,url_remove_suspicious_keywords,html_add_iframe,html_insert_benign_meta,html_swap_password_input,html_obfuscate_form_action,html_add_external_link,html_convert_links_to_buttons",22.849554777145386,NONE,results\fast_track\html_samples\P_13_Baseline_V3_SimulatedAnnealing_adv.html
P_14,Baseline_V3,SimulatedAnnealing,FAILURE,50,10,0.9911269156141664,0.9897173405889891,0.9595136218082535,0.9911775498793156,0.9897173405889891,0.9994350218172826,"html_add_external_link,html_prepend_massive_padding,html_text_to_image,html_add_external_link,html_add_massive_benign_text,html_add_external_link,html_add_external_link,html_insert_benign_meta,html_insert_benign_meta,html_add_dummy_script",24.453293561935425,NONE,results\fast_track\html_samples\P_14_Baseline_V3_SimulatedAnnealing_adv.html
P_15,Baseline_V3,SimulatedAnnealing,FAILURE,50,19,0.8524398341470829,0.770850933035127,0.6680819965009288,0.9672966763303026,0.770850933035127,0.9956576686118151,"html_swap_password_input,html_add_iframe,html_insert_benign_meta,html_add_iframe,html_obfuscate_form_action,html_swap_password_input,html_add_benign_text,html_add_dummy_script,html_text_to_image,html_add_iframe,html_add_massive_benign_text,html_obfuscate_form_action,html_obfuscate_text,html_add_dummy_script,html_swap_password_input,html_add_benign_text,html_swap_password_input,html_insert_benign_meta,html_add_dummy_script",109.82771682739258,NONE,results\fast_track\html_samples\P_15_Baseline_V3_SimulatedAnnealing_adv.html
P_16,Baseline_V3,SimulatedAnnealing,FAILURE,50,46,0.994186693573486,0.9935979950730776,0.9500673556689149,0.9127119242603603,0.9935979950730776,0.9988086883613825,"html_obfuscate_form_action,html_paraphrase_credentials,html_add_massive_benign_text,html_swap_password_input,html_obfuscate_form_action,html_add_iframe,html_convert_links_to_buttons,html_add_dummy_script,html_obfuscate_form_action,html_prepend_massive_padding,html_swap_password_input,html_convert_links_to_buttons,html_add_benign_text,html_add_benign_text,html_add_external_link,url_remove_suspicious_keywords,url_remove_suspicious_keywords,html_insert_benign_meta,html_add_massive_benign_text,html_add_massive_benign_text,html_add_cosmetic_div,html_add_dummy_script,html_swap_password_input,html_insert_benign_meta,html_add_iframe,html_add_iframe,html_add_cosmetic_div,html_insert_benign_meta,html_add_dummy_script,html_add_massive_benign_text,html_add_benign_text,html_obfuscate_form_action,html_add_external_link,html_add_iframe,html_add_dummy_script,html_obfuscate_text,html_convert_links_to_buttons,html_add_benign_text,html_add_massive_benign_text,html_add_dummy_script,html_add_massive_benign_text,html_add_iframe,html_add_iframe,html_add_iframe,html_add_cosmetic_div,html_add_iframe",22.045345783233643,NONE,results\fast_track\html_samples\P_16_Baseline_V3_SimulatedAnnealing_adv.html
P_17,Baseline_V3,SimulatedAnnealing,FAILURE,50,41,0.9915242527591319,0.9908409276304174,0.8677128979067655,0.9214433883829791,0.9908409276304174,0.9981481403679187,"url_remove_suspicious_keywords,html_obfuscate_text,html_obfuscate_text,html_add_external_link,html_prepend_massive_padding,html_add_iframe,html_add_cosmetic_div,html_add_cosmetic_div,html_swap_password_input,html_paraphrase_credentials,html_add_benign_text,html_swap_password_input,html_add_massive_benign_text,html_prepend_massive_padding,html_insert_benign_meta,html_convert_links_to_buttons,html_convert_links_to_buttons,html_insert_benign_meta,html_add_benign_text,html_obfuscate_form_action,html_obfuscate_text,html_add_iframe,html_convert_links_to_buttons,html_add_cosmetic_div,html_obfuscate_text,html_add_iframe,html_convert_links_to_buttons,html_obfuscate_form_action,html_swap_password_input,html_obfuscate_form_action,html_obfuscate_form_action,html_add_dummy_script,html_convert_links_to_buttons,html_add_iframe,html_convert_links_to_buttons,html_obfuscate_text,html_add_external_link,html_add_dummy_script,html_add_cosmetic_div,html_obfuscate_form_action,html_add_iframe",16.33626103401184,NONE,results\fast_track\html_samples\P_17_Baseline_V3_SimulatedAnnealing_adv.html
P_18,Baseline_V3,SimulatedAnnealing,FAILURE,50,15,0.6821289884477948,0.5756183831663606,0.6402361305987009,0.955614456290187,0.5756183831663606,0.9942765371232016,"html_text_to_image,html_add_dummy_script,html_add_benign_text,html_convert_links_to_buttons,html_prepend_massive_padding,html_insert_benign_meta,html_swap_password_input,html_obfuscate_form_action,html_prepend_massive_padding,html_obfuscate_form_action,html_swap_password_input,html_prepend_massive_padding,html_add_massive_benign_text,html_swap_password_input,html_paraphrase_credentials",52.08224606513977,NONE,results\fast_track\html_samples\P_18_Baseline_V3_SimulatedAnnealing_adv.html
P_19,Baseline_V3,SimulatedAnnealing,FAILURE,50,31,0.994673404951211,0.9937128439536774,0.9388175728770087,0.9227331885644355,0.9937128439536774,0.9988287109528333,"html_add_cosmetic_div,html_add_massive_benign_text,html_swap_password_input,html_swap_password_input,html_prepend_massive_padding,html_add_benign_text,html_add_external_link,html_add_benign_text,html_swap_password_input,html_obfuscate_form_action,html_add_benign_text,html_add_massive_benign_text,html_add_massive_benign_text,url_remove_suspicious_keywords,html_add_dummy_script,html_add_massive_benign_text,html_add_external_link,html_insert_benign_meta,html_obfuscate_form_action,html_obfuscate_text,html_convert_links_to_buttons,html_add_massive_benign_text,html_add_dummy_script,html_obfuscate_form_action,html_add_cosmetic_div,html_obfuscate_form_action,html_obfuscate_text,html_add_benign_text,html_prepend_massive_padding,html_obfuscate_text,html_add_dummy_script",15.794118642807007,NONE,results\fast_track\html_samples\P_19_Baseline_V3_SimulatedAnnealing_adv.html
P_20,Baseline_V3,SimulatedAnnealing,FAILURE,50,0,0.9939887938316166,0.9939887938316166,0.9528556429835048,0.9967091196004606,0.9939887938316166,0.9994387060525278,,17.971686840057373,NONE,results\fast_track\html_samples\P_20_Baseline_V3_SimulatedAnnealing_adv.html
P_21,Baseline_V3,SimulatedAnnealing,FAILURE,50,48,0.9929166144284639,0.9825837186461103,0.9500745556354014,0.9669023170957283,0.9825837186461103,0.999258544811779,"html_prepend_massive_padding,html_insert_benign_meta,html_obfuscate_form_action,html_add_massive_benign_text,html_paraphrase_credentials,html_add_massive_benign_text,html_prepend_massive_padding,html_add_dummy_script,html_add_benign_text,url_remove_suspicious_keywords,html_insert_benign_meta,html_add_benign_text,html_add_iframe,html_add_external_link,html_add_iframe,html_add_external_link,html_obfuscate_text,html_add_dummy_script,html_add_external_link,html_add_benign_text,html_add_massive_benign_text,html_swap_password_input,html_add_benign_text,html_convert_links_to_buttons,html_obfuscate_text,html_obfuscate_form_action,html_swap_password_input,html_obfuscate_text,html_add_dummy_script,html_add_dummy_script,html_add_benign_text,url_remove_suspicious_keywords,html_convert_links_to_buttons,html_prepend_massive_padding,html_add_massive_benign_text,html_convert_links_to_buttons,url_remove_suspicious_keywords,html_add_benign_text,html_add_cosmetic_div,html_obfuscate_form_action,html_add_massive_benign_text,html_add_dummy_script,url_remove_suspicious_keywords,html_add_benign_text,html_obfuscate_text,url_remove_suspicious_keywords,html_add_benign_text,html_add_dummy_script",30.56323790550232,NONE,results\fast_track\html_samples\P_21_Baseline_V3_SimulatedAnnealing_adv.html
P_22,Baseline_V3,SimulatedAnnealing,FAILURE,50,41,0.9902991987428491,0.9327508279731667,0.8738485038522642,0.9538739024345513,0.9327508279731667,0.9986581329723869,"html_add_massive_benign_text,html_obfuscate_text,html_add_cosmetic_div,html_swap_password_input,html_insert_benign_meta,html_swap_password_input,html_obfuscate_form_action,html_convert_links_to_buttons,html_insert_benign_meta,html_add_dummy_script,html_add_external_link,html_add_benign_text,html_add_external_link,html_add_benign_text,html_obfuscate_text,html_prepend_massive_padding,html_add_iframe,html_convert_links_to_buttons,html_obfuscate_text,url_remove_suspicious_keywords,html_insert_benign_meta,html_insert_benign_meta,html_obfuscate_text,html_insert_benign_meta,html_add_massive_benign_text,html_insert_benign_meta,html_add_external_link,html_swap_password_input,html_add_massive_benign_text,html_add_benign_text,html_add_dummy_script,html_add_cosmetic_div,html_obfuscate_form_action,html_add_cosmetic_div,html_swap_password_input,html_convert_links_to_buttons,html_add_dummy_script,html_add_benign_text,html_add_dummy_script,html_prepend_massive_padding,html_add_iframe",32.48801922798157,NONE,results\fast_track\html_samples\P_22_Baseline_V3_SimulatedAnnealing_adv.html
P_23,Baseline_V3,SimulatedAnnealing,FAILURE,50,48,0.9878369426486349,0.9736501342771908,0.8214589667269864,0.9309901037388935,0.9736501342771908,0.9977221428574486,"html_swap_password_input,html_add_cosmetic_div,url_remove_suspicious_keywords,html_add_dummy_script,html_obfuscate_text,html_add_massive_benign_text,html_add_dummy_script,html_add_external_link,html_obfuscate_form_action,html_obfuscate_form_action,html_add_cosmetic_div,html_paraphrase_credentials,url_remove_suspicious_keywords,html_add_iframe,html_swap_password_input,url_remove_suspicious_keywords,html_add_external_link,html_add_benign_text,url_remove_suspicious_keywords,html_convert_links_to_buttons,url_remove_suspicious_keywords,html_add_external_link,html_obfuscate_text,html_swap_password_input,html_add_dummy_script,html_insert_benign_meta,html_insert_benign_meta,html_prepend_massive_padding,html_convert_links_to_buttons,html_add_benign_text,html_prepend_massive_padding,html_add_dummy_script,html_swap_password_input,html_add_external_link,html_prepend_massive_padding,url_remove_suspicious_keywords,html_add_iframe,html_add_external_link,html_insert_benign_meta,html_add_dummy_script,html_convert_links_to_buttons,html_insert_benign_meta,html_add_external_link,html_obfuscate_form_action,html_swap_password_input,html_add_external_link,html_add_massive_benign_text,html_convert_links_to_buttons",26.838552236557007,NONE,results\fast_track\html_samples\P_23_Baseline_V3_SimulatedAnnealing_adv.html
P_24,Baseline_V3,SimulatedAnnealing,FAILURE,50,45,0.9937229463925097,0.9924859201943013,0.9562342778238851,0.9141427187870506,0.9924859201943013,0.9988682395157763,"html_add_massive_benign_text,html_prepend_massive_padding,html_add_iframe,html_obfuscate_form_action,html_prepend_massive_padding,html_add_iframe,html_add_external_link,html_add_massive_benign_text,html_swap_password_input,html_add_dummy_script,html_add_dummy_script,html_add_external_link,html_convert_links_to_buttons,url_remove_suspicious_keywords,html_add_iframe,url_remove_suspicious_keywords,url_remove_suspicious_keywords,html_convert_links_to_buttons,html_add_external_link,html_obfuscate_form_action,html_obfuscate_form_action,html_add_dummy_script,html_obfuscate_form_action,html_add_external_link,html_add_cosmetic_div,html_convert_links_to_buttons,url_remove_suspicious_keywords,html_add_massive_benign_text,html_obfuscate_form_action,url_remove_suspicious_keywords,html_obfuscate_text,html_obfuscate_text,html_swap_password_input,html_add_cosmetic_div,html_add_benign_text,html_obfuscate_text,url_remove_suspicious_keywords,html_add_iframe,url_remove_suspicious_keywords,html_insert_benign_meta,html_obfuscate_text,html_convert_links_to_buttons,html_swap_password_input,url_remove_suspicious_keywords,html_add_iframe",16.94129490852356,NONE,results\fast_track\html_samples\P_24_Baseline_V3_SimulatedAnnealing_adv.html
P_0,Baseline_V3,MCTS,FAILURE,50,4,0.9944853908026918,0.9944315082514289,0.9541627944574355,0.9995904002841394,0.9944315082514289,0.9994571664004794,"html_insert_benign_meta,html_add_iframe,html_add_dummy_script,html_add_iframe",11.644673824310303,NONE,results\fast_track\html_samples\P_0_Baseline_V3_MCTS_adv.html
P_1,Baseline_V3,MCTS,FAILURE,50,1,0.8711186538643436,0.8707866048029786,0.3113206722150495,0.999009410808569,0.8707866048029786,0.9697513297973688,html_add_dummy_script,14.492964029312134,NONE,results\fast_track\html_samples\P_1_Baseline_V3_MCTS_adv.html
P_2,Baseline_V3,MCTS,FAILURE,50,4,0.9926374163837729,0.9809694129994395,0.9468412724243672,0.9507813281950676,0.9809694129994395,0.9991286705630799,"html_obfuscate_text,html_text_to_image,html_add_external_link,html_add_iframe",24.8464035987854,NONE,results\fast_track\html_samples\P_2_Baseline_V3_MCTS_adv.html
P_3,Baseline_V3,MCTS,FAILURE,50,4,0.9939266616509187,0.993796264068857,0.9456482450765136,0.9877063554995072,0.993796264068857,0.9993645242210274,"html_add_iframe,html_add_massive_benign_text,html_add_external_link,html_add_iframe",19.613661766052246,NONE,results\fast_track\html_samples\P_3_Baseline_V3_MCTS_adv.html
P_4,Baseline_V3,MCTS,FAILURE,50,4,0.967460184913017,0.9594322869389201,0.740929845249318,0.9687845366212855,0.9594322869389201,0.9972855933164522,"html_text_to_image,html_convert_links_to_buttons,html_obfuscate_form_action,html_paraphrase_credentials",20.185328245162964,NONE,results\fast_track\html_samples\P_4_Baseline_V3_MCTS_adv.html
P_5,Baseline_V3,MCTS,SUCCESS,1,0,0.19648639175200416,0.19648639175200416,0.10815920140387948,0.9589506039907797,0.19648639175200416,0.8627392576771673,,0.0,NONE,results\fast_track\html_samples\P_5_Baseline_V3_MCTS_adv.html
P_6,Baseline_V3,MCTS,FAILURE,50,4,0.9768717718769611,0.9277856713630844,0.9340399431674942,0.8920221882365093,0.9277856713630844,0.9984210967448721,"html_add_external_link,html_swap_password_input,html_swap_password_input,html_convert_links_to_buttons",16.605494737625122,NONE,results\fast_track\html_samples\P_6_Baseline_V3_MCTS_adv.html
P_7,Baseline_V3,MCTS,FAILURE,50,3,0.9936332260478724,0.9934324857753403,0.933782269287871,0.948735488317481,0.9934324857753403,0.9990370245581541,"html_add_dummy_script,html_insert_benign_meta,url_remove_suspicious_keywords",22.127569437026978,NONE,results\fast_track\html_samples\P_7_Baseline_V3_MCTS_adv.html
P_8,Baseline_V3,MCTS,FAILURE,50,4,0.9615831807650957,0.9521126628079701,0.6425123279084425,0.9875720013524186,0.9521126628079701,0.9957290994429042,"html_swap_password_input,html_add_benign_text,url_remove_suspicious_keywords,html_add_dummy_script",13.863301515579224,NONE,results\fast_track\html_samples\P_8_Baseline_V3_MCTS_adv.html
P_9,Baseline_V3,MCTS,FAILURE,50,4,0.9929379574236241,0.9903096861809355,0.914353247759056,0.974031377132311,0.9903096861809355,0.999127950299535,"html_obfuscate_form_action,html_add_benign_text,html_add_cosmetic_div,html_obfuscate_text",15.806753873825073,NONE,results\fast_track\html_samples\P_9_Baseline_V3_MCTS_adv.html
P_10,Baseline_V3,MCTS,FAILURE,50,4,0.9933068211504795,0.9929745047960561,0.956221183500142,0.9892374850233526,0.9929745047960561,0.9994133219111565,"html_prepend_massive_padding,html_paraphrase_credentials,html_add_cosmetic_div,html_add_dummy_script",15.96763801574707,NONE,results\fast_track\html_samples\P_10_Baseline_V3_MCTS_adv.html
P_11,Baseline_V3,MCTS,FAILURE,50,3,0.9928990568282048,0.9924199647142308,0.944653059687455,0.9923808091908313,0.9924199647142308,0.9993861690804335,"html_obfuscate_text,html_add_external_link,html_convert_links_to_buttons",40.10539889335632,NONE,results\fast_track\html_samples\P_11_Baseline_V3_MCTS_adv.html
P_12,Baseline_V3,MCTS,FAILURE,50,2,0.9933993785364034,0.9933753337627311,0.9229300672387041,0.9990000045728534,0.9933753337627311,0.9993359192112098,"html_insert_benign_meta,url_remove_suspicious_keywords",12.484469652175903,NONE,results\fast_track\html_samples\P_12_Baseline_V3_MCTS_adv.html
P_13,Baseline_V3,MCTS,FAILURE,50,4,0.994136937877138,0.9940652412383378,0.9487758111626866,0.9926888908091354,0.9940652412383378,0.9994034914036718,"html_obfuscate_form_action,html_add_external_link,html_obfuscate_text,html_convert_links_to_buttons",19.325889587402344,NONE,results\fast_track\html_samples\P_13_Baseline_V3_MCTS_adv.html
P_14,Baseline_V3,MCTS,FAILURE,50,1,0.9911269156141664,0.9862597692654671,0.9595136218082535,0.9987615079581529,0.9862597692654671,0.9994713096135087,html_paraphrase_credentials,18.119709014892578,NONE,results\fast_track\html_samples\P_14_Baseline_V3_MCTS_adv.html
P_15,Baseline_V3,MCTS,FAILURE,50,4,0.8524398341470829,0.7262766434025363,0.6686951982085785,0.9633773588942637,0.7262766434025363,0.9955239383518703,"html_add_benign_text,url_remove_suspicious_keywords,html_text_to_image,html_paraphrase_credentials",86.1237633228302,NONE,results\fast_track\html_samples\P_15_Baseline_V3_MCTS_adv.html
P_16,Baseline_V3,MCTS,FAILURE,50,4,0.994186693573486,0.9940904142570921,0.9504514071376668,0.9973163767123794,0.9940904142570921,0.9994331747789849,"html_obfuscate_text,html_add_external_link,html_swap_password_input,html_convert_links_to_buttons",17.777459859848022,NONE,results\fast_track\html_samples\P_16_Baseline_V3_MCTS_adv.html
P_17,Baseline_V3,MCTS,FAILURE,50,4,0.9915242527591319,0.991119011338305,0.868381200613736,0.9912836302311094,0.991119011338305,0.9989988249011997,"html_add_cosmetic_div,html_add_benign_text,html_add_external_link,html_convert_links_to_buttons",12.77113938331604,NONE,results\fast_track\html_samples\P_17_Baseline_V3_MCTS_adv.html
P_18,Baseline_V3,MCTS,SUCCESS,11,2,0.6821289884477948,0.4856530173775775,0.6402361305987009,0.989806388081194,0.4856530173775775,0.9957513441866154,"html_text_to_image,html_paraphrase_credentials",9.220868110656738,NONE,results\fast_track\html_samples\P_18_Baseline_V3_MCTS_adv.html
P_19,Baseline_V3,MCTS,FAILURE,50,4,0.994673404951211,0.9941043728829646,0.9388175728770087,0.9532920945660236,0.9941043728829646,0.999103498662228,"html_add_cosmetic_div,html_add_iframe,html_prepend_massive_padding,url_remove_suspicious_keywords",11.658825635910034,NONE,results\fast_track\html_samples\P_19_Baseline_V3_MCTS_adv.html
P_20,Baseline_V3,MCTS,FAILURE,50,2,0.9939887938316166,0.9939509899290321,0.9527101792779266,0.9967091196004606,0.9939509899290321,0.9994381922852503,"html_add_dummy_script,url_remove_suspicious_keywords",13.744842290878296,NONE,results\fast_track\html_samples\P_20_Baseline_V3_MCTS_adv.html
P_21,Baseline_V3,MCTS,FAILURE,50,3,0.9929166144284639,0.9910377320447161,0.9499275890598949,0.9729480588125733,0.9910377320447161,0.9992961055071369,"html_add_external_link,html_add_cosmetic_div,html_convert_links_to_buttons",23.004990577697754,NONE,results\fast_track\html_samples\P_21_Baseline_V3_MCTS_adv.html
P_22,Baseline_V3,MCTS,FAILURE,50,3,0.9902991987428491,0.9901136580840396,0.8737543623992535,0.9815172658788566,0.9901136580840396,0.9989457377220555,"html_prepend_massive_padding,html_add_benign_text,html_add_dummy_script",24.456515312194824,NONE,results\fast_track\html_samples\P_22_Baseline_V3_MCTS_adv.html
P_23,Baseline_V3,MCTS,FAILURE,50,3,0.9878369426486349,0.9839540131969723,0.8293703723350069,0.8827231413806167,0.9839540131969723,0.9966959745871156,"html_convert_links_to_buttons,html_swap_password_input,html_add_iframe",19.185224533081055,NONE,results\fast_track\html_samples\P_23_Baseline_V3_MCTS_adv.html
P_24,Baseline_V3,MCTS,FAILURE,50,2,0.9937229463925097,0.9936893955831578,0.9561441021874941,0.9112007010926837,0.9936893955831578,0.9988380752423273,"html_add_dummy_script,html_add_dummy_script",11.299044132232666,NONE,results\fast_track\html_samples\P_24_Baseline_V3_MCTS_adv.html
P_0,Hardened_V4,BeamSearch,FAILURE,50,2,0.9994571664004794,0.9994267489097485,0.9530617768926058,0.9941528020162291,0.9944546746870798,0.9994267489097485,"html_prepend_massive_padding,url_remove_suspicious_keywords",6.2283642292022705,NONE,results\fast_track\html_samples\P_0_Hardened_V4_BeamSearch_adv.html
P_1,Hardened_V4,BeamSearch,FAILURE,50,2,0.9697513297973688,0.9362525515335647,0.3113206722150495,0.9098760786988577,0.8709100323434477,0.9362525515335647,"html_convert_links_to_buttons,html_prepend_massive_padding",7.820055246353149,NONE,results\fast_track\html_samples\P_1_Hardened_V4_BeamSearch_adv.html
P_2,Hardened_V4,BeamSearch,FAILURE,50,2,0.9989734524923723,0.9988525682688922,0.936755070467686,0.9265676410512722,0.9919942362111076,0.9988525682688922,"url_remove_suspicious_keywords,html_convert_links_to_buttons",9.36785340309143,NONE,results\fast_track\html_samples\P_2_Hardened_V4_BeamSearch_adv.html
P_3,Hardened_V4,BeamSearch,FAILURE,50,2,0.9993645242210274,0.9965622941596018,0.9456482450765136,0.794626878176332,0.9939266616509187,0.9965622941596018,"html_prepend_massive_padding,html_prepend_massive_padding",9.524356603622437,NONE,results\fast_track\html_samples\P_3_Hardened_V4_BeamSearch_adv.html
P_4,Hardened_V4,BeamSearch,FAILURE,50,2,0.9973395881079229,0.9944719121582715,0.740929845249318,0.8872485221168892,0.967460184913017,0.9944719121582715,"html_prepend_massive_padding,html_prepend_massive_padding",9.662271738052368,NONE,results\fast_track\html_samples\P_4_Hardened_V4_BeamSearch_adv.html
P_5,Hardened_V4,BeamSearch,FAILURE,50,2,0.8627392576771673,0.8121107379845549,0.1081375047442472,0.9162115205327918,0.23663558865858259,0.8121107379845549,"html_convert_links_to_buttons,url_remove_suspicious_keywords",15.711948871612549,NONE,results\fast_track\html_samples\P_5_Hardened_V4_BeamSearch_adv.html
P_6,Hardened_V4,BeamSearch,FAILURE,50,0,0.9959214907079207,0.9959214907079207,0.9340399431674942,0.7833780002182714,0.9768717718769611,0.9959214907079207,,5.708261728286743,NONE,results\fast_track\html_samples\P_6_Hardened_V4_BeamSearch_adv.html
P_7,Hardened_V4,BeamSearch,FAILURE,50,1,0.9990728809014315,0.9990370245581541,0.933782269287871,0.948735488317481,0.9934365767706262,0.9990370245581541,url_remove_suspicious_keywords,10.26632833480835,NONE,results\fast_track\html_samples\P_7_Hardened_V4_BeamSearch_adv.html
P_8,Hardened_V4,BeamSearch,FAILURE,50,2,0.9954090293894542,0.9952020736031686,0.6425123279084425,0.9742255412118063,0.9602464369975691,0.9952020736031686,"html_convert_links_to_buttons,url_remove_suspicious_keywords",7.960419654846191,NONE,results\fast_track\html_samples\P_8_Hardened_V4_BeamSearch_adv.html
P_9,Hardened_V4,BeamSearch,FAILURE,50,2,0.999127950299535,0.9922001870246779,0.914353247759056,0.7230651764722805,0.9929379574236241,0.9922001870246779,"html_prepend_massive_padding,html_prepend_massive_padding",8.619741201400757,NONE,results\fast_track\html_samples\P_9_Hardened_V4_BeamSearch_adv.html
P_10,Hardened_V4,BeamSearch,FAILURE,50,1,0.9993717906048092,0.9993216513429116,0.956221183500142,0.9726496161542892,0.993156335815132,0.9993216513429116,html_convert_links_to_buttons,8.85425353050232,NONE,results\fast_track\html_samples\P_10_Hardened_V4_BeamSearch_adv.html
P_11,Hardened_V4,BeamSearch,FAILURE,50,2,0.9993911732500204,0.9973251056618582,0.7375130873654155,0.9729184897611929,0.9799563325067662,0.9973251056618582,"html_prepend_massive_padding,url_remove_suspicious_keywords",11.736469268798828,NONE,results\fast_track\html_samples\P_11_Hardened_V4_BeamSearch_adv.html
P_12,Hardened_V4,BeamSearch,FAILURE,50,2,0.9993389258639671,0.9989381573938519,0.9229300672387041,0.9453628388086949,0.9933753337627311,0.9989381573938519,"url_remove_suspicious_keywords,html_prepend_massive_padding",6.7456676959991455,NONE,results\fast_track\html_samples\P_12_Hardened_V4_BeamSearch_adv.html
P_13,Hardened_V4,BeamSearch,FAILURE,50,2,0.9994062344027416,0.9990918143967933,0.9480398421804616,0.9451855101336618,0.9941151361668047,0.9990918143967933,"html_prepend_massive_padding,url_remove_suspicious_keywords",8.121806383132935,NONE,results\fast_track\html_samples\P_13_Hardened_V4_BeamSearch_adv.html
P_14,Hardened_V4,BeamSearch,FAILURE,50,2,0.9994728675281361,0.9994467854280037,0.9595136218082535,0.9935813979299581,0.9862597692654671,0.9994467854280037,"html_paraphrase_credentials,html_prepend_massive_padding",8.364307165145874,NONE,results\fast_track\html_samples\P_14_Hardened_V4_BeamSearch_adv.html
P_15,Hardened_V4,BeamSearch,FAILURE,50,0,0.9955067098095364,0.9955067098095364,0.6680819965009288,0.9633773588942637,0.8524398341470829,0.9955067098095364,,16.739477396011353,NONE,results\fast_track\html_samples\P_15_Hardened_V4_BeamSearch_adv.html
P_16,Hardened_V4,BeamSearch,FAILURE,50,3,0.9994364483999209,0.9985930681017982,0.9500673556689149,0.8936925122786357,0.994175422696904,0.9985930681017982,"html_add_massive_benign_text,html_prepend_massive_padding,url_remove_suspicious_keywords",8.014731884002686,NONE,results\fast_track\html_samples\P_16_Hardened_V4_BeamSearch_adv.html
P_17,Hardened_V4,BeamSearch,FAILURE,50,2,0.9990601347059936,0.998040412493409,0.868381200613736,0.9144946356185262,0.9915242527591319,0.998040412493409,"html_add_massive_benign_text,html_prepend_massive_padding",7.3340325355529785,NONE,results\fast_track\html_samples\P_17_Hardened_V4_BeamSearch_adv.html
P_18,Hardened_V4,BeamSearch,FAILURE,50,2,0.9957880843061255,0.9935484800966687,0.6402361305987009,0.9418585769470731,0.6821289884477948,0.9935484800966687,"html_convert_links_to_buttons,html_prepend_massive_padding",11.825397968292236,NONE,results\fast_track\html_samples\P_18_Hardened_V4_BeamSearch_adv.html
P_19,Hardened_V4,BeamSearch,FAILURE,50,2,0.9993808698919405,0.998851735808548,0.9388175728770087,0.9250027134288895,0.9941142672300028,0.998851735808548,"html_add_massive_benign_text,url_remove_suspicious_keywords",7.389280796051025,NONE,results\fast_track\html_samples\P_19_Hardened_V4_BeamSearch_adv.html
P_20,Hardened_V4,BeamSearch,FAILURE,50,3,0.9994387060525278,0.9984576879687648,0.9527101792779266,0.8812880569113407,0.993984383055889,0.9984576879687648,"html_prepend_massive_padding,html_prepend_massive_padding,url_remove_suspicious_keywords",7.335072040557861,NONE,results\fast_track\html_samples\P_20_Hardened_V4_BeamSearch_adv.html
P_21,Hardened_V4,BeamSearch,FAILURE,50,2,0.9993577008413601,0.9991513226744554,0.9499275890598949,0.9515738777962456,0.9929166144284639,0.9991513226744554,"html_convert_links_to_buttons,html_prepend_massive_padding",9.946627378463745,NONE,results\fast_track\html_samples\P_21_Hardened_V4_BeamSearch_adv.html
P_22,Hardened_V4,BeamSearch,FAILURE,50,2,0.9990782768044056,0.9986602795100255,0.8737543623992535,0.9541245915183493,0.9902991987428491,0.9986602795100255,"html_prepend_massive_padding,html_prepend_massive_padding",10.46603512763977,NONE,results\fast_track\html_samples\P_22_Hardened_V4_BeamSearch_adv.html
P_23,Hardened_V4,BeamSearch,FAILURE,50,3,0.9981086850270343,0.9960109929412478,0.8214589667269864,0.8668176275963311,0.9873451653899323,0.9960109929412478,"html_prepend_massive_padding,html_prepend_massive_padding,url_remove_suspicious_keywords",9.942728757858276,NONE,results\fast_track\html_samples\P_23_Hardened_V4_BeamSearch_adv.html
P_24,Hardened_V4,BeamSearch,FAILURE,50,3,0.9988380752423273,0.9986389200066468,0.9561441021874941,0.8931144177693705,0.9937229463925097,0.9986389200066468,"html_add_cosmetic_div,html_prepend_massive_padding,html_prepend_massive_padding",7.611098766326904,NONE,results\fast_track\html_samples\P_24_Hardened_V4_BeamSearch_adv.html
P_0,Hardened_V4,SimulatedAnnealing,FAILURE,50,12,0.9994571664004794,0.9994276893031517,0.9530617768926058,0.9943403723397519,0.994452182766787,0.9994276893031517,"html_convert_links_to_buttons,html_swap_password_input,html_convert_links_to_buttons,html_swap_password_input,html_swap_password_input,html_insert_benign_meta,html_add_dummy_script,html_obfuscate_text,html_convert_links_to_buttons,url_remove_suspicious_keywords,html_obfuscate_form_action,html_prepend_massive_padding",13.365975618362427,NONE,results\fast_track\html_samples\P_0_Hardened_V4_SimulatedAnnealing_adv.html
P_1,Hardened_V4,SimulatedAnnealing,FAILURE,50,15,0.9697513297973688,0.9344603989640742,0.3113206722150495,0.9064915907312607,0.8713562671618187,0.9344603989640742,"html_text_to_image,html_add_dummy_script,html_obfuscate_form_action,html_add_dummy_script,html_add_iframe,html_swap_password_input,html_add_cosmetic_div,html_add_massive_benign_text,html_prepend_massive_padding,html_add_cosmetic_div,html_add_dummy_script,html_obfuscate_form_action,html_add_cosmetic_div,html_add_iframe,html_prepend_massive_padding",17.495388507843018,NONE,results\fast_track\html_samples\P_1_Hardened_V4_SimulatedAnnealing_adv.html
P_2,Hardened_V4,SimulatedAnnealing,FAILURE,50,0,0.9989734524923723,0.9989734524923723,0.9468412724243672,0.9320451549198477,0.9926374163837729,0.9989734524923723,,25.720484018325806,NONE,results\fast_track\html_samples\P_2_Hardened_V4_SimulatedAnnealing_adv.html
P_3,Hardened_V4,SimulatedAnnealing,FAILURE,50,16,0.9993645242210274,0.9959010546579165,0.9457703792647895,0.7743759828287519,0.9938002066611007,0.9959010546579165,"html_add_benign_text,html_add_iframe,html_prepend_massive_padding,html_obfuscate_text,html_insert_benign_meta,html_add_cosmetic_div,html_add_cosmetic_div,html_obfuscate_form_action,html_obfuscate_text,html_swap_password_input,html_obfuscate_form_action,html_add_iframe,html_add_external_link,html_add_massive_benign_text,url_remove_suspicious_keywords,html_prepend_massive_padding",27.274179935455322,NONE,results\fast_track\html_samples\P_3_Hardened_V4_SimulatedAnnealing_adv.html
P_4,Hardened_V4,SimulatedAnnealing,FAILURE,50,44,0.9973395881079229,0.9940228137747853,0.759666554338207,0.8648151149200508,0.9541767579300439,0.9940228137747853,"html_obfuscate_text,html_convert_links_to_buttons,html_insert_benign_meta,html_add_external_link,html_add_iframe,html_add_dummy_script,html_paraphrase_credentials,html_add_dummy_script,html_obfuscate_text,url_remove_suspicious_keywords,html_add_benign_text,html_add_iframe,html_swap_password_input,html_swap_password_input,html_swap_password_input,html_text_to_image,html_add_dummy_script,html_insert_benign_meta,html_add_dummy_script,html_obfuscate_text,html_convert_links_to_buttons,html_insert_benign_meta,html_convert_links_to_buttons,html_prepend_massive_padding,html_text_to_image,html_add_external_link,html_add_external_link,html_add_massive_benign_text,html_insert_benign_meta,html_add_external_link,html_swap_password_input,html_add_iframe,html_add_benign_text,html_add_external_link,html_add_benign_text,url_remove_suspicious_keywords,html_add_benign_text,url_remove_suspicious_keywords,html_insert_benign_meta,html_swap_password_input,html_obfuscate_form_action,html_add_dummy_script,html_add_dummy_script,html_prepend_massive_padding",26.78048539161682,NONE,results\fast_track\html_samples\P_4_Hardened_V4_SimulatedAnnealing_adv.html
P_5,Hardened_V4,SimulatedAnnealing,FAILURE,50,5,0.8627392576771673,0.8627230877901371,0.1081375047442472,0.9589506039907797,0.1945195508337749,0.8627230877901371,"html_obfuscate_form_action,html_insert_benign_meta,html_add_benign_text,html_add_iframe,url_remove_suspicious_keywords",76.42096948623657,NONE,results\fast_track\html_samples\P_5_Hardened_V4_SimulatedAnnealing_adv.html
P_6,Hardened_V4,SimulatedAnnealing,FAILURE,50,0,0.9959214907079207,0.9959214907079207,0.9340399431674942,0.7833780002182714,0.9768717718769611,0.9959214907079207,,14.36710000038147,NONE,results\fast_track\html_samples\P_6_Hardened_V4_SimulatedAnnealing_adv.html
P_7,Hardened_V4,SimulatedAnnealing,FAILURE,50,0,0.9990728809014315,0.9990728809014315,0.9398177025131677,0.948735488317481,0.9936332260478724,0.9990728809014315,,26.48305630683899,NONE,results\fast_track\html_samples\P_7_Hardened_V4_SimulatedAnnealing_adv.html
P_8,Hardened_V4,SimulatedAnnealing,FAILURE,50,0,0.9954090293894542,0.9954090293894542,0.6447788339828061,0.977655184078344,0.9615831807650957,0.9954090293894542,,19.679731130599976,NONE,results\fast_track\html_samples\P_8_Hardened_V4_SimulatedAnnealing_adv.html
P_9,Hardened_V4,SimulatedAnnealing,FAILURE,50,29,0.999127950299535,0.9923319025327696,0.9157422418277649,0.7240269056692472,0.9890908978612142,0.9923319025327696,"html_text_to_image,html_insert_benign_meta,html_convert_links_to_buttons,html_swap_password_input,html_add_dummy_script,html_convert_links_to_buttons,html_add_iframe,html_add_benign_text,html_add_massive_benign_text,html_paraphrase_credentials,html_obfuscate_text,html_obfuscate_text,url_remove_suspicious_keywords,html_add_cosmetic_div,html_add_cosmetic_div,html_obfuscate_text,html_obfuscate_form_action,url_remove_suspicious_keywords,html_convert_links_to_buttons,html_insert_benign_meta,html_prepend_massive_padding,html_swap_password_input,html_add_external_link,html_add_dummy_script,html_convert_links_to_buttons,url_remove_suspicious_keywords,html_add_massive_benign_text,html_insert_benign_meta,html_prepend_massive_padding",19.160810708999634,NONE,results\fast_track\html_samples\P_9_Hardened_V4_SimulatedAnnealing_adv.html
P_10,Hardened_V4,SimulatedAnnealing,FAILURE,50,11,0.9993717906048092,0.9993539891158112,0.95668272145249,0.9778988502143634,0.9927786958989946,0.9993539891158112,"url_remove_suspicious_keywords,html_add_massive_benign_text,url_remove_suspicious_keywords,html_insert_benign_meta,html_insert_benign_meta,html_insert_benign_meta,html_add_dummy_script,html_obfuscate_form_action,html_add_dummy_script,html_obfuscate_form_action,html_obfuscate_text",19.624852657318115,NONE,results\fast_track\html_samples\P_10_Hardened_V4_SimulatedAnnealing_adv.html
P_11,Hardened_V4,SimulatedAnnealing,FAILURE,50,12,0.9993911732500204,0.9974989495610758,0.7375130873654155,0.9806112523593943,0.9799563325067662,0.9974989495610758,"html_add_massive_benign_text,html_obfuscate_text,html_add_cosmetic_div,html_insert_benign_meta,html_prepend_massive_padding,html_add_external_link,html_obfuscate_form_action,html_add_massive_benign_text,url_remove_suspicious_keywords,html_obfuscate_text,html_add_benign_text,html_prepend_massive_padding",41.88180756568909,NONE,results\fast_track\html_samples\P_11_Hardened_V4_SimulatedAnnealing_adv.html
P_12,Hardened_V4,SimulatedAnnealing,FAILURE,50,45,0.9993389258639671,0.9988147780644242,0.9229300672387041,0.9327974556205411,0.991656983898337,0.9988147780644242,"html_swap_password_input,url_remove_suspicious_keywords,html_add_benign_text,html_add_benign_text,html_obfuscate_form_action,url_remove_suspicious_keywords,html_obfuscate_form_action,url_remove_suspicious_keywords,html_add_cosmetic_div,html_text_to_image,html_paraphrase_credentials,html_obfuscate_text,html_convert_links_to_buttons,html_add_dummy_script,url_remove_suspicious_keywords,html_insert_benign_meta,html_prepend_massive_padding,html_obfuscate_form_action,html_obfuscate_text,html_convert_links_to_buttons,html_add_massive_benign_text,html_add_dummy_script,html_add_external_link,html_add_dummy_script,html_add_dummy_script,html_add_massive_benign_text,html_convert_links_to_buttons,url_remove_suspicious_keywords,html_obfuscate_text,html_add_benign_text,html_add_external_link,html_prepend_massive_padding,html_add_cosmetic_div,html_add_cosmetic_div,html_obfuscate_text,html_swap_password_input,html_convert_links_to_buttons,html_add_iframe,html_add_dummy_script,html_add_iframe,html_add_external_link,html_convert_links_to_buttons,html_insert_benign_meta,html_obfuscate_form_action,html_prepend_massive_padding",12.364250659942627,NONE,results\fast_track\html_samples\P_12_Hardened_V4_SimulatedAnnealing_adv.html
P_13,Hardened_V4,SimulatedAnnealing,FAILURE,50,34,0.9994062344027416,0.9989968101001311,0.9480398421804616,0.9338146237991233,0.9937167255077738,0.9989968101001311,"html_obfuscate_form_action,html_insert_benign_meta,html_add_dummy_script,html_add_dummy_script,html_add_cosmetic_div,html_add_benign_text,html_add_iframe,html_add_iframe,html_add_external_link,html_add_iframe,html_prepend_massive_padding,html_obfuscate_text,html_insert_benign_meta,url_remove_suspicious_keywords,html_add_external_link,html_add_cosmetic_div,html_obfuscate_form_action,html_add_benign_text,html_swap_password_input,html_add_external_link,html_swap_password_input,html_add_massive_benign_text,html_obfuscate_form_action,html_obfuscate_form_action,url_remove_suspicious_keywords,html_paraphrase_credentials,html_add_massive_benign_text,html_insert_benign_meta,html_convert_links_to_buttons,html_obfuscate_text,html_add_massive_benign_text,html_add_massive_benign_text,html_insert_benign_meta,html_prepend_massive_padding",21.954537868499756,NONE,results\fast_track\html_samples\P_13_Hardened_V4_SimulatedAnnealing_adv.html
P_14,Hardened_V4,SimulatedAnnealing,FAILURE,50,11,0.9994728675281361,0.999436801630262,0.9594271915184122,0.9916001230319171,0.9913851341279413,0.999436801630262,"url_remove_suspicious_keywords,html_swap_password_input,html_add_iframe,html_add_massive_benign_text,url_remove_suspicious_keywords,html_add_external_link,html_add_benign_text,html_swap_password_input,html_add_dummy_script,html_text_to_image,html_prepend_massive_padding",23.58020305633545,NONE,results\fast_track\html_samples\P_14_Hardened_V4_SimulatedAnnealing_adv.html
P_15,Hardened_V4,SimulatedAnnealing,FAILURE,50,0,0.9955067098095364,0.9955067098095364,0.6680819965009288,0.9633773588942637,0.8524398341470829,0.9955067098095364,,94.46588635444641,NONE,results\fast_track\html_samples\P_15_Hardened_V4_SimulatedAnnealing_adv.html
P_16,Hardened_V4,SimulatedAnnealing,FAILURE,50,23,0.9994364483999209,0.9988499351045332,0.9500673556689149,0.9167399862857784,0.9937787704302337,0.9988499351045332,"html_add_dummy_script,html_add_cosmetic_div,html_prepend_massive_padding,html_add_external_link,html_add_benign_text,html_swap_password_input,html_add_cosmetic_div,html_add_iframe,html_swap_password_input,html_insert_benign_meta,html_add_massive_benign_text,html_add_external_link,url_remove_suspicious_keywords,html_obfuscate_text,html_obfuscate_text,html_add_massive_benign_text,html_obfuscate_text,html_convert_links_to_buttons,html_insert_benign_meta,html_add_iframe,html_prepend_massive_padding,html_add_dummy_script,html_prepend_massive_padding",22.89499306678772,NONE,results\fast_track\html_samples\P_16_Hardened_V4_SimulatedAnnealing_adv.html
P_17,Hardened_V4,SimulatedAnnealing,FAILURE,50,41,0.9990601347059936,0.9984099016192887,0.8677128979067655,0.9388738913931817,0.9906839067454312,0.9984099016192887,"html_obfuscate_text,html_convert_links_to_buttons,html_add_external_link,html_paraphrase_credentials,html_add_benign_text,html_swap_password_input,html_add_benign_text,html_add_benign_text,html_add_benign_text,html_obfuscate_form_action,html_insert_benign_meta,html_add_cosmetic_div,html_add_dummy_script,html_add_benign_text,html_insert_benign_meta,html_add_dummy_script,html_insert_benign_meta,html_add_benign_text,html_convert_links_to_buttons,html_add_benign_text,html_convert_links_to_buttons,html_add_iframe,html_add_benign_text,html_text_to_image,html_swap_password_input,html_add_benign_text,html_add_external_link,html_swap_password_input,html_insert_benign_meta,url_remove_suspicious_keywords,html_add_cosmetic_div,html_add_external_link,html_obfuscate_text,html_insert_benign_meta,html_add_benign_text,html_convert_links_to_buttons,url_remove_suspicious_keywords,html_obfuscate_text,html_text_to_image,html_swap_password_input,html_add_external_link",11.75717568397522,NONE,results\fast_track\html_samples\P_17_Hardened_V4_SimulatedAnnealing_adv.html
P_18,Hardened_V4,SimulatedAnnealing,FAILURE,50,25,0.9957880843061255,0.9942917618816878,0.6489520534767863,0.9496574559849965,0.6281234324769289,0.9942917618816878,"url_remove_suspicious_keywords,html_add_dummy_script,html_swap_password_input,html_add_cosmetic_div,html_paraphrase_credentials,html_insert_benign_meta,html_add_dummy_script,html_add_cosmetic_div,html_add_cosmetic_div,html_obfuscate_text,html_obfuscate_form_action,html_add_benign_text,html_obfuscate_form_action,html_add_cosmetic_div,html_obfuscate_text,html_add_dummy_script,html_add_iframe,html_text_to_image,html_add_massive_benign_text,html_insert_benign_meta,html_obfuscate_form_action,html_obfuscate_form_action,html_insert_benign_meta,html_add_cosmetic_div,html_prepend_massive_padding",45.66427731513977,NONE,results\fast_track\html_samples\P_18_Hardened_V4_SimulatedAnnealing_adv.html
P_19,Hardened_V4,SimulatedAnnealing,FAILURE,50,31,0.9993808698919405,0.9988837924789716,0.9388175728770087,0.9282393701681144,0.993706841850612,0.9988837924789716,"html_add_cosmetic_div,html_add_external_link,html_paraphrase_credentials,html_add_benign_text,html_add_cosmetic_div,url_remove_suspicious_keywords,html_add_benign_text,url_remove_suspicious_keywords,html_add_massive_benign_text,url_remove_suspicious_keywords,html_add_external_link,html_add_dummy_script,html_add_cosmetic_div,html_obfuscate_form_action,html_swap_password_input,html_add_benign_text,html_add_external_link,html_convert_links_to_buttons,html_add_iframe,html_add_massive_benign_text,html_add_benign_text,html_prepend_massive_padding,url_remove_suspicious_keywords,html_insert_benign_meta,html_add_iframe,html_insert_benign_meta,html_obfuscate_form_action,html_add_iframe,html_swap_password_input,url_remove_suspicious_keywords,html_obfuscate_text",13.605279922485352,NONE,results\fast_track\html_samples\P_19_Hardened_V4_SimulatedAnnealing_adv.html
P_20,Hardened_V4,SimulatedAnnealing,FAILURE,50,5,0.9994387060525278,0.9982978541396121,0.9528556429835048,0.8699061862084614,0.9941568062995291,0.9982978541396121,"html_paraphrase_credentials,html_prepend_massive_padding,html_add_massive_benign_text,html_convert_links_to_buttons,html_prepend_massive_padding",17.190266132354736,NONE,results\fast_track\html_samples\P_20_Hardened_V4_SimulatedAnnealing_adv.html
P_21,Hardened_V4,SimulatedAnnealing,FAILURE,50,1,0.9993577008413601,0.9992961055071369,0.9499275890598949,0.9729480588125733,0.9929166144284639,0.9992961055071369,html_convert_links_to_buttons,25.884679317474365,NONE,results\fast_track\html_samples\P_21_Hardened_V4_SimulatedAnnealing_adv.html
P_22,Hardened_V4,SimulatedAnnealing,FAILURE,50,40,0.9990782768044056,0.998766264782618,0.8738485038522642,0.9634792591449581,0.9429032059391431,0.998766264782618,"html_add_external_link,html_add_cosmetic_div,html_add_dummy_script,html_swap_password_input,html_add_external_link,html_add_cosmetic_div,html_add_dummy_script,html_add_cosmetic_div,html_prepend_massive_padding,html_convert_links_to_buttons,html_swap_password_input,html_add_cosmetic_div,html_add_dummy_script,html_obfuscate_form_action,html_add_cosmetic_div,html_obfuscate_text,html_swap_password_input,html_add_dummy_script,html_add_massive_benign_text,html_add_external_link,html_insert_benign_meta,url_remove_suspicious_keywords,html_add_iframe,html_add_massive_benign_text,html_add_benign_text,html_add_dummy_script,html_convert_links_to_buttons,html_obfuscate_form_action,html_add_iframe,html_add_massive_benign_text,html_add_dummy_script,html_swap_password_input,html_add_dummy_script,html_add_iframe,html_add_iframe,html_add_external_link,html_add_benign_text,html_obfuscate_text,html_obfuscate_form_action,html_prepend_massive_padding",30.36977243423462,NONE,results\fast_track\html_samples\P_22_Hardened_V4_SimulatedAnnealing_adv.html
P_23,Hardened_V4,SimulatedAnnealing,FAILURE,50,5,0.9981086850270343,0.9971554555503452,0.8293703723350069,0.899873084254763,0.9877643585563848,0.9971554555503452,"html_obfuscate_form_action,html_paraphrase_credentials,html_insert_benign_meta,html_obfuscate_form_action,html_prepend_massive_padding",27.23858380317688,NONE,results\fast_track\html_samples\P_23_Hardened_V4_SimulatedAnnealing_adv.html
P_24,Hardened_V4,SimulatedAnnealing,FAILURE,50,24,0.9988380752423273,0.9986882837822886,0.9562342778238851,0.8972733575346242,0.9932574740025596,0.9986882837822886,"html_insert_benign_meta,html_swap_password_input,html_add_massive_benign_text,html_add_cosmetic_div,html_add_massive_benign_text,html_add_benign_text,html_add_cosmetic_div,html_obfuscate_text,html_add_external_link,html_insert_benign_meta,html_obfuscate_form_action,html_obfuscate_text,html_add_cosmetic_div,html_prepend_massive_padding,url_remove_suspicious_keywords,html_add_iframe,html_insert_benign_meta,html_obfuscate_form_action,html_add_benign_text,html_add_external_link,html_insert_benign_meta,html_add_massive_benign_text,html_convert_links_to_buttons,html_prepend_massive_padding",16.01690936088562,NONE,results\fast_track\html_samples\P_24_Hardened_V4_SimulatedAnnealing_adv.html
P_0,Hardened_V4,MCTS,FAILURE,50,1,0.9994571664004794,0.9994308933966176,0.9541627944574355,0.9941906365077459,0.9944853908026918,0.9994308933966176,html_prepend_massive_padding,9.25357699394226,NONE,results\fast_track\html_samples\P_0_Hardened_V4_MCTS_adv.html
P_1,Hardened_V4,MCTS,FAILURE,50,3,0.9697513297973688,0.9321080936474748,0.3113206722150495,0.9021775174141566,0.8711186538643436,0.9321080936474748,"html_add_cosmetic_div,html_add_external_link,html_prepend_massive_padding",14.44835901260376,NONE,results\fast_track\html_samples\P_1_Hardened_V4_MCTS_adv.html
P_2,Hardened_V4,MCTS,FAILURE,50,3,0.9989734524923723,0.9988525682688922,0.936755070467686,0.9265676410512722,0.9919942362111076,0.9988525682688922,"html_obfuscate_form_action,html_convert_links_to_buttons,url_remove_suspicious_keywords",21.409225463867188,NONE,results\fast_track\html_samples\P_2_Hardened_V4_MCTS_adv.html
P_3,Hardened_V4,MCTS,FAILURE,50,2,0.9993645242210274,0.9966922452723181,0.9456482450765136,0.7990417015311283,0.9939266616509187,0.9966922452723181,"html_obfuscate_form_action,html_prepend_massive_padding",17.011611223220825,NONE,results\fast_track\html_samples\P_3_Hardened_V4_MCTS_adv.html
P_4,Hardened_V4,MCTS,FAILURE,50,4,0.9973395881079229,0.9957928051480401,0.740929845249318,0.9185767520874244,0.9703366060966053,0.9957928051480401,"html_obfuscate_text,html_add_iframe,html_insert_benign_meta,html_prepend_massive_padding",17.672429084777832,NONE,results\fast_track\html_samples\P_4_Hardened_V4_MCTS_adv.html
P_5,Hardened_V4,MCTS,FAILURE,50,2,0.8627392576771673,0.8121107379845549,0.1081375047442472,0.9162115205327918,0.23663558865858259,0.8121107379845549,"html_convert_links_to_buttons,url_remove_suspicious_keywords",55.1350040435791,NONE,results\fast_track\html_samples\P_5_Hardened_V4_MCTS_adv.html
P_6,Hardened_V4,MCTS,FAILURE,50,0,0.9959214907079207,0.9959214907079207,0.9340399431674942,0.7833780002182714,0.9768717718769611,0.9959214907079207,,9.36254072189331,NONE,results\fast_track\html_samples\P_6_Hardened_V4_MCTS_adv.html
P_7,Hardened_V4,MCTS,FAILURE,50,2,0.9990728809014315,0.9990370245581541,0.933782269287871,0.948735488317481,0.9934365767706262,0.9990370245581541,"html_add_cosmetic_div,url_remove_suspicious_keywords",21.00408673286438,NONE,results\fast_track\html_samples\P_7_Hardened_V4_MCTS_adv.html
P_8,Hardened_V4,MCTS,FAILURE,50,3,0.9954090293894542,0.9952020736031686,0.6425123279084425,0.9742255412118063,0.9602464369975691,0.9952020736031686,"html_convert_links_to_buttons,html_swap_password_input,url_remove_suspicious_keywords",13.009268999099731,NONE,results\fast_track\html_samples\P_8_Hardened_V4_MCTS_adv.html
P_9,Hardened_V4,MCTS,FAILURE,50,2,0.999127950299535,0.9917250890491567,0.914353247759056,0.7162591446126156,0.9903096861809355,0.9917250890491567,"html_obfuscate_text,html_prepend_massive_padding",14.034123659133911,NONE,results\fast_track\html_samples\P_9_Hardened_V4_MCTS_adv.html
P_10,Hardened_V4,MCTS,FAILURE,50,2,0.9993717906048092,0.9993216513429116,0.956221183500142,0.9726496161542892,0.993156335815132,0.9993216513429116,"html_paraphrase_credentials,html_convert_links_to_buttons",14.480022668838501,NONE,results\fast_track\html_samples\P_10_Hardened_V4_MCTS_adv.html
P_11,Hardened_V4,MCTS,FAILURE,50,4,0.9993911732500204,0.9975236735097304,0.7375130873654155,0.9817484270464335,0.98000839914735,0.9975236735097304,"html_prepend_massive_padding,url_remove_suspicious_keywords,html_add_dummy_script,html_prepend_massive_padding",34.65125823020935,NONE,results\fast_track\html_samples\P_11_Hardened_V4_MCTS_adv.html
P_12,Hardened_V4,MCTS,FAILURE,50,1,0.9993389258639671,0.9990832841218598,0.9236516206961277,0.9616413890323723,0.9933993785364034,0.9990832841218598,html_prepend_massive_padding,7.859022378921509,NONE,results\fast_track\html_samples\P_12_Hardened_V4_MCTS_adv.html
P_13,Hardened_V4,MCTS,FAILURE,50,2,0.9994062344027416,0.9991581372520096,0.9487758111626866,0.9533228081885594,0.994136937877138,0.9991581372520096,"html_obfuscate_text,html_prepend_massive_padding",15.674224615097046,NONE,results\fast_track\html_samples\P_13_Hardened_V4_MCTS_adv.html
P_14,Hardened_V4,MCTS,FAILURE,50,2,0.9994728675281361,0.9994341769082699,0.9595136218082535,0.99100682630225,0.9911269156141664,0.9994341769082699,"html_obfuscate_text,html_prepend_massive_padding",15.448224306106567,NONE,results\fast_track\html_samples\P_14_Hardened_V4_MCTS_adv.html
P_15,Hardened_V4,MCTS,FAILURE,50,0,0.9955067098095364,0.9955067098095364,0.6680819965009288,0.9633773588942637,0.8524398341470829,0.9955067098095364,,74.24357438087463,NONE,results\fast_track\html_samples\P_15_Hardened_V4_MCTS_adv.html
P_16,Hardened_V4,MCTS,FAILURE,50,3,0.9994364483999209,0.9986434256466408,0.9504514071376668,0.8975840606695283,0.994186693573486,0.9986434256466408,"html_insert_benign_meta,html_prepend_massive_padding,html_prepend_massive_padding",13.320979118347168,NONE,results\fast_track\html_samples\P_16_Hardened_V4_MCTS_adv.html
P_17,Hardened_V4,MCTS,FAILURE,50,3,0.9990601347059936,0.9980016345790723,0.868381200613736,0.9122527567218267,0.9915163643266834,0.9980016345790723,"html_add_dummy_script,html_text_to_image,html_prepend_massive_padding",9.344003677368164,NONE,results\fast_track\html_samples\P_17_Hardened_V4_MCTS_adv.html
P_18,Hardened_V4,MCTS,FAILURE,50,2,0.9957880843061255,0.9926098544469808,0.6402361305987009,0.9262412482122775,0.6952247899585646,0.9926098544469808,"html_add_iframe,html_prepend_massive_padding",35.447481632232666,NONE,results\fast_track\html_samples\P_18_Hardened_V4_MCTS_adv.html
P_19,Hardened_V4,MCTS,FAILURE,50,4,0.9993808698919405,0.9986335335477565,0.958605215385051,0.8908943747424557,0.9946644455107011,0.9986335335477565,"html_add_benign_text,html_add_iframe,html_add_external_link,html_prepend_massive_padding",8.981144428253174,NONE,results\fast_track\html_samples\P_19_Hardened_V4_MCTS_adv.html
P_20,Hardened_V4,MCTS,FAILURE,50,4,0.9994387060525278,0.9979038234318524,0.9528556429835048,0.8460857223815408,0.9939887938316166,0.9979038234318524,"html_obfuscate_text,html_prepend_massive_padding,html_add_massive_benign_text,html_prepend_massive_padding",9.964523792266846,NONE,results\fast_track\html_samples\P_20_Hardened_V4_MCTS_adv.html
P_21,Hardened_V4,MCTS,FAILURE,50,1,0.9993577008413601,0.9992247578056115,0.9499275890598949,0.9619160639221346,0.9929166144284639,0.9992247578056115,html_prepend_massive_padding,20.19507098197937,NONE,results\fast_track\html_samples\P_21_Hardened_V4_MCTS_adv.html
P_22,Hardened_V4,MCTS,FAILURE,50,3,0.9990782768044056,0.9982935341470458,0.8737543623992535,0.9264550008468457,0.9902991987428491,0.9982935341470458,"html_swap_password_input,html_swap_password_input,html_prepend_massive_padding",22.467673778533936,NONE,results\fast_track\html_samples\P_22_Hardened_V4_MCTS_adv.html
P_23,Hardened_V4,MCTS,FAILURE,50,2,0.9981086850270343,0.9965278972106589,0.8214589667269864,0.8827231413806167,0.9847702090130537,0.9965278972106589,"html_convert_links_to_buttons,url_remove_suspicious_keywords",18.755037307739258,NONE,results\fast_track\html_samples\P_23_Hardened_V4_MCTS_adv.html
P_24,Hardened_V4,MCTS,FAILURE,50,4,0.9988380752423273,0.9986491039987329,0.9561441021874941,0.8939731300938464,0.9938748803317673,0.9986491039987329,"html_add_cosmetic_div,html_obfuscate_text,html_add_iframe,html_prepend_massive_padding",10.492581844329834,NONE,results\fast_track\html_samples\P_24_Hardened_V4_MCTS_adv.html
